timestamp,station_id,temperature,pressure,humidity,anomaly,anomaly_type
2025-01-01 00:00:00+00:00,LUCKNOW_001,11.6,1004.5,87.0,False,NORMAL
2025-01-01 01:00:00+00:00,LUCKNOW_001,11.8,1004.9,86.0,False,NORMAL
2025-01-01 02:00:00+00:00,LUCKNOW_001,11.9,1005.4,85.0,False,NORMAL
2025-01-01 03:00:00+00:00,LUCKNOW_001,12.5,1006.1,81.0,False,NORMAL
2025-01-01 04:00:00+00:00,LUCKNOW_001,12.5,1006.7,80.0,False,NORMAL
2025-01-01 05:00:00+00:00,LUCKNOW_001,14.0,1006.6,69.0,False,NORMAL
2025-01-01 06:00:00+00:00,LUCKNOW_001,14.5,1006.2,66.0,False,NORMAL
2025-01-01 07:00:00+00:00,LUCKNOW_001,14.4,1005.2,65.0,False,NORMAL
2025-01-01 08:00:00+00:00,LUCKNOW_001,16.0,1004.4,61.0,False,NORMAL
2025-01-01 09:00:00+00:00,LUCKNOW_001,16.4,1003.3,61.0,False,NORMAL
2025-01-01 10:00:00+00:00,LUCKNOW_001,14.6,1003.0,69.0,False,NORMAL
2025-01-01 11:00:00+00:00,LUCKNOW_001,14.6,1002.5,70.0,False,NORMAL
2025-01-01 12:00:00+00:00,LUCKNOW_001,13.9,1003.0,75.0,False,NORMAL
2025-01-01 13:00:00+00:00,LUCKNOW_001,13.5,1003.9,77.0,False,NORMAL
2025-01-01 14:00:00+00:00,LUCKNOW_001,12.7,1004.2,80.0,False,NORMAL
2025-01-01 15:00:00+00:00,LUCKNOW_001,11.3,1004.4,88.0,False,NORMAL
2025-01-01 16:00:00+00:00,LUCKNOW_001,10.7,1004.3,90.0,False,NORMAL
2025-01-01 17:00:00+00:00,LUCKNOW_001,9.8,1004.0,93.0,False,NORMAL
2025-01-01 18:00:00+00:00,LUCKNOW_001,10.1,1003.8,93.0,False,NORMAL
2025-01-01 19:00:00+00:00,LUCKNOW_001,9.8,1003.6,93.0,False,NORMAL
2025-01-01 20:00:00+00:00,LUCKNOW_001,9.4,1003.0,94.0,False,NORMAL
2025-01-01 21:00:00+00:00,LUCKNOW_001,9.2,1002.8,94.0,False,NORMAL
2025-01-01 22:00:00+00:00,LUCKNOW_001,9.5,1002.8,93.0,False,NORMAL
2025-01-01 23:00:00+00:00,LUCKNOW_001,9.7,1003.3,93.0,False,NORMAL
2025-01-02 00:00:00+00:00,LUCKNOW_001,10.3,1003.3,91.0,False,NORMAL
2025-01-02 01:00:00+00:00,LUCKNOW_001,10.1,1003.8,91.0,False,NORMAL
2025-01-02 02:00:00+00:00,LUCKNOW_001,10.5,1004.5,89.0,False,NORMAL
2025-01-02 03:00:00+00:00,LUCKNOW_001,10.7,1005.2,88.0,False,NORMAL
2025-01-02 04:00:00+00:00,LUCKNOW_001,10.9,1005.8,89.0,False,NORMAL
2025-01-02 05:00:00+00:00,LUCKNOW_001,13.8,1006.0,82.0,False,NORMAL
2025-01-02 06:00:00+00:00,LUCKNOW_001,14.5,1005.7,77.0,False,NORMAL
2025-01-02 07:00:00+00:00,LUCKNOW_001,14.8,1004.7,75.0,False,NORMAL
2025-01-02 08:00:00+00:00,LUCKNOW_001,17.3,1003.9,65.0,False,NORMAL
2025-01-02 09:00:00+00:00,LUCKNOW_001,17.6,1003.3,64.0,False,NORMAL
2025-01-02 10:00:00+00:00,LUCKNOW_001,15.1,1002.9,77.0,False,NORMAL
2025-01-02 11:00:00+00:00,LUCKNOW_001,14.9,1003.1,76.0,False,NORMAL
2025-01-02 12:00:00+00:00,LUCKNOW_001,14.2,1003.2,82.0,False,NORMAL
2025-01-02 13:00:00+00:00,LUCKNOW_001,13.3,1003.5,87.0,False,NORMAL
2025-01-02 14:00:00+00:00,LUCKNOW_001,12.7,1004.1,88.0,False,NORMAL
2025-01-02 15:00:00+00:00,LUCKNOW_001,11.2,1004.3,92.0,False,NORMAL
2025-01-02 16:00:00+00:00,LUCKNOW_001,11.0,1004.2,93.0,False,NORMAL
2025-01-02 17:00:00+00:00,LUCKNOW_001,10.6,1004.2,94.0,False,NORMAL
2025-01-02 18:00:00+00:00,LUCKNOW_001,10.3,1003.9,94.0,False,NORMAL
2025-01-02 19:00:00+00:00,LUCKNOW_001,10.4,1003.7,93.0,False,NORMAL
2025-01-02 20:00:00+00:00,LUCKNOW_001,10.5,1003.3,93.0,False,NORMAL
2025-01-02 21:00:00+00:00,LUCKNOW_001,10.4,1003.2,94.0,False,NORMAL
2025-01-02 22:00:00+00:00,LUCKNOW_001,8.4,1003.3,98.0,False,NORMAL
2025-01-02 23:00:00+00:00,LUCKNOW_001,8.6,1003.3,98.0,False,NORMAL
2025-01-03 00:00:00+00:00,LUCKNOW_001,9.3,1003.6,96.0,False,NORMAL
2025-01-03 01:00:00+00:00,LUCKNOW_001,9.7,1004.2,96.0,False,NORMAL
2025-01-03 02:00:00+00:00,LUCKNOW_001,9.5,1004.9,98.0,False,NORMAL
2025-01-03 03:00:00+00:00,LUCKNOW_001,9.9,1005.7,99.0,False,NORMAL
2025-01-03 04:00:00+00:00,LUCKNOW_001,9.9,1006.3,99.0,False,NORMAL
2025-01-03 05:00:00+00:00,LUCKNOW_001,11.9,1006.6,93.0,False,NORMAL
2025-01-03 06:00:00+00:00,LUCKNOW_001,12.7,1006.1,85.0,False,NORMAL
2025-01-03 07:00:00+00:00,LUCKNOW_001,14.1,1005.0,80.0,False,NORMAL
2025-01-03 08:00:00+00:00,LUCKNOW_001,16.9,1003.8,71.0,False,NORMAL
2025-01-03 09:00:00+00:00,LUCKNOW_001,17.6,1002.8,68.0,False,NORMAL
2025-01-03 10:00:00+00:00,LUCKNOW_001,14.9,1002.6,80.0,False,NORMAL
2025-01-03 11:00:00+00:00,LUCKNOW_001,14.8,1002.5,78.0,False,NORMAL
2025-01-03 12:00:00+00:00,LUCKNOW_001,13.7,1002.4,84.0,False,NORMAL
2025-01-03 13:00:00+00:00,LUCKNOW_001,13.7,1002.5,84.0,False,NORMAL
2025-01-03 14:00:00+00:00,LUCKNOW_001,13.6,1002.9,83.0,False,NORMAL
2025-01-03 15:00:00+00:00,LUCKNOW_001,13.0,1003.0,86.0,False,NORMAL
2025-01-03 16:00:00+00:00,LUCKNOW_001,12.7,1003.3,88.0,False,NORMAL
2025-01-03 17:00:00+00:00,LUCKNOW_001,12.3,1003.4,90.0,False,NORMAL
2025-01-03 18:00:00+00:00,LUCKNOW_001,12.2,1003.0,91.0,False,NORMAL
2025-01-03 19:00:00+00:00,LUCKNOW_001,12.1,1002.7,92.0,False,NORMAL
2025-01-03 20:00:00+00:00,LUCKNOW_001,12.0,1002.4,93.0,False,NORMAL
2025-01-03 21:00:00+00:00,LUCKNOW_001,12.2,1002.2,94.0,False,NORMAL
2025-01-03 22:00:00+00:00,LUCKNOW_001,10.6,1002.5,99.0,False,NORMAL
2025-01-03 23:00:00+00:00,LUCKNOW_001,9.4,1002.4,100.0,False,NORMAL
2025-01-04 00:00:00+00:00,LUCKNOW_001,9.2,1002.2,98.0,False,NORMAL
2025-01-04 01:00:00+00:00,LUCKNOW_001,9.5,1002.9,97.0,False,NORMAL
2025-01-04 02:00:00+00:00,LUCKNOW_001,9.9,1003.6,96.0,False,NORMAL
2025-01-04 03:00:00+00:00,LUCKNOW_001,9.5,1004.3,98.0,False,NORMAL
2025-01-04 04:00:00+00:00,LUCKNOW_001,9.5,1004.8,100.0,False,NORMAL
2025-01-04 05:00:00+00:00,LUCKNOW_001,11.6,1005.1,95.0,False,NORMAL
2025-01-04 06:00:00+00:00,LUCKNOW_001,12.6,1004.8,89.0,False,NORMAL
2025-01-04 07:00:00+00:00,LUCKNOW_001,13.4,1003.9,84.0,False,NORMAL
2025-01-04 08:00:00+00:00,LUCKNOW_001,15.7,1002.8,76.0,False,NORMAL
2025-01-04 09:00:00+00:00,LUCKNOW_001,16.0,1001.8,74.0,False,NORMAL
2025-01-04 10:00:00+00:00,LUCKNOW_001,14.1,1001.4,84.0,False,NORMAL
2025-01-04 11:00:00+00:00,LUCKNOW_001,14.1,1001.1,81.0,False,NORMAL
2025-01-04 12:00:00+00:00,LUCKNOW_001,14.6,1001.2,80.0,False,NORMAL
2025-01-04 13:00:00+00:00,LUCKNOW_001,13.2,1001.7,86.0,False,NORMAL
2025-01-04 14:00:00+00:00,LUCKNOW_001,12.1,1002.3,89.0,False,NORMAL
2025-01-04 15:00:00+00:00,LUCKNOW_001,9.8,1002.8,97.0,False,NORMAL
2025-01-04 16:00:00+00:00,LUCKNOW_001,9.4,1002.8,97.0,False,NORMAL
2025-01-04 17:00:00+00:00,LUCKNOW_001,9.0,1002.8,99.0,False,NORMAL
2025-01-04 18:00:00+00:00,LUCKNOW_001,9.3,1002.7,98.0,False,NORMAL
2025-01-04 19:00:00+00:00,LUCKNOW_001,9.0,1002.1,97.0,False,NORMAL
2025-01-04 20:00:00+00:00,LUCKNOW_001,9.0,1002.0,98.0,False,NORMAL
2025-01-04 21:00:00+00:00,LUCKNOW_001,9.5,1001.8,97.0,False,NORMAL
2025-01-04 22:00:00+00:00,LUCKNOW_001,8.9,1002.1,99.0,False,NORMAL
2025-01-04 23:00:00+00:00,LUCKNOW_001,8.6,1001.9,99.0,False,NORMAL
2025-01-05 00:00:00+00:00,LUCKNOW_001,9.3,1002.1,97.0,False,NORMAL
2025-01-05 01:00:00+00:00,LUCKNOW_001,9.1,1003.1,98.0,False,NORMAL
2025-01-05 02:00:00+00:00,LUCKNOW_001,9.8,1003.5,97.0,False,NORMAL
2025-01-05 03:00:00+00:00,LUCKNOW_001,9.8,1004.3,97.0,False,NORMAL
2025-01-05 04:00:00+00:00,LUCKNOW_001,9.7,1005.1,99.0,False,NORMAL
2025-01-05 05:00:00+00:00,LUCKNOW_001,11.5,1005.3,93.0,False,NORMAL
2025-01-05 06:00:00+00:00,LUCKNOW_001,12.2,1004.8,90.0,False,NORMAL
2025-01-05 07:00:00+00:00,LUCKNOW_001,12.2,1003.7,89.0,False,NORMAL
2025-01-05 08:00:00+00:00,LUCKNOW_001,14.4,1002.9,82.0,False,NORMAL
2025-01-05 09:00:00+00:00,LUCKNOW_001,14.7,1002.1,78.0,False,NORMAL
2025-01-05 10:00:00+00:00,LUCKNOW_001,13.6,1002.2,89.0,False,NORMAL
2025-01-05 11:00:00+00:00,LUCKNOW_001,13.9,1001.9,87.0,False,NORMAL
2025-01-05 12:00:00+00:00,LUCKNOW_001,13.7,1001.9,90.0,False,NORMAL
2025-01-05 13:00:00+00:00,LUCKNOW_001,13.6,1002.1,90.0,False,NORMAL
2025-01-05 14:00:00+00:00,LUCKNOW_001,12.9,1002.6,92.0,False,NORMAL
2025-01-05 15:00:00+00:00,LUCKNOW_001,11.3,1002.7,96.0,False,NORMAL
2025-01-05 16:00:00+00:00,LUCKNOW_001,10.8,1002.9,97.0,False,NORMAL
2025-01-05 17:00:00+00:00,LUCKNOW_001,10.4,1002.9,97.0,False,NORMAL
2025-01-05 18:00:00+00:00,LUCKNOW_001,10.3,1002.7,97.0,False,NORMAL
2025-01-05 19:00:00+00:00,LUCKNOW_001,10.0,1002.3,97.0,False,NORMAL
2025-01-05 20:00:00+00:00,LUCKNOW_001,10.1,1001.7,97.0,False,NORMAL
2025-01-05 21:00:00+00:00,LUCKNOW_001,10.0,1001.6,98.0,False,NORMAL
2025-01-05 22:00:00+00:00,LUCKNOW_001,9.0,1001.1,99.0,False,NORMAL
2025-01-05 23:00:00+00:00,LUCKNOW_001,9.6,1001.1,99.0,False,NORMAL
2025-01-06 00:00:00+00:00,LUCKNOW_001,10.0,1001.4,98.0,False,NORMAL
2025-01-06 01:00:00+00:00,LUCKNOW_001,10.3,1002.2,98.0,False,NORMAL
2025-01-06 02:00:00+00:00,LUCKNOW_001,10.8,1002.7,97.0,False,NORMAL
2025-01-06 03:00:00+00:00,LUCKNOW_001,11.1,1003.7,98.0,False,NORMAL
2025-01-06 04:00:00+00:00,LUCKNOW_001,10.8,1004.1,100.0,False,NORMAL
2025-01-06 05:00:00+00:00,LUCKNOW_001,13.0,1004.5,96.0,False,NORMAL
2025-01-06 06:00:00+00:00,LUCKNOW_001,15.2,1003.8,82.0,False,NORMAL
2025-01-06 07:00:00+00:00,LUCKNOW_001,15.7,1002.8,79.0,False,NORMAL
2025-01-06 08:00:00+00:00,LUCKNOW_001,17.8,1002.1,73.0,False,NORMAL
2025-01-06 09:00:00+00:00,LUCKNOW_001,18.0,1001.1,72.0,False,NORMAL
2025-01-06 10:00:00+00:00,LUCKNOW_001,16.0,1000.9,80.0,False,NORMAL
2025-01-06 11:00:00+00:00,LUCKNOW_001,16.0,1000.6,79.0,False,NORMAL
2025-01-06 12:00:00+00:00,LUCKNOW_001,15.0,1000.7,86.0,False,NORMAL
2025-01-06 13:00:00+00:00,LUCKNOW_001,15.2,1000.7,85.0,False,NORMAL
2025-01-06 14:00:00+00:00,LUCKNOW_001,14.4,1001.3,87.0,False,NORMAL
2025-01-06 15:00:00+00:00,LUCKNOW_001,13.0,1001.6,92.0,False,NORMAL
2025-01-06 16:00:00+00:00,LUCKNOW_001,12.7,1002.1,94.0,False,NORMAL
2025-01-06 17:00:00+00:00,LUCKNOW_001,12.2,1002.3,95.0,False,NORMAL
2025-01-06 18:00:00+00:00,LUCKNOW_001,11.9,1002.1,95.0,False,NORMAL
2025-01-06 19:00:00+00:00,LUCKNOW_001,11.9,1001.9,95.0,False,NORMAL
2025-01-06 20:00:00+00:00,LUCKNOW_001,11.7,1001.6,96.0,False,NORMAL
2025-01-06 21:00:00+00:00,LUCKNOW_001,11.8,1001.6,96.0,False,NORMAL
2025-01-06 22:00:00+00:00,LUCKNOW_001,11.3,1002.1,97.0,False,NORMAL
2025-01-06 23:00:00+00:00,LUCKNOW_001,11.2,1002.3,97.0,False,NORMAL
2025-01-07 00:00:00+00:00,LUCKNOW_001,11.9,1002.5,94.0,False,NORMAL
2025-01-07 01:00:00+00:00,LUCKNOW_001,12.0,1002.9,94.0,False,NORMAL
2025-01-07 02:00:00+00:00,LUCKNOW_001,12.3,1003.7,93.0,False,NORMAL
2025-01-07 03:00:00+00:00,LUCKNOW_001,12.5,1004.3,93.0,False,NORMAL
2025-01-07 04:00:00+00:00,LUCKNOW_001,12.4,1004.9,93.0,False,NORMAL
2025-01-07 05:00:00+00:00,LUCKNOW_001,13.6,1004.8,89.0,False,NORMAL
2025-01-07 06:00:00+00:00,LUCKNOW_001,14.7,1004.3,85.0,False,NORMAL
2025-01-07 07:00:00+00:00,LUCKNOW_001,14.8,1003.3,84.0,False,NORMAL
2025-01-07 08:00:00+00:00,LUCKNOW_001,16.0,1002.0,76.0,False,NORMAL
2025-01-07 09:00:00+00:00,LUCKNOW_001,16.4,1000.9,74.0,False,NORMAL
2025-01-07 10:00:00+00:00,LUCKNOW_001,15.1,1000.9,80.0,False,NORMAL
2025-01-07 11:00:00+00:00,LUCKNOW_001,15.1,1001.1,81.0,False,NORMAL
2025-01-07 12:00:00+00:00,LUCKNOW_001,15.1,1001.2,82.0,False,NORMAL
2025-01-07 13:00:00+00:00,LUCKNOW_001,15.0,1001.7,83.0,False,NORMAL
2025-01-07 14:00:00+00:00,LUCKNOW_001,14.5,1002.0,84.0,False,NORMAL
2025-01-07 15:00:00+00:00,LUCKNOW_001,12.7,1002.4,90.0,False,NORMAL
2025-01-07 16:00:00+00:00,LUCKNOW_001,12.6,1002.2,90.0,False,NORMAL
2025-01-07 17:00:00+00:00,LUCKNOW_001,12.4,1002.2,90.0,False,NORMAL
2025-01-07 18:00:00+00:00,LUCKNOW_001,12.3,1001.5,91.0,False,NORMAL
2025-01-07 19:00:00+00:00,LUCKNOW_001,12.1,1001.0,91.0,False,NORMAL
2025-01-07 20:00:00+00:00,LUCKNOW_001,11.7,1000.6,91.0,False,NORMAL
2025-01-07 21:00:00+00:00,LUCKNOW_001,11.5,1000.2,91.0,False,NORMAL
2025-01-07 22:00:00+00:00,LUCKNOW_001,10.6,1000.6,92.0,False,NORMAL
2025-01-07 23:00:00+00:00,LUCKNOW_001,10.4,1000.9,91.0,False,NORMAL
2025-01-08 00:00:00+00:00,LUCKNOW_001,11.1,1000.8,91.0,False,NORMAL
2025-01-08 01:00:00+00:00,LUCKNOW_001,11.2,1001.2,90.0,False,NORMAL
2025-01-08 02:00:00+00:00,LUCKNOW_001,11.4,1002.3,89.0,False,NORMAL
2025-01-08 03:00:00+00:00,LUCKNOW_001,11.8,1003.3,88.0,False,NORMAL
2025-01-08 04:00:00+00:00,LUCKNOW_001,12.0,1004.1,88.0,False,NORMAL
2025-01-08 05:00:00+00:00,LUCKNOW_001,14.9,1004.3,78.0,False,NORMAL
2025-01-08 06:00:00+00:00,LUCKNOW_001,15.7,1004.0,72.0,False,NORMAL
2025-01-08 07:00:00+00:00,LUCKNOW_001,15.8,1002.9,71.0,False,NORMAL
2025-01-08 08:00:00+00:00,LUCKNOW_001,17.6,1002.2,62.0,False,NORMAL
2025-01-08 09:00:00+00:00,LUCKNOW_001,17.9,1001.5,60.0,False,NORMAL
2025-01-08 10:00:00+00:00,LUCKNOW_001,15.7,1001.1,71.0,False,NORMAL
2025-01-08 11:00:00+00:00,LUCKNOW_001,15.7,1000.9,73.0,False,NORMAL
2025-01-08 12:00:00+00:00,LUCKNOW_001,16.9,1001.5,67.0,False,NORMAL
2025-01-08 13:00:00+00:00,LUCKNOW_001,16.9,1001.8,68.0,False,NORMAL
2025-01-08 14:00:00+00:00,LUCKNOW_001,15.7,1002.3,74.0,False,NORMAL
2025-01-08 15:00:00+00:00,LUCKNOW_001,12.5,1002.9,87.0,False,NORMAL
2025-01-08 16:00:00+00:00,LUCKNOW_001,11.7,1002.7,92.0,False,NORMAL
2025-01-08 17:00:00+00:00,LUCKNOW_001,10.7,1003.3,96.0,False,NORMAL
2025-01-08 18:00:00+00:00,LUCKNOW_001,10.1,1002.8,96.0,False,NORMAL
2025-01-08 19:00:00+00:00,LUCKNOW_001,9.8,1002.9,98.0,False,NORMAL
2025-01-08 20:00:00+00:00,LUCKNOW_001,9.2,1002.6,99.0,False,NORMAL
2025-01-08 21:00:00+00:00,LUCKNOW_001,9.3,1002.7,99.0,False,NORMAL
2025-01-08 22:00:00+00:00,LUCKNOW_001,8.1,1002.9,98.0,False,NORMAL
2025-01-08 23:00:00+00:00,LUCKNOW_001,7.9,1002.8,98.0,False,NORMAL
2025-01-09 00:00:00+00:00,LUCKNOW_001,8.7,1003.2,96.0,False,NORMAL
2025-01-09 01:00:00+00:00,LUCKNOW_001,8.3,1004.1,96.0,False,NORMAL
2025-01-09 02:00:00+00:00,LUCKNOW_001,9.1,1004.7,95.0,False,NORMAL
2025-01-09 03:00:00+00:00,LUCKNOW_001,10.1,1005.7,94.0,False,NORMAL
2025-01-09 04:00:00+00:00,LUCKNOW_001,10.9,1006.7,94.0,False,NORMAL
2025-01-09 05:00:00+00:00,LUCKNOW_001,16.2,1007.1,76.0,False,NORMAL
2025-01-09 06:00:00+00:00,LUCKNOW_001,17.6,1006.6,67.0,False,NORMAL
2025-01-09 07:00:00+00:00,LUCKNOW_001,17.9,1005.1,65.0,False,NORMAL
2025-01-09 08:00:00+00:00,LUCKNOW_001,19.5,1004.4,59.0,False,NORMAL
2025-01-09 09:00:00+00:00,LUCKNOW_001,19.7,1003.6,57.0,False,NORMAL
2025-01-09 10:00:00+00:00,LUCKNOW_001,17.4,1003.4,69.0,False,NORMAL
2025-01-09 11:00:00+00:00,LUCKNOW_001,17.4,1003.2,69.0,False,NORMAL
2025-01-09 12:00:00+00:00,LUCKNOW_001,18.0,1003.5,66.0,False,NORMAL
2025-01-09 13:00:00+00:00,LUCKNOW_001,17.1,1003.9,72.0,False,NORMAL
2025-01-09 14:00:00+00:00,LUCKNOW_001,14.9,1004.4,81.0,False,NORMAL
2025-01-09 15:00:00+00:00,LUCKNOW_001,11.9,1005.2,92.0,False,NORMAL
2025-01-09 16:00:00+00:00,LUCKNOW_001,11.6,1005.5,95.0,False,NORMAL
2025-01-09 17:00:00+00:00,LUCKNOW_001,10.4,1005.7,97.0,False,NORMAL
2025-01-09 18:00:00+00:00,LUCKNOW_001,10.9,1005.7,96.0,False,NORMAL
2025-01-09 19:00:00+00:00,LUCKNOW_001,10.2,1005.3,96.0,False,NORMAL
2025-01-09 20:00:00+00:00,LUCKNOW_001,9.2,1005.4,98.0,False,NORMAL
2025-01-09 21:00:00+00:00,LUCKNOW_001,8.9,1005.2,97.0,False,NORMAL
2025-01-09 22:00:00+00:00,LUCKNOW_001,7.1,1005.4,97.0,False,NORMAL
2025-01-09 23:00:00+00:00,LUCKNOW_001,6.9,1005.2,97.0,False,NORMAL
2025-01-10 00:00:00+00:00,LUCKNOW_001,7.4,1005.5,94.0,False,NORMAL
2025-01-10 01:00:00+00:00,LUCKNOW_001,7.3,1006.4,95.0,False,NORMAL
2025-01-10 02:00:00+00:00,LUCKNOW_001,7.5,1007.2,95.0,False,NORMAL
2025-01-10 03:00:00+00:00,LUCKNOW_001,7.9,1008.0,96.0,False,NORMAL
2025-01-10 04:00:00+00:00,LUCKNOW_001,9.4,1008.5,97.0,False,NORMAL
2025-01-10 05:00:00+00:00,LUCKNOW_001,16.0,1009.2,76.0,False,NORMAL
2025-01-10 06:00:00+00:00,LUCKNOW_001,17.9,1008.5,65.0,False,NORMAL
2025-01-10 07:00:00+00:00,LUCKNOW_001,18.1,1007.7,64.0,False,NORMAL
2025-01-10 08:00:00+00:00,LUCKNOW_001,20.4,1006.4,55.0,False,NORMAL
2025-01-10 09:00:00+00:00,LUCKNOW_001,20.4,1005.6,55.0,False,NORMAL
2025-01-10 10:00:00+00:00,LUCKNOW_001,18.1,1004.8,67.0,False,NORMAL
2025-01-10 11:00:00+00:00,LUCKNOW_001,18.1,1004.4,66.0,False,NORMAL
2025-01-10 12:00:00+00:00,LUCKNOW_001,17.9,1004.4,69.0,False,NORMAL
2025-01-10 13:00:00+00:00,LUCKNOW_001,17.0,1004.5,72.0,False,NORMAL
2025-01-10 14:00:00+00:00,LUCKNOW_001,14.9,1004.9,79.0,False,NORMAL
2025-01-10 15:00:00+00:00,LUCKNOW_001,11.8,1005.2,91.0,False,NORMAL
2025-01-10 16:00:00+00:00,LUCKNOW_001,11.1,1005.1,93.0,False,NORMAL
2025-01-10 17:00:00+00:00,LUCKNOW_001,9.9,1005.5,95.0,False,NORMAL
2025-01-10 18:00:00+00:00,LUCKNOW_001,9.9,1005.1,94.0,False,NORMAL
2025-01-10 19:00:00+00:00,LUCKNOW_001,9.8,1005.3,95.0,False,NORMAL
2025-01-10 20:00:00+00:00,LUCKNOW_001,9.5,1005.0,95.0,False,NORMAL
2025-01-10 21:00:00+00:00,LUCKNOW_001,9.6,1005.1,96.0,False,NORMAL
2025-01-10 22:00:00+00:00,LUCKNOW_001,7.6,1005.2,98.0,False,NORMAL
2025-01-10 23:00:00+00:00,LUCKNOW_001,7.3,1005.2,98.0,False,NORMAL
2025-01-11 00:00:00+00:00,LUCKNOW_001,7.8,1005.2,96.0,False,NORMAL
2025-01-11 01:00:00+00:00,LUCKNOW_001,8.0,1005.6,95.0,False,NORMAL
2025-01-11 02:00:00+00:00,LUCKNOW_001,8.8,1006.4,95.0,False,NORMAL
2025-01-11 03:00:00+00:00,LUCKNOW_001,9.4,1007.4,96.0,False,NORMAL
2025-01-11 04:00:00+00:00,LUCKNOW_001,10.5,1008.0,95.0,False,NORMAL
2025-01-11 05:00:00+00:00,LUCKNOW_001,16.6,1007.7,81.0,False,NORMAL
2025-01-11 06:00:00+00:00,LUCKNOW_001,19.1,1006.9,66.0,False,NORMAL
2025-01-11 07:00:00+00:00,LUCKNOW_001,19.4,1005.5,64.0,False,NORMAL
2025-01-11 08:00:00+00:00,LUCKNOW_001,21.6,1004.4,55.0,False,NORMAL
2025-01-11 09:00:00+00:00,LUCKNOW_001,22.1,1003.5,53.0,False,NORMAL
2025-01-11 10:00:00+00:00,LUCKNOW_001,19.1,1002.5,65.0,False,NORMAL
2025-01-11 11:00:00+00:00,LUCKNOW_001,19.1,1002.3,65.0,False,NORMAL
2025-01-11 12:00:00+00:00,LUCKNOW_001,18.3,1002.2,70.0,False,NORMAL
2025-01-11 13:00:00+00:00,LUCKNOW_001,17.5,1002.5,75.0,False,NORMAL
2025-01-11 14:00:00+00:00,LUCKNOW_001,16.0,1003.0,79.0,False,NORMAL
2025-01-11 15:00:00+00:00,LUCKNOW_001,14.0,1003.6,90.0,False,NORMAL
2025-01-11 16:00:00+00:00,LUCKNOW_001,13.4,1004.1,93.0,False,NORMAL
2025-01-11 17:00:00+00:00,LUCKNOW_001,12.5,1004.4,95.0,False,NORMAL
2025-01-11 18:00:00+00:00,LUCKNOW_001,12.8,1004.2,92.0,False,NORMAL
2025-01-11 19:00:00+00:00,LUCKNOW_001,13.2,1004.1,91.0,False,NORMAL
2025-01-11 20:00:00+00:00,LUCKNOW_001,13.4,1003.8,88.0,False,NORMAL
2025-01-11 21:00:00+00:00,LUCKNOW_001,13.6,1003.5,87.0,False,NORMAL
2025-01-11 22:00:00+00:00,LUCKNOW_001,13.2,1003.0,89.0,False,NORMAL
2025-01-11 23:00:00+00:00,LUCKNOW_001,12.9,1003.2,90.0,False,NORMAL
2025-01-12 00:00:00+00:00,LUCKNOW_001,13.2,1003.9,89.0,False,NORMAL
2025-01-12 01:00:00+00:00,LUCKNOW_001,12.3,1004.9,92.0,False,NORMAL
2025-01-12 02:00:00+00:00,LUCKNOW_001,13.2,1005.3,90.0,False,NORMAL
2025-01-12 03:00:00+00:00,LUCKNOW_001,13.3,1005.8,91.0,False,NORMAL
2025-01-12 04:00:00+00:00,LUCKNOW_001,14.1,1006.3,89.0,False,NORMAL
2025-01-12 05:00:00+00:00,LUCKNOW_001,15.8,1006.7,82.0,False,NORMAL
2025-01-12 06:00:00+00:00,LUCKNOW_001,18.1,1006.0,75.0,False,NORMAL
2025-01-12 07:00:00+00:00,LUCKNOW_001,18.5,1005.3,72.0,False,NORMAL
2025-01-12 08:00:00+00:00,LUCKNOW_001,19.0,1004.0,70.0,False,NORMAL
2025-01-12 09:00:00+00:00,LUCKNOW_001,19.2,1003.4,69.0,False,NORMAL
2025-01-12 10:00:00+00:00,LUCKNOW_001,17.8,1002.7,78.0,False,NORMAL
2025-01-12 11:00:00+00:00,LUCKNOW_001,17.7,1002.9,76.0,False,NORMAL
2025-01-12 12:00:00+00:00,LUCKNOW_001,16.7,1003.1,82.0,False,NORMAL
2025-01-12 13:00:00+00:00,LUCKNOW_001,18.2,1003.1,74.0,False,NORMAL
2025-01-12 14:00:00+00:00,LUCKNOW_001,17.8,1003.5,75.0,False,NORMAL
2025-01-12 15:00:00+00:00,LUCKNOW_001,16.3,1004.0,81.0,False,NORMAL
2025-01-12 16:00:00+00:00,LUCKNOW_001,14.1,1004.2,91.0,False,NORMAL
2025-01-12 17:00:00+00:00,LUCKNOW_001,12.2,1004.2,96.0,False,NORMAL
2025-01-12 18:00:00+00:00,LUCKNOW_001,12.0,1003.8,96.0,False,NORMAL
2025-01-12 19:00:00+00:00,LUCKNOW_001,11.9,1003.9,97.0,False,NORMAL
2025-01-12 20:00:00+00:00,LUCKNOW_001,11.3,1003.5,97.0,False,NORMAL
2025-01-12 21:00:00+00:00,LUCKNOW_001,11.4,1003.6,97.0,False,NORMAL
2025-01-12 22:00:00+00:00,LUCKNOW_001,10.9,1003.6,98.0,False,NORMAL
2025-01-12 23:00:00+00:00,LUCKNOW_001,11.0,1003.4,97.0,False,NORMAL
2025-01-13 00:00:00+00:00,LUCKNOW_001,11.3,1003.2,95.0,False,NORMAL
2025-01-13 01:00:00+00:00,LUCKNOW_001,11.3,1003.5,95.0,False,NORMAL
2025-01-13 02:00:00+00:00,LUCKNOW_001,11.7,1004.1,94.0,False,NORMAL
2025-01-13 03:00:00+00:00,LUCKNOW_001,12.0,1004.6,92.0,False,NORMAL
2025-01-13 04:00:00+00:00,LUCKNOW_001,12.9,1005.1,92.0,False,NORMAL
2025-01-13 05:00:00+00:00,LUCKNOW_001,16.9,1005.5,80.0,False,NORMAL
2025-01-13 06:00:00+00:00,LUCKNOW_001,19.2,1004.7,71.0,False,NORMAL
2025-01-13 07:00:00+00:00,LUCKNOW_001,19.8,1003.8,70.0,False,NORMAL
2025-01-13 08:00:00+00:00,LUCKNOW_001,21.6,1002.4,62.0,False,NORMAL
2025-01-13 09:00:00+00:00,LUCKNOW_001,21.7,1001.8,59.0,False,NORMAL
2025-01-13 10:00:00+00:00,LUCKNOW_001,18.8,1001.2,70.0,False,NORMAL
2025-01-13 11:00:00+00:00,LUCKNOW_001,18.7,1001.3,71.0,False,NORMAL
2025-01-13 12:00:00+00:00,LUCKNOW_001,17.5,1001.2,79.0,False,NORMAL
2025-01-13 13:00:00+00:00,LUCKNOW_001,17.3,1001.7,80.0,False,NORMAL
2025-01-13 14:00:00+00:00,LUCKNOW_001,16.2,1002.4,85.0,False,NORMAL
2025-01-13 15:00:00+00:00,LUCKNOW_001,14.1,1003.1,93.0,False,NORMAL
2025-01-13 16:00:00+00:00,LUCKNOW_001,13.7,1003.7,95.0,False,NORMAL
2025-01-13 17:00:00+00:00,LUCKNOW_001,13.1,1003.4,96.0,False,NORMAL
2025-01-13 18:00:00+00:00,LUCKNOW_001,13.1,1003.4,96.0,False,NORMAL
2025-01-13 19:00:00+00:00,LUCKNOW_001,12.8,1002.9,96.0,False,NORMAL
2025-01-13 20:00:00+00:00,LUCKNOW_001,12.6,1002.8,97.0,False,NORMAL
2025-01-13 21:00:00+00:00,LUCKNOW_001,12.7,1002.9,97.0,False,NORMAL
2025-01-13 22:00:00+00:00,LUCKNOW_001,11.3,1003.1,99.0,False,NORMAL
2025-01-13 23:00:00+00:00,LUCKNOW_001,11.4,1003.1,99.0,False,NORMAL
2025-01-14 00:00:00+00:00,LUCKNOW_001,11.7,1003.4,96.0,False,NORMAL
2025-01-14 01:00:00+00:00,LUCKNOW_001,11.7,1004.2,95.0,False,NORMAL
2025-01-14 02:00:00+00:00,LUCKNOW_001,12.0,1005.3,96.0,False,NORMAL
2025-01-14 03:00:00+00:00,LUCKNOW_001,11.8,1006.6,96.0,False,NORMAL
2025-01-14 04:00:00+00:00,LUCKNOW_001,11.7,1007.6,97.0,False,NORMAL
2025-01-14 05:00:00+00:00,LUCKNOW_001,14.5,1008.1,91.0,False,NORMAL
2025-01-14 06:00:00+00:00,LUCKNOW_001,15.8,1007.9,84.0,False,NORMAL
2025-01-14 07:00:00+00:00,LUCKNOW_001,16.5,1006.6,76.0,False,NORMAL
2025-01-14 08:00:00+00:00,LUCKNOW_001,18.8,1005.7,67.0,False,NORMAL
2025-01-14 09:00:00+00:00,LUCKNOW_001,18.8,1004.8,66.0,False,NORMAL
2025-01-14 10:00:00+00:00,LUCKNOW_001,17.3,1004.3,76.0,False,NORMAL
2025-01-14 11:00:00+00:00,LUCKNOW_001,17.4,1004.2,74.0,False,NORMAL
2025-01-14 12:00:00+00:00,LUCKNOW_001,18.4,1004.5,69.0,False,NORMAL
2025-01-14 13:00:00+00:00,LUCKNOW_001,17.9,1004.9,73.0,False,NORMAL
2025-01-14 14:00:00+00:00,LUCKNOW_001,17.3,1005.6,74.0,False,NORMAL
2025-01-14 15:00:00+00:00,LUCKNOW_001,14.3,1006.0,87.0,False,NORMAL
2025-01-14 16:00:00+00:00,LUCKNOW_001,13.4,1006.2,92.0,False,NORMAL
2025-01-14 17:00:00+00:00,LUCKNOW_001,13.0,1006.4,95.0,False,NORMAL
2025-01-14 18:00:00+00:00,LUCKNOW_001,13.0,1006.0,95.0,False,NORMAL
2025-01-14 19:00:00+00:00,LUCKNOW_001,12.9,1005.9,94.0,False,NORMAL
2025-01-14 20:00:00+00:00,LUCKNOW_001,13.1,1006.1,93.0,False,NORMAL
2025-01-14 21:00:00+00:00,LUCKNOW_001,12.9,1005.8,94.0,False,NORMAL
2025-01-14 22:00:00+00:00,LUCKNOW_001,12.4,1006.3,93.0,False,NORMAL
2025-01-14 23:00:00+00:00,LUCKNOW_001,12.2,1006.3,92.0,False,NORMAL
2025-01-15 00:00:00+00:00,LUCKNOW_001,12.5,1006.9,91.0,False,NORMAL
2025-01-15 01:00:00+00:00,LUCKNOW_001,12.7,1007.5,91.0,False,NORMAL
2025-01-15 02:00:00+00:00,LUCKNOW_001,13.4,1008.6,90.0,False,NORMAL
2025-01-15 03:00:00+00:00,LUCKNOW_001,12.7,1008.8,90.0,False,NORMAL
2025-01-15 04:00:00+00:00,LUCKNOW_001,12.3,1009.3,91.0,False,NORMAL
2025-01-15 05:00:00+00:00,LUCKNOW_001,12.9,1009.4,85.0,False,NORMAL
2025-01-15 06:00:00+00:00,LUCKNOW_001,13.7,1008.9,80.0,False,NORMAL
2025-01-15 07:00:00+00:00,LUCKNOW_001,13.8,1007.7,79.0,False,NORMAL
2025-01-15 08:00:00+00:00,LUCKNOW_001,14.8,1006.4,75.0,False,NORMAL
2025-01-15 09:00:00+00:00,LUCKNOW_001,15.0,1005.4,73.0,False,NORMAL
2025-01-15 10:00:00+00:00,LUCKNOW_001,14.3,1005.2,80.0,False,NORMAL
2025-01-15 11:00:00+00:00,LUCKNOW_001,14.2,1004.9,82.0,False,NORMAL
2025-01-15 12:00:00+00:00,LUCKNOW_001,13.6,1005.1,87.0,False,NORMAL
2025-01-15 13:00:00+00:00,LUCKNOW_001,13.0,1005.3,90.0,False,NORMAL
2025-01-15 14:00:00+00:00,LUCKNOW_001,13.0,1005.7,88.0,False,NORMAL
2025-01-15 15:00:00+00:00,LUCKNOW_001,12.2,1006.1,91.0,False,NORMAL
2025-01-15 16:00:00+00:00,LUCKNOW_001,12.2,1006.2,92.0,False,NORMAL
2025-01-15 17:00:00+00:00,LUCKNOW_001,11.8,1006.2,94.0,False,NORMAL
2025-01-15 18:00:00+00:00,LUCKNOW_001,11.5,1005.9,95.0,False,NORMAL
2025-01-15 19:00:00+00:00,LUCKNOW_001,11.2,1005.5,96.0,False,NORMAL
2025-01-15 20:00:00+00:00,LUCKNOW_001,11.2,1005.5,96.0,False,NORMAL
2025-01-15 21:00:00+00:00,LUCKNOW_001,10.9,1004.9,93.0,False,NORMAL
2025-01-15 22:00:00+00:00,LUCKNOW_001,11.4,1005.1,95.0,False,NORMAL
2025-01-15 23:00:00+00:00,LUCKNOW_001,11.6,1004.8,93.0,False,NORMAL
2025-01-16 00:00:00+00:00,LUCKNOW_001,11.8,1005.4,92.0,False,NORMAL
2025-01-16 01:00:00+00:00,LUCKNOW_001,11.2,1005.7,94.0,False,NORMAL
2025-01-16 02:00:00+00:00,LUCKNOW_001,11.6,1006.6,92.0,False,NORMAL
2025-01-16 03:00:00+00:00,LUCKNOW_001,12.0,1007.0,91.0,False,NORMAL
2025-01-16 04:00:00+00:00,LUCKNOW_001,12.3,1007.7,87.0,False,NORMAL
2025-01-16 05:00:00+00:00,LUCKNOW_001,12.9,1008.1,84.0,False,NORMAL
2025-01-16 06:00:00+00:00,LUCKNOW_001,14.9,1007.9,78.0,False,NORMAL
2025-01-16 07:00:00+00:00,LUCKNOW_001,15.2,1006.7,78.0,False,NORMAL
2025-01-16 08:00:00+00:00,LUCKNOW_001,16.8,1006.1,73.0,False,NORMAL
2025-01-16 09:00:00+00:00,LUCKNOW_001,17.0,1005.5,70.0,False,NORMAL
2025-01-16 10:00:00+00:00,LUCKNOW_001,16.3,1005.6,75.0,False,NORMAL
2025-01-16 11:00:00+00:00,LUCKNOW_001,16.3,1005.4,75.0,False,NORMAL
2025-01-16 12:00:00+00:00,LUCKNOW_001,16.0,1005.8,78.0,False,NORMAL
2025-01-16 13:00:00+00:00,LUCKNOW_001,15.6,1006.1,82.0,False,NORMAL
2025-01-16 14:00:00+00:00,LUCKNOW_001,14.7,1006.6,87.0,False,NORMAL
2025-01-16 15:00:00+00:00,LUCKNOW_001,13.4,1006.6,92.0,False,NORMAL
2025-01-16 16:00:00+00:00,LUCKNOW_001,13.4,1007.1,93.0,False,NORMAL
2025-01-16 17:00:00+00:00,LUCKNOW_001,12.6,1007.1,95.0,False,NORMAL
2025-01-16 18:00:00+00:00,LUCKNOW_001,12.7,1007.0,95.0,False,NORMAL
2025-01-16 19:00:00+00:00,LUCKNOW_001,12.7,1006.6,95.0,False,NORMAL
2025-01-16 20:00:00+00:00,LUCKNOW_001,11.9,1006.4,95.0,False,NORMAL
2025-01-16 21:00:00+00:00,LUCKNOW_001,11.7,1005.8,95.0,False,NORMAL
2025-01-16 22:00:00+00:00,LUCKNOW_001,10.2,1005.7,99.0,False,NORMAL
2025-01-16 23:00:00+00:00,LUCKNOW_001,9.9,1005.2,99.0,False,NORMAL
2025-01-17 00:00:00+00:00,LUCKNOW_001,10.5,1005.4,96.0,False,NORMAL
2025-01-17 01:00:00+00:00,LUCKNOW_001,10.6,1005.8,95.0,False,NORMAL
2025-01-17 02:00:00+00:00,LUCKNOW_001,11.0,1006.3,95.0,False,NORMAL
2025-01-17 03:00:00+00:00,LUCKNOW_001,11.0,1006.8,94.0,False,NORMAL
2025-01-17 04:00:00+00:00,LUCKNOW_001,11.4,1007.1,93.0,False,NORMAL
2025-01-17 05:00:00+00:00,LUCKNOW_001,16.7,1007.4,81.0,False,NORMAL
2025-01-17 06:00:00+00:00,LUCKNOW_001,18.7,1006.6,71.0,False,NORMAL
2025-01-17 07:00:00+00:00,LUCKNOW_001,19.9,1005.3,67.0,False,NORMAL
2025-01-17 08:00:00+00:00,LUCKNOW_001,22.9,1003.9,54.0,False,NORMAL
2025-01-17 09:00:00+00:00,LUCKNOW_001,22.8,1002.9,51.0,False,NORMAL
2025-01-17 10:00:00+00:00,LUCKNOW_001,20.7,1002.6,60.0,False,NORMAL
2025-01-17 11:00:00+00:00,LUCKNOW_001,20.3,1002.3,62.0,False,NORMAL
2025-01-17 12:00:00+00:00,LUCKNOW_001,19.6,1002.2,63.0,False,NORMAL
2025-01-17 13:00:00+00:00,LUCKNOW_001,18.7,1002.7,66.0,False,NORMAL
2025-01-17 14:00:00+00:00,LUCKNOW_001,17.1,1003.4,74.0,False,NORMAL
2025-01-17 15:00:00+00:00,LUCKNOW_001,14.2,1004.2,85.0,False,NORMAL
2025-01-17 16:00:00+00:00,LUCKNOW_001,13.5,1004.3,88.0,False,NORMAL
2025-01-17 17:00:00+00:00,LUCKNOW_001,12.0,1004.5,91.0,False,NORMAL
2025-01-17 18:00:00+00:00,LUCKNOW_001,11.9,1004.6,92.0,False,NORMAL
2025-01-17 19:00:00+00:00,LUCKNOW_001,12.1,1004.1,92.0,False,NORMAL
2025-01-17 20:00:00+00:00,LUCKNOW_001,11.4,1004.0,94.0,False,NORMAL
2025-01-17 21:00:00+00:00,LUCKNOW_001,11.1,1003.6,94.0,False,NORMAL
2025-01-17 22:00:00+00:00,LUCKNOW_001,10.1,1003.5,96.0,False,NORMAL
2025-01-17 23:00:00+00:00,LUCKNOW_001,10.2,1003.7,97.0,False,NORMAL
2025-01-18 00:00:00+00:00,LUCKNOW_001,10.5,1003.7,96.0,False,NORMAL
2025-01-18 01:00:00+00:00,LUCKNOW_001,10.3,1004.4,97.0,False,NORMAL
2025-01-18 02:00:00+00:00,LUCKNOW_001,10.8,1005.3,97.0,False,NORMAL
2025-01-18 03:00:00+00:00,LUCKNOW_001,10.8,1006.2,96.0,False,NORMAL
2025-01-18 04:00:00+00:00,LUCKNOW_001,10.8,1006.5,96.0,False,NORMAL
2025-01-18 05:00:00+00:00,LUCKNOW_001,13.9,1006.9,85.0,False,NORMAL
2025-01-18 06:00:00+00:00,LUCKNOW_001,15.5,1006.3,76.0,False,NORMAL
2025-01-18 07:00:00+00:00,LUCKNOW_001,16.0,1005.1,72.0,False,NORMAL
2025-01-18 08:00:00+00:00,LUCKNOW_001,19.9,1003.7,58.0,False,NORMAL
2025-01-18 09:00:00+00:00,LUCKNOW_001,20.1,1003.0,57.0,False,NORMAL
2025-01-18 10:00:00+00:00,LUCKNOW_001,18.3,1002.7,65.0,False,NORMAL
2025-01-18 11:00:00+00:00,LUCKNOW_001,18.1,1002.0,66.0,False,NORMAL
2025-01-18 12:00:00+00:00,LUCKNOW_001,17.3,1001.8,72.0,False,NORMAL
2025-01-18 13:00:00+00:00,LUCKNOW_001,16.9,1002.0,76.0,False,NORMAL
2025-01-18 14:00:00+00:00,LUCKNOW_001,15.5,1002.5,80.0,False,NORMAL
2025-01-18 15:00:00+00:00,LUCKNOW_001,12.7,1002.9,89.0,False,NORMAL
2025-01-18 16:00:00+00:00,LUCKNOW_001,11.9,1003.2,91.0,False,NORMAL
2025-01-18 17:00:00+00:00,LUCKNOW_001,10.8,1003.6,92.0,False,NORMAL
2025-01-18 18:00:00+00:00,LUCKNOW_001,10.8,1003.2,92.0,False,NORMAL
2025-01-18 19:00:00+00:00,LUCKNOW_001,10.7,1003.1,92.0,False,NORMAL
2025-01-18 20:00:00+00:00,LUCKNOW_001,10.5,1002.7,94.0,False,NORMAL
2025-01-18 21:00:00+00:00,LUCKNOW_001,10.8,1002.7,92.0,False,NORMAL
2025-01-18 22:00:00+00:00,LUCKNOW_001,10.1,1003.0,95.0,False,NORMAL
2025-01-18 23:00:00+00:00,LUCKNOW_001,10.0,1002.5,96.0,False,NORMAL
2025-01-19 00:00:00+00:00,LUCKNOW_001,10.5,1002.8,94.0,False,NORMAL
2025-01-19 01:00:00+00:00,LUCKNOW_001,10.5,1003.4,94.0,False,NORMAL
2025-01-19 02:00:00+00:00,LUCKNOW_001,10.5,1003.9,94.0,False,NORMAL
2025-01-19 03:00:00+00:00,LUCKNOW_001,10.3,1004.6,93.0,False,NORMAL
2025-01-19 04:00:00+00:00,LUCKNOW_001,10.4,1004.9,93.0,False,NORMAL
2025-01-19 05:00:00+00:00,LUCKNOW_001,13.9,1005.1,77.0,False,NORMAL
2025-01-19 06:00:00+00:00,LUCKNOW_001,16.2,1004.5,62.0,False,NORMAL
2025-01-19 07:00:00+00:00,LUCKNOW_001,17.0,1003.6,56.0,False,NORMAL
2025-01-19 08:00:00+00:00,LUCKNOW_001,21.4,1002.2,45.0,False,NORMAL
2025-01-19 09:00:00+00:00,LUCKNOW_001,21.7,1001.2,44.0,False,NORMAL
2025-01-19 10:00:00+00:00,LUCKNOW_001,19.9,1000.7,56.0,False,NORMAL
2025-01-19 11:00:00+00:00,LUCKNOW_001,19.7,1000.2,61.0,False,NORMAL
2025-01-19 12:00:00+00:00,LUCKNOW_001,19.1,1000.0,65.0,False,NORMAL
2025-01-19 13:00:00+00:00,LUCKNOW_001,18.4,1000.3,72.0,False,NORMAL
2025-01-19 14:00:00+00:00,LUCKNOW_001,17.2,1000.6,77.0,False,NORMAL
2025-01-19 15:00:00+00:00,LUCKNOW_001,15.5,1000.8,85.0,False,NORMAL
2025-01-19 16:00:00+00:00,LUCKNOW_001,15.0,1000.8,90.0,False,NORMAL
2025-01-19 17:00:00+00:00,LUCKNOW_001,14.5,1000.7,93.0,False,NORMAL
2025-01-19 18:00:00+00:00,LUCKNOW_001,14.7,1000.4,92.0,False,NORMAL
2025-01-19 19:00:00+00:00,LUCKNOW_001,14.5,999.9,92.0,False,NORMAL
2025-01-19 20:00:00+00:00,LUCKNOW_001,14.1,999.5,92.0,False,NORMAL
2025-01-19 21:00:00+00:00,LUCKNOW_001,14.1,999.2,91.0,False,NORMAL
2025-01-19 22:00:00+00:00,LUCKNOW_001,13.2,999.0,95.0,False,NORMAL
2025-01-19 23:00:00+00:00,LUCKNOW_001,13.0,998.7,95.0,False,NORMAL
2025-01-20 00:00:00+00:00,LUCKNOW_001,13.6,998.8,93.0,False,NORMAL
2025-01-20 01:00:00+00:00,LUCKNOW_001,13.7,999.3,92.0,False,NORMAL
2025-01-20 02:00:00+00:00,LUCKNOW_001,14.3,1000.4,90.0,False,NORMAL
2025-01-20 03:00:00+00:00,LUCKNOW_001,14.4,1001.1,90.0,False,NORMAL
2025-01-20 04:00:00+00:00,LUCKNOW_001,15.3,1001.5,85.0,False,NORMAL
2025-01-20 05:00:00+00:00,LUCKNOW_001,20.4,1001.8,72.0,False,NORMAL
2025-01-20 06:00:00+00:00,LUCKNOW_001,22.2,1001.5,64.0,False,NORMAL
2025-01-20 07:00:00+00:00,LUCKNOW_001,23.2,1000.7,58.0,False,NORMAL
2025-01-20 08:00:00+00:00,LUCKNOW_001,24.9,999.7,52.0,False,NORMAL
2025-01-20 09:00:00+00:00,LUCKNOW_001,25.5,998.6,51.0,False,NORMAL
2025-01-20 10:00:00+00:00,LUCKNOW_001,23.4,998.2,58.0,False,NORMAL
2025-01-20 11:00:00+00:00,LUCKNOW_001,23.0,997.8,61.0,False,NORMAL
2025-01-20 12:00:00+00:00,LUCKNOW_001,22.5,998.0,61.0,False,NORMAL
2025-01-20 13:00:00+00:00,LUCKNOW_001,21.3,998.4,66.0,False,NORMAL
2025-01-20 14:00:00+00:00,LUCKNOW_001,19.4,998.8,73.0,False,NORMAL
2025-01-20 15:00:00+00:00,LUCKNOW_001,17.3,999.2,81.0,False,NORMAL
2025-01-20 16:00:00+00:00,LUCKNOW_001,16.9,999.3,85.0,False,NORMAL
2025-01-20 17:00:00+00:00,LUCKNOW_001,15.9,999.5,88.0,False,NORMAL
2025-01-20 18:00:00+00:00,LUCKNOW_001,15.7,999.2,90.0,False,NORMAL
2025-01-20 19:00:00+00:00,LUCKNOW_001,15.4,998.9,91.0,False,NORMAL
2025-01-20 20:00:00+00:00,LUCKNOW_001,14.6,998.5,92.0,False,NORMAL
2025-01-20 21:00:00+00:00,LUCKNOW_001,14.7,998.6,92.0,False,NORMAL
2025-01-20 22:00:00+00:00,LUCKNOW_001,13.5,998.0,94.0,False,NORMAL
2025-01-20 23:00:00+00:00,LUCKNOW_001,13.1,997.7,94.0,False,NORMAL
2025-01-21 00:00:00+00:00,LUCKNOW_001,13.5,997.9,91.0,False,NORMAL
2025-01-21 01:00:00+00:00,LUCKNOW_001,13.4,998.4,91.0,False,NORMAL
2025-01-21 02:00:00+00:00,LUCKNOW_001,13.8,999.1,89.0,False,NORMAL
2025-01-21 03:00:00+00:00,LUCKNOW_001,13.9,999.8,87.0,False,NORMAL
2025-01-21 04:00:00+00:00,LUCKNOW_001,14.1,1000.3,84.0,False,NORMAL
2025-01-21 05:00:00+00:00,LUCKNOW_001,18.3,1000.8,70.0,False,NORMAL
2025-01-21 06:00:00+00:00,LUCKNOW_001,21.1,1000.6,61.0,False,NORMAL
2025-01-21 07:00:00+00:00,LUCKNOW_001,22.0,999.7,57.0,False,NORMAL
2025-01-21 08:00:00+00:00,LUCKNOW_001,24.5,998.7,51.0,False,NORMAL
2025-01-21 09:00:00+00:00,LUCKNOW_001,24.9,997.7,50.0,False,NORMAL
2025-01-21 10:00:00+00:00,LUCKNOW_001,23.1,997.5,59.0,False,NORMAL
2025-01-21 11:00:00+00:00,LUCKNOW_001,22.4,996.7,61.0,False,NORMAL
2025-01-21 12:00:00+00:00,LUCKNOW_001,21.7,997.2,62.0,False,NORMAL
2025-01-21 13:00:00+00:00,LUCKNOW_001,21.1,997.6,65.0,False,NORMAL
2025-01-21 14:00:00+00:00,LUCKNOW_001,19.7,998.0,68.0,False,NORMAL
2025-01-21 15:00:00+00:00,LUCKNOW_001,16.9,998.9,79.0,False,NORMAL
2025-01-21 16:00:00+00:00,LUCKNOW_001,16.6,998.9,81.0,False,NORMAL
2025-01-21 17:00:00+00:00,LUCKNOW_001,14.7,999.3,85.0,False,NORMAL
2025-01-21 18:00:00+00:00,LUCKNOW_001,14.7,999.0,86.0,False,NORMAL
2025-01-21 19:00:00+00:00,LUCKNOW_001,14.6,998.8,88.0,False,NORMAL
2025-01-21 20:00:00+00:00,LUCKNOW_001,13.7,998.8,90.0,False,NORMAL
2025-01-21 21:00:00+00:00,LUCKNOW_001,13.3,998.5,89.0,False,NORMAL
2025-01-21 22:00:00+00:00,LUCKNOW_001,12.3,998.3,93.0,False,NORMAL
2025-01-21 23:00:00+00:00,LUCKNOW_001,12.0,998.0,93.0,False,NORMAL
2025-01-22 00:00:00+00:00,LUCKNOW_001,12.6,998.4,91.0,False,NORMAL
2025-01-22 01:00:00+00:00,LUCKNOW_001,12.5,999.0,91.0,False,NORMAL
2025-01-22 02:00:00+00:00,LUCKNOW_001,12.8,999.7,89.0,False,NORMAL
2025-01-22 03:00:00+00:00,LUCKNOW_001,13.1,1000.8,86.0,False,NORMAL
2025-01-22 04:00:00+00:00,LUCKNOW_001,13.4,1001.4,85.0,False,NORMAL
2025-01-22 05:00:00+00:00,LUCKNOW_001,18.0,1002.0,72.0,False,NORMAL
2025-01-22 06:00:00+00:00,LUCKNOW_001,20.4,1001.5,61.0,False,NORMAL
2025-01-22 07:00:00+00:00,LUCKNOW_001,21.1,1000.4,58.0,False,NORMAL
2025-01-22 08:00:00+00:00,LUCKNOW_001,23.9,999.8,47.0,False,NORMAL
2025-01-22 09:00:00+00:00,LUCKNOW_001,24.4,998.7,46.0,False,NORMAL
2025-01-22 10:00:00+00:00,LUCKNOW_001,22.2,998.5,56.0,False,NORMAL
2025-01-22 11:00:00+00:00,LUCKNOW_001,21.5,997.7,61.0,False,NORMAL
2025-01-22 12:00:00+00:00,LUCKNOW_001,20.2,997.8,65.0,False,NORMAL
2025-01-22 13:00:00+00:00,LUCKNOW_001,19.4,998.1,65.0,False,NORMAL
2025-01-22 14:00:00+00:00,LUCKNOW_001,17.5,998.8,72.0,False,NORMAL
2025-01-22 15:00:00+00:00,LUCKNOW_001,15.0,999.4,84.0,False,NORMAL
2025-01-22 16:00:00+00:00,LUCKNOW_001,14.6,999.8,87.0,False,NORMAL
2025-01-22 17:00:00+00:00,LUCKNOW_001,13.4,1000.0,93.0,False,NORMAL
2025-01-22 18:00:00+00:00,LUCKNOW_001,13.1,1000.2,92.0,False,NORMAL
2025-01-22 19:00:00+00:00,LUCKNOW_001,12.7,999.8,94.0,False,NORMAL
2025-01-22 20:00:00+00:00,LUCKNOW_001,11.7,999.7,95.0,False,NORMAL
2025-01-22 21:00:00+00:00,LUCKNOW_001,11.6,999.1,93.0,False,NORMAL
2025-01-22 22:00:00+00:00,LUCKNOW_001,11.6,998.8,94.0,False,NORMAL
2025-01-22 23:00:00+00:00,LUCKNOW_001,11.4,998.6,94.0,False,NORMAL
2025-01-23 00:00:00+00:00,LUCKNOW_001,11.5,998.9,92.0,False,NORMAL
2025-01-23 01:00:00+00:00,LUCKNOW_001,11.2,999.2,92.0,False,NORMAL
2025-01-23 02:00:00+00:00,LUCKNOW_001,12.3,1000.3,91.0,False,NORMAL
2025-01-23 03:00:00+00:00,LUCKNOW_001,13.0,1001.3,88.0,False,NORMAL
2025-01-23 04:00:00+00:00,LUCKNOW_001,13.6,1002.1,88.0,False,NORMAL
2025-01-23 05:00:00+00:00,LUCKNOW_001,18.4,1002.8,75.0,False,NORMAL
2025-01-23 06:00:00+00:00,LUCKNOW_001,20.0,1002.0,64.0,False,NORMAL
2025-01-23 07:00:00+00:00,LUCKNOW_001,20.7,1001.0,63.0,False,NORMAL
2025-01-23 08:00:00+00:00,LUCKNOW_001,22.6,999.9,55.0,False,NORMAL
2025-01-23 09:00:00+00:00,LUCKNOW_001,23.2,999.0,52.0,False,NORMAL
2025-01-23 10:00:00+00:00,LUCKNOW_001,20.9,999.4,62.0,False,NORMAL
2025-01-23 11:00:00+00:00,LUCKNOW_001,20.4,998.9,64.0,False,NORMAL
2025-01-23 12:00:00+00:00,LUCKNOW_001,19.7,998.8,66.0,False,NORMAL
2025-01-23 13:00:00+00:00,LUCKNOW_001,19.7,999.4,67.0,False,NORMAL
2025-01-23 14:00:00+00:00,LUCKNOW_001,18.6,999.7,72.0,False,NORMAL
2025-01-23 15:00:00+00:00,LUCKNOW_001,17.0,1000.4,79.0,False,NORMAL
2025-01-23 16:00:00+00:00,LUCKNOW_001,16.7,1000.6,81.0,False,NORMAL
2025-01-23 17:00:00+00:00,LUCKNOW_001,16.4,1000.9,83.0,False,NORMAL
2025-01-23 18:00:00+00:00,LUCKNOW_001,15.7,1000.5,83.0,False,NORMAL
2025-01-23 19:00:00+00:00,LUCKNOW_001,15.5,1000.3,84.0,False,NORMAL
2025-01-23 20:00:00+00:00,LUCKNOW_001,14.4,999.6,86.0,False,NORMAL
2025-01-23 21:00:00+00:00,LUCKNOW_001,14.8,999.3,85.0,False,NORMAL
2025-01-23 22:00:00+00:00,LUCKNOW_001,13.8,998.7,91.0,False,NORMAL
2025-01-23 23:00:00+00:00,LUCKNOW_001,13.7,999.0,92.0,False,NORMAL
2025-01-24 00:00:00+00:00,LUCKNOW_001,13.7,999.0,91.0,False,NORMAL
2025-01-24 01:00:00+00:00,LUCKNOW_001,13.7,999.6,90.0,False,NORMAL
2025-01-24 02:00:00+00:00,LUCKNOW_001,13.8,1000.5,89.0,False,NORMAL
2025-01-24 03:00:00+00:00,LUCKNOW_001,13.8,1000.9,85.0,False,NORMAL
2025-01-24 04:00:00+00:00,LUCKNOW_001,13.9,1001.9,83.0,False,NORMAL
2025-01-24 05:00:00+00:00,LUCKNOW_001,18.1,1002.4,68.0,False,NORMAL
2025-01-24 06:00:00+00:00,LUCKNOW_001,20.3,1002.0,57.0,False,NORMAL
2025-01-24 07:00:00+00:00,LUCKNOW_001,20.9,1001.2,53.0,False,NORMAL
2025-01-24 08:00:00+00:00,LUCKNOW_001,23.6,1000.1,39.0,False,NORMAL
2025-01-24 09:00:00+00:00,LUCKNOW_001,23.5,999.4,37.0,False,NORMAL
2025-01-24 10:00:00+00:00,LUCKNOW_001,21.2,998.7,49.0,False,NORMAL
2025-01-24 11:00:00+00:00,LUCKNOW_001,20.7,998.5,52.0,False,NORMAL
2025-01-24 12:00:00+00:00,LUCKNOW_001,20.2,998.6,53.0,False,NORMAL
2025-01-24 13:00:00+00:00,LUCKNOW_001,19.4,999.4,56.0,False,NORMAL
2025-01-24 14:00:00+00:00,LUCKNOW_001,17.9,1000.1,62.0,False,NORMAL
2025-01-24 15:00:00+00:00,LUCKNOW_001,14.9,1000.3,71.0,False,NORMAL
2025-01-24 16:00:00+00:00,LUCKNOW_001,14.6,1000.7,74.0,False,NORMAL
2025-01-24 17:00:00+00:00,LUCKNOW_001,13.6,1000.6,79.0,False,NORMAL
2025-01-24 18:00:00+00:00,LUCKNOW_001,13.6,1000.2,80.0,False,NORMAL
2025-01-24 19:00:00+00:00,LUCKNOW_001,13.5,1000.0,82.0,False,NORMAL
2025-01-24 20:00:00+00:00,LUCKNOW_001,12.6,999.6,85.0,False,NORMAL
2025-01-24 21:00:00+00:00,LUCKNOW_001,12.4,999.4,80.0,False,NORMAL
2025-01-24 22:00:00+00:00,LUCKNOW_001,10.7,999.0,85.0,False,NORMAL
2025-01-24 23:00:00+00:00,LUCKNOW_001,10.3,998.9,85.0,False,NORMAL
2025-01-25 00:00:00+00:00,LUCKNOW_001,11.6,999.6,80.0,False,NORMAL
2025-01-25 01:00:00+00:00,LUCKNOW_001,11.5,1000.0,79.0,False,NORMAL
2025-01-25 02:00:00+00:00,LUCKNOW_001,12.0,1001.1,78.0,False,NORMAL
2025-01-25 03:00:00+00:00,LUCKNOW_001,12.2,1001.4,77.0,False,NORMAL
2025-01-25 04:00:00+00:00,LUCKNOW_001,12.6,1001.9,74.0,False,NORMAL
2025-01-25 05:00:00+00:00,LUCKNOW_001,17.5,1002.6,57.0,False,NORMAL
2025-01-25 06:00:00+00:00,LUCKNOW_001,20.0,1002.3,51.0,False,NORMAL
2025-01-25 07:00:00+00:00,LUCKNOW_001,20.5,1001.5,50.0,False,NORMAL
2025-01-25 08:00:00+00:00,LUCKNOW_001,23.4,1000.4,43.0,False,NORMAL
2025-01-25 09:00:00+00:00,LUCKNOW_001,23.7,999.5,41.0,False,NORMAL
2025-01-25 10:00:00+00:00,LUCKNOW_001,21.5,999.0,50.0,False,NORMAL
2025-01-25 11:00:00+00:00,LUCKNOW_001,21.3,998.9,51.0,False,NORMAL
2025-01-25 12:00:00+00:00,LUCKNOW_001,21.0,998.8,50.0,False,NORMAL
2025-01-25 13:00:00+00:00,LUCKNOW_001,20.3,999.3,55.0,False,NORMAL
2025-01-25 14:00:00+00:00,LUCKNOW_001,18.4,999.9,60.0,False,NORMAL
2025-01-25 15:00:00+00:00,LUCKNOW_001,14.6,1000.2,73.0,False,NORMAL
2025-01-25 16:00:00+00:00,LUCKNOW_001,14.5,1000.5,73.0,False,NORMAL
2025-01-25 17:00:00+00:00,LUCKNOW_001,12.5,1000.5,78.0,False,NORMAL
2025-01-25 18:00:00+00:00,LUCKNOW_001,12.3,1000.6,79.0,False,NORMAL
2025-01-25 19:00:00+00:00,LUCKNOW_001,12.2,1000.1,81.0,False,NORMAL
2025-01-25 20:00:00+00:00,LUCKNOW_001,11.5,1000.0,84.0,False,NORMAL
2025-01-25 21:00:00+00:00,LUCKNOW_001,11.5,999.8,86.0,False,NORMAL
2025-01-25 22:00:00+00:00,LUCKNOW_001,10.1,1000.0,88.0,False,NORMAL
2025-01-25 23:00:00+00:00,LUCKNOW_001,9.8,999.7,89.0,False,NORMAL
2025-01-26 00:00:00+00:00,LUCKNOW_001,10.6,1000.1,87.0,False,NORMAL
2025-01-26 01:00:00+00:00,LUCKNOW_001,10.2,1001.0,88.0,False,NORMAL
2025-01-26 02:00:00+00:00,LUCKNOW_001,11.0,1001.5,85.0,False,NORMAL
2025-01-26 03:00:00+00:00,LUCKNOW_001,11.6,1002.6,82.0,False,NORMAL
2025-01-26 04:00:00+00:00,LUCKNOW_001,12.1,1002.8,77.0,False,NORMAL
2025-01-26 05:00:00+00:00,LUCKNOW_001,16.9,1003.5,62.0,False,NORMAL
2025-01-26 06:00:00+00:00,LUCKNOW_001,19.3,1003.1,55.0,False,NORMAL
2025-01-26 07:00:00+00:00,LUCKNOW_001,20.1,1002.2,50.0,False,NORMAL
2025-01-26 08:00:00+00:00,LUCKNOW_001,22.9,1001.0,42.0,False,NORMAL
2025-01-26 09:00:00+00:00,LUCKNOW_001,23.2,1000.0,41.0,False,NORMAL
2025-01-26 10:00:00+00:00,LUCKNOW_001,21.0,998.9,50.0,False,NORMAL
2025-01-26 11:00:00+00:00,LUCKNOW_001,20.6,999.2,53.0,False,NORMAL
2025-01-26 12:00:00+00:00,LUCKNOW_001,19.7,998.6,58.0,False,NORMAL
2025-01-26 13:00:00+00:00,LUCKNOW_001,19.0,999.0,60.0,False,NORMAL
2025-01-26 14:00:00+00:00,LUCKNOW_001,16.8,999.4,66.0,False,NORMAL
2025-01-26 15:00:00+00:00,LUCKNOW_001,13.1,999.8,81.0,False,NORMAL
2025-01-26 16:00:00+00:00,LUCKNOW_001,12.6,1000.0,83.0,False,NORMAL
2025-01-26 17:00:00+00:00,LUCKNOW_001,10.0,999.8,92.0,False,NORMAL
2025-01-26 18:00:00+00:00,LUCKNOW_001,10.1,999.8,92.0,False,NORMAL
2025-01-26 19:00:00+00:00,LUCKNOW_001,10.2,999.6,91.0,False,NORMAL
2025-01-26 20:00:00+00:00,LUCKNOW_001,9.9,999.3,92.0,False,NORMAL
2025-01-26 21:00:00+00:00,LUCKNOW_001,9.6,998.9,91.0,False,NORMAL
2025-01-26 22:00:00+00:00,LUCKNOW_001,8.3,998.8,93.0,False,NORMAL
2025-01-26 23:00:00+00:00,LUCKNOW_001,8.0,998.6,92.0,False,NORMAL
2025-01-27 00:00:00+00:00,LUCKNOW_001,9.3,998.7,89.0,False,NORMAL
2025-01-27 01:00:00+00:00,LUCKNOW_001,9.3,999.1,89.0,False,NORMAL
2025-01-27 02:00:00+00:00,LUCKNOW_001,10.1,999.7,86.0,False,NORMAL
2025-01-27 03:00:00+00:00,LUCKNOW_001,10.8,1000.6,84.0,False,NORMAL
2025-01-27 04:00:00+00:00,LUCKNOW_001,11.1,1000.9,83.0,False,NORMAL
2025-01-27 05:00:00+00:00,LUCKNOW_001,17.0,1001.5,65.0,False,NORMAL
2025-01-27 06:00:00+00:00,LUCKNOW_001,19.7,1001.0,53.0,False,NORMAL
2025-01-27 07:00:00+00:00,LUCKNOW_001,20.1,1000.1,51.0,False,NORMAL
2025-01-27 08:00:00+00:00,LUCKNOW_001,22.8,998.9,42.0,False,NORMAL
2025-01-27 09:00:00+00:00,LUCKNOW_001,22.8,997.8,42.0,False,NORMAL
2025-01-27 10:00:00+00:00,LUCKNOW_001,20.4,996.9,56.0,False,NORMAL
2025-01-27 11:00:00+00:00,LUCKNOW_001,20.4,996.6,56.0,False,NORMAL
2025-01-27 12:00:00+00:00,LUCKNOW_001,19.5,996.3,61.0,False,NORMAL
2025-01-27 13:00:00+00:00,LUCKNOW_001,18.9,997.0,65.0,False,NORMAL
2025-01-27 14:00:00+00:00,LUCKNOW_001,16.6,997.4,74.0,False,NORMAL
2025-01-27 15:00:00+00:00,LUCKNOW_001,13.1,997.7,89.0,False,NORMAL
2025-01-27 16:00:00+00:00,LUCKNOW_001,12.3,998.1,89.0,False,NORMAL
2025-01-27 17:00:00+00:00,LUCKNOW_001,11.0,998.4,92.0,False,NORMAL
2025-01-27 18:00:00+00:00,LUCKNOW_001,11.3,998.2,90.0,False,NORMAL
2025-01-27 19:00:00+00:00,LUCKNOW_001,11.5,998.0,89.0,False,NORMAL
2025-01-27 20:00:00+00:00,LUCKNOW_001,11.0,998.0,90.0,False,NORMAL
2025-01-27 21:00:00+00:00,LUCKNOW_001,9.8,997.6,90.0,False,NORMAL
2025-01-27 22:00:00+00:00,LUCKNOW_001,8.8,997.4,91.0,False,NORMAL
2025-01-27 23:00:00+00:00,LUCKNOW_001,8.5,997.4,92.0,False,NORMAL
2025-01-28 00:00:00+00:00,LUCKNOW_001,9.7,997.6,89.0,False,NORMAL
2025-01-28 01:00:00+00:00,LUCKNOW_001,9.4,998.5,90.0,False,NORMAL
2025-01-28 02:00:00+00:00,LUCKNOW_001,10.0,999.6,86.0,False,NORMAL
2025-01-28 03:00:00+00:00,LUCKNOW_001,10.9,1000.4,83.0,False,NORMAL
2025-01-28 04:00:00+00:00,LUCKNOW_001,11.9,1001.5,81.0,False,NORMAL
2025-01-28 05:00:00+00:00,LUCKNOW_001,16.7,1001.7,65.0,False,NORMAL
2025-01-28 06:00:00+00:00,LUCKNOW_001,19.6,1001.3,55.0,False,NORMAL
2025-01-28 07:00:00+00:00,LUCKNOW_001,20.2,1000.4,51.0,False,NORMAL
2025-01-28 08:00:00+00:00,LUCKNOW_001,23.1,999.3,43.0,False,NORMAL
2025-01-28 09:00:00+00:00,LUCKNOW_001,23.1,998.7,43.0,False,NORMAL
2025-01-28 10:00:00+00:00,LUCKNOW_001,21.4,997.8,57.0,False,NORMAL
2025-01-28 11:00:00+00:00,LUCKNOW_001,21.3,997.4,56.0,False,NORMAL
2025-01-28 12:00:00+00:00,LUCKNOW_001,21.6,997.7,54.0,False,NORMAL
2025-01-28 13:00:00+00:00,LUCKNOW_001,20.8,998.4,58.0,False,NORMAL
2025-01-28 14:00:00+00:00,LUCKNOW_001,18.8,999.5,66.0,False,NORMAL
2025-01-28 15:00:00+00:00,LUCKNOW_001,14.7,1000.2,79.0,False,NORMAL
2025-01-28 16:00:00+00:00,LUCKNOW_001,14.0,1000.7,83.0,False,NORMAL
2025-01-28 17:00:00+00:00,LUCKNOW_001,12.2,1000.8,89.0,False,NORMAL
2025-01-28 18:00:00+00:00,LUCKNOW_001,11.9,1001.1,90.0,False,NORMAL
2025-01-28 19:00:00+00:00,LUCKNOW_001,11.7,1000.9,91.0,False,NORMAL
2025-01-28 20:00:00+00:00,LUCKNOW_001,10.9,1000.6,92.0,False,NORMAL
2025-01-28 21:00:00+00:00,LUCKNOW_001,10.5,1000.4,91.0,False,NORMAL
2025-01-28 22:00:00+00:00,LUCKNOW_001,9.0,1000.1,95.0,False,NORMAL
2025-01-28 23:00:00+00:00,LUCKNOW_001,8.5,999.9,96.0,False,NORMAL
2025-01-29 00:00:00+00:00,LUCKNOW_001,9.6,1000.4,93.0,False,NORMAL
2025-01-29 01:00:00+00:00,LUCKNOW_001,9.6,1001.6,93.0,False,NORMAL
2025-01-29 02:00:00+00:00,LUCKNOW_001,11.0,1002.3,90.0,False,NORMAL
2025-01-29 03:00:00+00:00,LUCKNOW_001,11.6,1003.1,88.0,False,NORMAL
2025-01-29 04:00:00+00:00,LUCKNOW_001,12.8,1003.5,86.0,False,NORMAL
2025-01-29 05:00:00+00:00,LUCKNOW_001,20.0,1004.6,64.0,False,NORMAL
2025-01-29 06:00:00+00:00,LUCKNOW_001,21.3,1003.9,54.0,False,NORMAL
2025-01-29 07:00:00+00:00,LUCKNOW_001,21.5,1002.9,55.0,False,NORMAL
2025-01-29 08:00:00+00:00,LUCKNOW_001,23.9,1001.6,47.0,False,NORMAL
2025-01-29 09:00:00+00:00,LUCKNOW_001,24.0,1000.5,46.0,False,NORMAL
2025-01-29 10:00:00+00:00,LUCKNOW_001,21.9,999.3,58.0,False,NORMAL
2025-01-29 11:00:00+00:00,LUCKNOW_001,21.5,999.1,59.0,False,NORMAL
2025-01-29 12:00:00+00:00,LUCKNOW_001,20.8,998.6,64.0,False,NORMAL
2025-01-29 13:00:00+00:00,LUCKNOW_001,20.3,999.3,67.0,False,NORMAL
2025-01-29 14:00:00+00:00,LUCKNOW_001,18.1,999.3,75.0,False,NORMAL
2025-01-29 15:00:00+00:00,LUCKNOW_001,14.8,999.8,88.0,False,NORMAL
2025-01-29 16:00:00+00:00,LUCKNOW_001,14.1,999.8,91.0,False,NORMAL
2025-01-29 17:00:00+00:00,LUCKNOW_001,12.4,999.9,95.0,False,NORMAL
2025-01-29 18:00:00+00:00,LUCKNOW_001,12.5,999.6,95.0,False,NORMAL
2025-01-29 19:00:00+00:00,LUCKNOW_001,12.8,999.4,93.0,False,NORMAL
2025-01-29 20:00:00+00:00,LUCKNOW_001,12.4,999.1,94.0,False,NORMAL
2025-01-29 21:00:00+00:00,LUCKNOW_001,12.1,998.5,91.0,False,NORMAL
2025-01-29 22:00:00+00:00,LUCKNOW_001,9.0,997.7,100.0,False,NORMAL
2025-01-29 23:00:00+00:00,LUCKNOW_001,8.5,997.2,100.0,False,NORMAL
2025-01-30 00:00:00+00:00,LUCKNOW_001,9.3,997.4,97.0,False,NORMAL
2025-01-30 01:00:00+00:00,LUCKNOW_001,8.9,997.6,96.0,False,NORMAL
2025-01-30 02:00:00+00:00,LUCKNOW_001,10.1,998.4,95.0,False,NORMAL
2025-01-30 03:00:00+00:00,LUCKNOW_001,11.0,999.2,95.0,False,NORMAL
2025-01-30 04:00:00+00:00,LUCKNOW_001,13.6,999.7,93.0,False,NORMAL
2025-01-30 05:00:00+00:00,LUCKNOW_001,20.6,1000.0,69.0,False,NORMAL
2025-01-30 06:00:00+00:00,LUCKNOW_001,21.7,999.4,60.0,False,NORMAL
2025-01-30 07:00:00+00:00,LUCKNOW_001,22.0,998.5,56.0,False,NORMAL
2025-01-30 08:00:00+00:00,LUCKNOW_001,24.9,997.3,45.0,False,NORMAL
2025-01-30 09:00:00+00:00,LUCKNOW_001,25.3,996.2,44.0,False,NORMAL
2025-01-30 10:00:00+00:00,LUCKNOW_001,22.9,995.5,54.0,False,NORMAL
2025-01-30 11:00:00+00:00,LUCKNOW_001,22.7,995.1,56.0,False,NORMAL
2025-01-30 12:00:00+00:00,LUCKNOW_001,22.8,995.4,53.0,False,NORMAL
2025-01-30 13:00:00+00:00,LUCKNOW_001,23.3,995.4,55.0,False,NORMAL
2025-01-30 14:00:00+00:00,LUCKNOW_001,21.3,996.2,61.0,False,NORMAL
2025-01-30 15:00:00+00:00,LUCKNOW_001,17.6,996.2,74.0,False,NORMAL
2025-01-30 16:00:00+00:00,LUCKNOW_001,16.4,996.7,78.0,False,NORMAL
2025-01-30 17:00:00+00:00,LUCKNOW_001,14.4,996.6,84.0,False,NORMAL
2025-01-30 18:00:00+00:00,LUCKNOW_001,14.0,996.5,86.0,False,NORMAL
2025-01-30 19:00:00+00:00,LUCKNOW_001,13.2,996.4,89.0,False,NORMAL
2025-01-30 20:00:00+00:00,LUCKNOW_001,12.2,996.1,91.0,False,NORMAL
2025-01-30 21:00:00+00:00,LUCKNOW_001,11.6,995.6,92.0,False,NORMAL
2025-01-30 22:00:00+00:00,LUCKNOW_001,9.6,995.4,95.0,False,NORMAL
2025-01-30 23:00:00+00:00,LUCKNOW_001,9.5,995.1,94.0,False,NORMAL
2025-01-31 00:00:00+00:00,LUCKNOW_001,10.6,995.7,89.0,False,NORMAL
2025-01-31 01:00:00+00:00,LUCKNOW_001,11.1,996.0,87.0,False,NORMAL
2025-01-31 02:00:00+00:00,LUCKNOW_001,12.2,997.0,85.0,False,NORMAL
2025-01-31 03:00:00+00:00,LUCKNOW_001,12.8,997.9,86.0,False,NORMAL
2025-01-31 04:00:00+00:00,LUCKNOW_001,14.3,998.7,86.0,False,NORMAL
2025-01-31 05:00:00+00:00,LUCKNOW_001,22.3,999.5,66.0,False,NORMAL
2025-01-31 06:00:00+00:00,LUCKNOW_001,23.8,999.3,55.0,False,NORMAL
2025-01-31 07:00:00+00:00,LUCKNOW_001,23.9,998.3,55.0,False,NORMAL
2025-01-31 08:00:00+00:00,LUCKNOW_001,26.8,997.4,45.0,False,NORMAL
2025-01-31 09:00:00+00:00,LUCKNOW_001,27.0,996.8,44.0,False,NORMAL
2025-01-31 10:00:00+00:00,LUCKNOW_001,24.5,996.3,56.0,False,NORMAL
2025-01-31 11:00:00+00:00,LUCKNOW_001,24.2,996.1,60.0,False,NORMAL
2025-01-31 12:00:00+00:00,LUCKNOW_001,23.7,996.2,59.0,False,NORMAL
2025-01-31 13:00:00+00:00,LUCKNOW_001,24.4,996.7,57.0,False,NORMAL
2025-01-31 14:00:00+00:00,LUCKNOW_001,22.2,997.2,63.0,False,NORMAL
2025-01-31 15:00:00+00:00,LUCKNOW_001,18.3,997.7,79.0,False,NORMAL
2025-01-31 16:00:00+00:00,LUCKNOW_001,16.4,998.2,87.0,False,NORMAL
2025-01-31 17:00:00+00:00,LUCKNOW_001,14.3,998.4,93.0,False,NORMAL
2025-01-31 18:00:00+00:00,LUCKNOW_001,14.2,998.0,93.0,False,NORMAL
2025-01-31 19:00:00+00:00,LUCKNOW_001,14.5,998.3,92.0,False,NORMAL
2025-01-31 20:00:00+00:00,LUCKNOW_001,13.8,997.9,93.0,False,NORMAL
2025-01-31 21:00:00+00:00,LUCKNOW_001,13.5,997.7,91.0,False,NORMAL
2025-01-31 22:00:00+00:00,LUCKNOW_001,12.3,997.6,94.0,False,NORMAL
2025-01-31 23:00:00+00:00,LUCKNOW_001,11.9,996.9,95.0,False,NORMAL
2025-02-01 00:00:00+00:00,LUCKNOW_001,12.4,997.5,91.0,False,NORMAL
2025-02-01 01:00:00+00:00,LUCKNOW_001,12.3,998.0,91.0,False,NORMAL
2025-02-01 02:00:00+00:00,LUCKNOW_001,13.9,998.7,89.0,False,NORMAL
2025-02-01 03:00:00+00:00,LUCKNOW_001,14.2,999.7,89.0,False,NORMAL
2025-02-01 04:00:00+00:00,LUCKNOW_001,16.1,1000.3,86.0,False,NORMAL
2025-02-01 05:00:00+00:00,LUCKNOW_001,23.5,1001.0,66.0,False,NORMAL
2025-02-01 06:00:00+00:00,LUCKNOW_001,24.5,1000.8,55.0,False,NORMAL
2025-02-01 07:00:00+00:00,LUCKNOW_001,25.2,1000.1,51.0,False,NORMAL
2025-02-01 08:00:00+00:00,LUCKNOW_001,27.6,999.5,42.0,False,NORMAL
2025-02-01 09:00:00+00:00,LUCKNOW_001,27.7,998.6,41.0,False,NORMAL
2025-02-01 10:00:00+00:00,LUCKNOW_001,25.1,998.2,50.0,False,NORMAL
2025-02-01 11:00:00+00:00,LUCKNOW_001,25.0,997.9,53.0,False,NORMAL
2025-02-01 12:00:00+00:00,LUCKNOW_001,25.2,997.7,50.0,False,NORMAL
2025-02-01 13:00:00+00:00,LUCKNOW_001,23.3,998.2,58.0,False,NORMAL
2025-02-01 14:00:00+00:00,LUCKNOW_001,21.4,998.5,66.0,False,NORMAL
2025-02-01 15:00:00+00:00,LUCKNOW_001,18.8,998.9,75.0,False,NORMAL
2025-02-01 16:00:00+00:00,LUCKNOW_001,18.6,999.5,76.0,False,NORMAL
2025-02-01 17:00:00+00:00,LUCKNOW_001,17.1,999.6,81.0,False,NORMAL
2025-02-01 18:00:00+00:00,LUCKNOW_001,16.3,999.1,85.0,False,NORMAL
2025-02-01 19:00:00+00:00,LUCKNOW_001,15.3,999.0,89.0,False,NORMAL
2025-02-01 20:00:00+00:00,LUCKNOW_001,13.9,998.8,92.0,False,NORMAL
2025-02-01 21:00:00+00:00,LUCKNOW_001,13.5,998.5,89.0,False,NORMAL
2025-02-01 22:00:00+00:00,LUCKNOW_001,12.9,998.2,91.0,False,NORMAL
2025-02-01 23:00:00+00:00,LUCKNOW_001,12.8,997.8,94.0,False,NORMAL
2025-02-02 00:00:00+00:00,LUCKNOW_001,13.3,998.7,91.0,False,NORMAL
2025-02-02 01:00:00+00:00,LUCKNOW_001,13.2,999.3,91.0,False,NORMAL
2025-02-02 02:00:00+00:00,LUCKNOW_001,14.3,1000.0,89.0,False,NORMAL
2025-02-02 03:00:00+00:00,LUCKNOW_001,15.5,1001.0,79.0,False,NORMAL
2025-02-02 04:00:00+00:00,LUCKNOW_001,18.8,1001.7,75.0,False,NORMAL
2025-02-02 05:00:00+00:00,LUCKNOW_001,24.9,1002.3,57.0,False,NORMAL
2025-02-02 06:00:00+00:00,LUCKNOW_001,25.8,1001.6,48.0,False,NORMAL
2025-02-02 07:00:00+00:00,LUCKNOW_001,26.2,1001.1,46.0,False,NORMAL
2025-02-02 08:00:00+00:00,LUCKNOW_001,28.0,1000.0,39.0,False,NORMAL
2025-02-02 09:00:00+00:00,LUCKNOW_001,28.1,999.1,39.0,False,NORMAL
2025-02-02 10:00:00+00:00,LUCKNOW_001,25.7,998.2,50.0,False,NORMAL
2025-02-02 11:00:00+00:00,LUCKNOW_001,25.5,998.1,51.0,False,NORMAL
2025-02-02 12:00:00+00:00,LUCKNOW_001,25.2,998.2,51.0,False,NORMAL
2025-02-02 13:00:00+00:00,LUCKNOW_001,24.2,998.7,57.0,False,NORMAL
2025-02-02 14:00:00+00:00,LUCKNOW_001,21.2,999.2,64.0,False,NORMAL
2025-02-02 15:00:00+00:00,LUCKNOW_001,18.2,999.6,77.0,False,NORMAL
2025-02-02 16:00:00+00:00,LUCKNOW_001,17.8,999.9,79.0,False,NORMAL
2025-02-02 17:00:00+00:00,LUCKNOW_001,16.8,1000.2,83.0,False,NORMAL
2025-02-02 18:00:00+00:00,LUCKNOW_001,16.9,999.8,83.0,False,NORMAL
2025-02-02 19:00:00+00:00,LUCKNOW_001,17.1,999.4,82.0,False,NORMAL
2025-02-02 20:00:00+00:00,LUCKNOW_001,16.5,999.1,84.0,False,NORMAL
2025-02-02 21:00:00+00:00,LUCKNOW_001,16.3,998.4,82.0,False,NORMAL
2025-02-02 22:00:00+00:00,LUCKNOW_001,14.4,998.4,92.0,False,NORMAL
2025-02-02 23:00:00+00:00,LUCKNOW_001,14.0,998.0,94.0,False,NORMAL
2025-02-03 00:00:00+00:00,LUCKNOW_001,14.2,998.4,91.0,False,NORMAL
2025-02-03 01:00:00+00:00,LUCKNOW_001,14.1,999.1,91.0,False,NORMAL
2025-02-03 02:00:00+00:00,LUCKNOW_001,14.7,999.8,88.0,False,NORMAL
2025-02-03 03:00:00+00:00,LUCKNOW_001,14.9,1000.5,85.0,False,NORMAL
2025-02-03 04:00:00+00:00,LUCKNOW_001,15.0,1001.1,83.0,False,NORMAL
2025-02-03 05:00:00+00:00,LUCKNOW_001,20.9,1001.9,61.0,False,NORMAL
2025-02-03 06:00:00+00:00,LUCKNOW_001,24.6,1001.7,42.0,False,NORMAL
2025-02-03 07:00:00+00:00,LUCKNOW_001,24.7,1001.0,38.0,False,NORMAL
2025-02-03 08:00:00+00:00,LUCKNOW_001,26.7,999.9,32.0,False,NORMAL
2025-02-03 09:00:00+00:00,LUCKNOW_001,26.6,999.3,32.0,False,NORMAL
2025-02-03 10:00:00+00:00,LUCKNOW_001,24.3,999.0,44.0,False,NORMAL
2025-02-03 11:00:00+00:00,LUCKNOW_001,24.1,999.1,46.0,False,NORMAL
2025-02-03 12:00:00+00:00,LUCKNOW_001,23.7,998.8,45.0,False,NORMAL
2025-02-03 13:00:00+00:00,LUCKNOW_001,22.6,999.6,50.0,False,NORMAL
2025-02-03 14:00:00+00:00,LUCKNOW_001,20.9,1000.0,58.0,False,NORMAL
2025-02-03 15:00:00+00:00,LUCKNOW_001,17.7,1000.6,72.0,False,NORMAL
2025-02-03 16:00:00+00:00,LUCKNOW_001,16.9,1001.0,77.0,False,NORMAL
2025-02-03 17:00:00+00:00,LUCKNOW_001,14.9,1000.9,83.0,False,NORMAL
2025-02-03 18:00:00+00:00,LUCKNOW_001,14.2,1000.7,85.0,False,NORMAL
2025-02-03 19:00:00+00:00,LUCKNOW_001,14.0,1000.7,86.0,False,NORMAL
2025-02-03 20:00:00+00:00,LUCKNOW_001,13.9,1000.4,86.0,False,NORMAL
2025-02-03 21:00:00+00:00,LUCKNOW_001,13.5,1000.0,85.0,False,NORMAL
2025-02-03 22:00:00+00:00,LUCKNOW_001,13.0,999.5,88.0,False,NORMAL
2025-02-03 23:00:00+00:00,LUCKNOW_001,12.7,999.5,87.0,False,NORMAL
2025-02-04 00:00:00+00:00,LUCKNOW_001,13.4,999.9,87.0,False,NORMAL
2025-02-04 01:00:00+00:00,LUCKNOW_001,14.1,1000.3,83.0,False,NORMAL
2025-02-04 02:00:00+00:00,LUCKNOW_001,15.2,1001.3,79.0,False,NORMAL
2025-02-04 03:00:00+00:00,LUCKNOW_001,15.4,1001.7,76.0,False,NORMAL
2025-02-04 04:00:00+00:00,LUCKNOW_001,15.6,1002.4,73.0,False,NORMAL
2025-02-04 05:00:00+00:00,LUCKNOW_001,20.2,1002.8,54.0,False,NORMAL
2025-02-04 06:00:00+00:00,LUCKNOW_001,24.0,1002.2,44.0,False,NORMAL
2025-02-04 07:00:00+00:00,LUCKNOW_001,24.6,1001.3,43.0,False,NORMAL
2025-02-04 08:00:00+00:00,LUCKNOW_001,26.3,1000.2,41.0,False,NORMAL
2025-02-04 09:00:00+00:00,LUCKNOW_001,26.5,999.2,42.0,False,NORMAL
2025-02-04 10:00:00+00:00,LUCKNOW_001,24.2,998.4,54.0,False,NORMAL
2025-02-04 11:00:00+00:00,LUCKNOW_001,23.9,998.5,56.0,False,NORMAL
2025-02-04 12:00:00+00:00,LUCKNOW_001,23.7,998.0,56.0,False,NORMAL
2025-02-04 13:00:00+00:00,LUCKNOW_001,22.9,998.1,62.0,False,NORMAL
2025-02-04 14:00:00+00:00,LUCKNOW_001,22.0,998.4,66.0,False,NORMAL
2025-02-04 15:00:00+00:00,LUCKNOW_001,19.4,998.5,75.0,False,NORMAL
2025-02-04 16:00:00+00:00,LUCKNOW_001,18.5,998.7,81.0,False,NORMAL
2025-02-04 17:00:00+00:00,LUCKNOW_001,17.5,998.8,84.0,False,NORMAL
2025-02-04 18:00:00+00:00,LUCKNOW_001,17.6,998.6,81.0,False,NORMAL
2025-02-04 19:00:00+00:00,LUCKNOW_001,17.9,998.4,81.0,False,NORMAL
2025-02-04 20:00:00+00:00,LUCKNOW_001,17.1,998.0,82.0,False,NORMAL
2025-02-04 21:00:00+00:00,LUCKNOW_001,16.7,997.5,81.0,False,NORMAL
2025-02-04 22:00:00+00:00,LUCKNOW_001,15.2,997.3,90.0,False,NORMAL
2025-02-04 23:00:00+00:00,LUCKNOW_001,15.1,996.8,90.0,False,NORMAL
2025-02-05 00:00:00+00:00,LUCKNOW_001,15.8,997.6,86.0,False,NORMAL
2025-02-05 01:00:00+00:00,LUCKNOW_001,16.2,998.2,84.0,False,NORMAL
2025-02-05 02:00:00+00:00,LUCKNOW_001,16.6,999.0,81.0,False,NORMAL
2025-02-05 03:00:00+00:00,LUCKNOW_001,18.2,999.7,74.0,False,NORMAL
2025-02-05 04:00:00+00:00,LUCKNOW_001,18.6,1000.3,73.0,False,NORMAL
2025-02-05 05:00:00+00:00,LUCKNOW_001,21.9,1001.0,62.0,False,NORMAL
2025-02-05 06:00:00+00:00,LUCKNOW_001,24.0,1001.0,53.0,False,NORMAL
2025-02-05 07:00:00+00:00,LUCKNOW_001,24.5,1000.1,53.0,False,NORMAL
2025-02-05 08:00:00+00:00,LUCKNOW_001,26.6,999.2,48.0,False,NORMAL
2025-02-05 09:00:00+00:00,LUCKNOW_001,26.8,998.5,47.0,False,NORMAL
2025-02-05 10:00:00+00:00,LUCKNOW_001,24.3,997.3,55.0,False,NORMAL
2025-02-05 11:00:00+00:00,LUCKNOW_001,24.0,997.9,56.0,False,NORMAL
2025-02-05 12:00:00+00:00,LUCKNOW_001,23.8,997.9,57.0,False,NORMAL
2025-02-05 13:00:00+00:00,LUCKNOW_001,23.5,998.8,58.0,False,NORMAL
2025-02-05 14:00:00+00:00,LUCKNOW_001,22.2,999.5,60.0,False,NORMAL
2025-02-05 15:00:00+00:00,LUCKNOW_001,18.6,1000.4,66.0,False,NORMAL
2025-02-05 16:00:00+00:00,LUCKNOW_001,17.7,1001.2,66.0,False,NORMAL
2025-02-05 17:00:00+00:00,LUCKNOW_001,15.6,1001.3,67.0,False,NORMAL
2025-02-05 18:00:00+00:00,LUCKNOW_001,15.6,1001.1,66.0,False,NORMAL
2025-02-05 19:00:00+00:00,LUCKNOW_001,15.5,1001.3,66.0,False,NORMAL
2025-02-05 20:00:00+00:00,LUCKNOW_001,14.0,1000.9,69.0,False,NORMAL
2025-02-05 21:00:00+00:00,LUCKNOW_001,14.2,1000.6,69.0,False,NORMAL
2025-02-05 22:00:00+00:00,LUCKNOW_001,12.1,1000.0,73.0,False,NORMAL
2025-02-05 23:00:00+00:00,LUCKNOW_001,32.1,1000.0,74.0,True,SPIKE
2025-02-06 00:00:00+00:00,LUCKNOW_001,12.8,1000.3,76.0,False,NORMAL
2025-02-06 01:00:00+00:00,LUCKNOW_001,12.9,1000.8,76.0,False,NORMAL
2025-02-06 02:00:00+00:00,LUCKNOW_001,13.4,1001.3,74.0,False,NORMAL
2025-02-06 03:00:00+00:00,LUCKNOW_001,14.0,1002.0,71.0,False,NORMAL
2025-02-06 04:00:00+00:00,LUCKNOW_001,14.3,1002.2,66.0,False,NORMAL
2025-02-06 05:00:00+00:00,LUCKNOW_001,19.4,1002.8,47.0,False,NORMAL
2025-02-06 06:00:00+00:00,LUCKNOW_001,22.0,1002.5,38.0,False,NORMAL
2025-02-06 07:00:00+00:00,LUCKNOW_001,22.5,1002.1,37.0,False,NORMAL
2025-02-06 08:00:00+00:00,LUCKNOW_001,24.9,1000.9,30.0,False,NORMAL
2025-02-06 09:00:00+00:00,LUCKNOW_001,25.0,1000.1,29.0,False,NORMAL
2025-02-06 10:00:00+00:00,LUCKNOW_001,21.9,999.9,40.0,False,NORMAL
2025-02-06 11:00:00+00:00,LUCKNOW_001,21.8,999.1,42.0,False,NORMAL
2025-02-06 12:00:00+00:00,LUCKNOW_001,21.8,999.6,42.0,False,NORMAL
2025-02-06 13:00:00+00:00,LUCKNOW_001,21.6,999.7,43.0,False,NORMAL
2025-02-06 14:00:00+00:00,LUCKNOW_001,19.5,1000.6,49.0,False,NORMAL
2025-02-06 15:00:00+00:00,LUCKNOW_001,16.1,1001.0,61.0,False,NORMAL
2025-02-06 16:00:00+00:00,LUCKNOW_001,15.9,1001.6,61.0,False,NORMAL
2025-02-06 17:00:00+00:00,LUCKNOW_001,14.5,1001.7,64.0,False,NORMAL
2025-02-06 18:00:00+00:00,LUCKNOW_001,14.4,1001.6,63.0,False,NORMAL
2025-02-06 19:00:00+00:00,LUCKNOW_001,14.3,1001.7,64.0,False,NORMAL
2025-02-06 20:00:00+00:00,LUCKNOW_001,13.1,1001.2,70.0,False,NORMAL
2025-02-06 21:00:00+00:00,LUCKNOW_001,12.5,1000.6,69.0,False,NORMAL
2025-02-06 22:00:00+00:00,LUCKNOW_001,10.6,1001.0,75.0,False,NORMAL
2025-02-06 23:00:00+00:00,LUCKNOW_001,10.3,999.9,76.0,False,NORMAL
2025-02-07 00:00:00+00:00,LUCKNOW_001,11.5,1001.1,75.0,False,NORMAL
2025-02-07 01:00:00+00:00,LUCKNOW_001,11.5,1001.1,76.0,False,NORMAL
2025-02-07 02:00:00+00:00,LUCKNOW_001,12.4,1002.2,72.0,False,NORMAL
2025-02-07 03:00:00+00:00,LUCKNOW_001,12.2,1002.7,71.0,False,NORMAL
2025-02-07 04:00:00+00:00,LUCKNOW_001,12.4,1003.1,66.0,False,NORMAL
2025-02-07 05:00:00+00:00,LUCKNOW_001,17.3,1003.6,53.0,False,NORMAL
2025-02-07 06:00:00+00:00,LUCKNOW_001,19.8,1003.1,46.0,False,NORMAL
2025-02-07 07:00:00+00:00,LUCKNOW_001,20.2,1002.0,44.0,False,NORMAL
2025-02-07 08:00:00+00:00,LUCKNOW_001,23.2,1001.0,37.0,False,NORMAL
2025-02-07 09:00:00+00:00,LUCKNOW_001,23.3,1000.2,36.0,False,NORMAL
2025-02-07 10:00:00+00:00,LUCKNOW_001,21.6,999.7,45.0,False,NORMAL
2025-02-07 11:00:00+00:00,LUCKNOW_001,21.7,999.5,44.0,False,NORMAL
2025-02-07 12:00:00+00:00,LUCKNOW_001,21.7,999.9,44.0,False,NORMAL
2025-02-07 13:00:00+00:00,LUCKNOW_001,21.4,1000.2,45.0,False,NORMAL
2025-02-07 14:00:00+00:00,LUCKNOW_001,19.1,1001.0,52.0,False,NORMAL
2025-02-07 15:00:00+00:00,LUCKNOW_001,15.3,1001.4,65.0,False,NORMAL
2025-02-07 16:00:00+00:00,LUCKNOW_001,15.0,1001.6,66.0,False,NORMAL
2025-02-07 17:00:00+00:00,LUCKNOW_001,13.7,1001.9,71.0,False,NORMAL
2025-02-07 18:00:00+00:00,LUCKNOW_001,13.9,1001.8,71.0,False,NORMAL
2025-02-07 19:00:00+00:00,LUCKNOW_001,13.9,1001.2,71.0,False,NORMAL
2025-02-07 20:00:00+00:00,LUCKNOW_001,12.8,1000.5,76.0,False,NORMAL
2025-02-07 21:00:00+00:00,LUCKNOW_001,12.6,1000.1,75.0,False,NORMAL
2025-02-07 22:00:00+00:00,LUCKNOW_001,10.4,999.7,80.0,False,NORMAL
2025-02-07 23:00:00+00:00,LUCKNOW_001,10.1,999.3,81.0,False,NORMAL
2025-02-08 00:00:00+00:00,LUCKNOW_001,11.6,1000.0,76.0,False,NORMAL
2025-02-08 01:00:00+00:00,LUCKNOW_001,11.7,1000.6,75.0,False,NORMAL
2025-02-08 02:00:00+00:00,LUCKNOW_001,12.8,1001.5,71.0,False,NORMAL
2025-02-08 03:00:00+00:00,LUCKNOW_001,12.5,1002.4,71.0,False,NORMAL
2025-02-08 04:00:00+00:00,LUCKNOW_001,12.5,1002.5,66.0,False,NORMAL
2025-02-08 05:00:00+00:00,LUCKNOW_001,18.3,1003.0,52.0,False,NORMAL
2025-02-08 06:00:00+00:00,LUCKNOW_001,20.6,1002.9,47.0,False,NORMAL
2025-02-08 07:00:00+00:00,LUCKNOW_001,20.7,1002.0,47.0,False,NORMAL
2025-02-08 08:00:00+00:00,LUCKNOW_001,24.1,1001.2,40.0,False,NORMAL
2025-02-08 09:00:00+00:00,LUCKNOW_001,24.4,1000.1,39.0,False,NORMAL
2025-02-08 10:00:00+00:00,LUCKNOW_001,22.7,999.7,49.0,False,NORMAL
2025-02-08 11:00:00+00:00,LUCKNOW_001,22.5,999.1,49.0,False,NORMAL
2025-02-08 12:00:00+00:00,LUCKNOW_001,21.9,999.3,51.0,False,NORMAL
2025-02-08 13:00:00+00:00,LUCKNOW_001,21.1,999.6,56.0,False,NORMAL
2025-02-08 14:00:00+00:00,LUCKNOW_001,18.5,1000.5,64.0,False,NORMAL
2025-02-08 15:00:00+00:00,LUCKNOW_001,14.3,1000.8,81.0,False,NORMAL
2025-02-08 16:00:00+00:00,LUCKNOW_001,14.5,1001.4,81.0,False,NORMAL
2025-02-08 17:00:00+00:00,LUCKNOW_001,13.3,1001.0,85.0,False,NORMAL
2025-02-08 18:00:00+00:00,LUCKNOW_001,13.4,1001.2,85.0,False,NORMAL
2025-02-08 19:00:00+00:00,LUCKNOW_001,13.2,1000.6,82.0,False,NORMAL
2025-02-08 20:00:00+00:00,LUCKNOW_001,12.0,1000.2,84.0,False,NORMAL
2025-02-08 21:00:00+00:00,LUCKNOW_001,11.8,999.8,84.0,False,NORMAL
2025-02-08 22:00:00+00:00,LUCKNOW_001,10.9,999.8,85.0,False,NORMAL
2025-02-08 23:00:00+00:00,LUCKNOW_001,10.7,999.7,85.0,False,NORMAL
2025-02-09 00:00:00+00:00,LUCKNOW_001,11.3,999.8,85.0,False,NORMAL
2025-02-09 01:00:00+00:00,LUCKNOW_001,11.1,1000.5,86.0,False,NORMAL
2025-02-09 02:00:00+00:00,LUCKNOW_001,12.3,1001.0,81.0,False,NORMAL
2025-02-09 03:00:00+00:00,LUCKNOW_001,12.8,1001.7,80.0,False,NORMAL
2025-02-09 04:00:00+00:00,LUCKNOW_001,15.5,1002.1,73.0,False,NORMAL
2025-02-09 05:00:00+00:00,LUCKNOW_001,22.6,1002.4,51.0,False,NORMAL
2025-02-09 06:00:00+00:00,LUCKNOW_001,23.5,1002.0,44.0,False,NORMAL
2025-02-09 07:00:00+00:00,LUCKNOW_001,23.9,1001.2,42.0,False,NORMAL
2025-02-09 08:00:00+00:00,LUCKNOW_001,26.4,999.9,36.0,False,NORMAL
2025-02-09 09:00:00+00:00,LUCKNOW_001,27.0,998.8,33.0,False,NORMAL
2025-02-09 10:00:00+00:00,LUCKNOW_001,24.6,997.9,42.0,False,NORMAL
2025-02-09 11:00:00+00:00,LUCKNOW_001,24.4,997.8,45.0,False,NORMAL
2025-02-09 12:00:00+00:00,LUCKNOW_001,23.4,998.0,47.0,False,NORMAL
2025-02-09 13:00:00+00:00,LUCKNOW_001,22.1,998.2,52.0,False,NORMAL
2025-02-09 14:00:00+00:00,LUCKNOW_001,19.5,999.0,59.0,False,NORMAL
2025-02-09 15:00:00+00:00,LUCKNOW_001,16.2,999.1,72.0,False,NORMAL
2025-02-09 16:00:00+00:00,LUCKNOW_001,15.3,999.6,76.0,False,NORMAL
2025-02-09 17:00:00+00:00,LUCKNOW_001,13.9,999.5,80.0,False,NORMAL
2025-02-09 18:00:00+00:00,LUCKNOW_001,13.6,999.3,80.0,False,NORMAL
2025-02-09 19:00:00+00:00,LUCKNOW_001,13.2,998.9,79.0,False,NORMAL
2025-02-09 20:00:00+00:00,LUCKNOW_001,11.9,998.8,83.0,False,NORMAL
2025-02-09 21:00:00+00:00,LUCKNOW_001,11.8,998.5,84.0,False,NORMAL
2025-02-09 22:00:00+00:00,LUCKNOW_001,10.4,998.4,88.0,False,NORMAL
2025-02-09 23:00:00+00:00,LUCKNOW_001,10.5,998.3,88.0,False,NORMAL
2025-02-10 00:00:00+00:00,LUCKNOW_001,11.8,998.4,83.0,False,NORMAL
2025-02-10 01:00:00+00:00,LUCKNOW_001,11.6,999.3,84.0,False,NORMAL
2025-02-10 02:00:00+00:00,LUCKNOW_001,12.9,1000.0,78.0,False,NORMAL
2025-02-10 03:00:00+00:00,LUCKNOW_001,13.9,1001.1,78.0,False,NORMAL
2025-02-10 04:00:00+00:00,LUCKNOW_001,15.3,1001.8,77.0,False,NORMAL
2025-02-10 05:00:00+00:00,LUCKNOW_001,22.4,1002.7,54.0,False,NORMAL
2025-02-10 06:00:00+00:00,LUCKNOW_001,24.9,1002.2,43.0,False,NORMAL
2025-02-10 07:00:00+00:00,LUCKNOW_001,24.9,1001.4,41.0,False,NORMAL
2025-02-10 08:00:00+00:00,LUCKNOW_001,27.3,1000.1,35.0,False,NORMAL
2025-02-10 09:00:00+00:00,LUCKNOW_001,27.4,999.1,34.0,False,NORMAL
2025-02-10 10:00:00+00:00,LUCKNOW_001,25.1,998.3,45.0,False,NORMAL
2025-02-10 11:00:00+00:00,LUCKNOW_001,24.7,998.6,47.0,False,NORMAL
2025-02-10 12:00:00+00:00,LUCKNOW_001,24.3,998.0,48.0,False,NORMAL
2025-02-10 13:00:00+00:00,LUCKNOW_001,23.6,998.5,52.0,False,NORMAL
2025-02-10 14:00:00+00:00,LUCKNOW_001,20.5,999.2,60.0,False,NORMAL
2025-02-10 15:00:00+00:00,LUCKNOW_001,17.3,999.6,73.0,False,NORMAL
2025-02-10 16:00:00+00:00,LUCKNOW_001,16.0,999.7,78.0,False,NORMAL
2025-02-10 17:00:00+00:00,LUCKNOW_001,15.0,999.9,80.0,False,NORMAL
2025-02-10 18:00:00+00:00,LUCKNOW_001,14.6,999.7,81.0,False,NORMAL
2025-02-10 19:00:00+00:00,LUCKNOW_001,14.5,999.4,80.0,False,NORMAL
2025-02-10 20:00:00+00:00,LUCKNOW_001,13.9,998.9,81.0,False,NORMAL
2025-02-10 21:00:00+00:00,LUCKNOW_001,13.9,998.3,80.0,False,NORMAL
2025-02-10 22:00:00+00:00,LUCKNOW_001,13.1,997.8,82.0,False,NORMAL
2025-02-10 23:00:00+00:00,LUCKNOW_001,13.0,997.7,83.0,False,NORMAL
2025-02-11 00:00:00+00:00,LUCKNOW_001,14.5,997.9,79.0,False,NORMAL
2025-02-11 01:00:00+00:00,LUCKNOW_001,14.8,998.6,78.0,False,NORMAL
2025-02-11 02:00:00+00:00,LUCKNOW_001,15.9,999.5,76.0,False,NORMAL
2025-02-11 03:00:00+00:00,LUCKNOW_001,15.9,1000.1,76.0,False,NORMAL
2025-02-11 04:00:00+00:00,LUCKNOW_001,16.8,1000.5,72.0,False,NORMAL
2025-02-11 05:00:00+00:00,LUCKNOW_001,23.1,1001.0,55.0,False,NORMAL
2025-02-11 06:00:00+00:00,LUCKNOW_001,25.5,1000.7,43.0,False,NORMAL
2025-02-11 07:00:00+00:00,LUCKNOW_001,25.9,1000.1,40.0,False,NORMAL
2025-02-11 08:00:00+00:00,LUCKNOW_001,27.7,999.1,35.0,False,NORMAL
2025-02-11 09:00:00+00:00,LUCKNOW_001,28.4,998.0,31.0,False,NORMAL
2025-02-11 10:00:00+00:00,LUCKNOW_001,25.9,997.6,44.0,False,NORMAL
2025-02-11 11:00:00+00:00,LUCKNOW_001,25.8,997.0,47.0,False,NORMAL
2025-02-11 12:00:00+00:00,LUCKNOW_001,25.2,997.0,50.0,False,NORMAL
2025-02-11 13:00:00+00:00,LUCKNOW_001,24.5,997.1,56.0,False,NORMAL
2025-02-11 14:00:00+00:00,LUCKNOW_001,22.5,997.7,63.0,False,NORMAL
2025-02-11 15:00:00+00:00,LUCKNOW_001,19.1,998.2,74.0,False,NORMAL
2025-02-11 16:00:00+00:00,LUCKNOW_001,18.3,998.3,78.0,False,NORMAL
2025-02-11 17:00:00+00:00,LUCKNOW_001,16.6,998.6,84.0,False,NORMAL
2025-02-11 18:00:00+00:00,LUCKNOW_001,16.3,998.4,86.0,False,NORMAL
2025-02-11 19:00:00+00:00,LUCKNOW_001,15.9,998.3,87.0,False,NORMAL
2025-02-11 20:00:00+00:00,LUCKNOW_001,15.1,997.8,88.0,False,NORMAL
2025-02-11 21:00:00+00:00,LUCKNOW_001,15.3,997.4,86.0,False,NORMAL
2025-02-11 22:00:00+00:00,LUCKNOW_001,13.8,996.9,89.0,False,NORMAL
2025-02-11 23:00:00+00:00,LUCKNOW_001,13.7,997.1,90.0,False,NORMAL
2025-02-12 00:00:00+00:00,LUCKNOW_001,14.6,997.1,88.0,False,NORMAL
2025-02-12 01:00:00+00:00,LUCKNOW_001,14.2,998.0,90.0,False,NORMAL
2025-02-12 02:00:00+00:00,LUCKNOW_001,15.5,998.8,85.0,False,NORMAL
2025-02-12 03:00:00+00:00,LUCKNOW_001,15.9,999.6,83.0,False,NORMAL
2025-02-12 04:00:00+00:00,LUCKNOW_001,17.0,1000.3,78.0,False,NORMAL
2025-02-12 05:00:00+00:00,LUCKNOW_001,24.8,1000.8,59.0,False,NORMAL
2025-02-12 06:00:00+00:00,LUCKNOW_001,26.2,1000.6,49.0,False,NORMAL
2025-02-12 07:00:00+00:00,LUCKNOW_001,26.4,999.6,49.0,False,NORMAL
2025-02-12 08:00:00+00:00,LUCKNOW_001,28.4,998.7,42.0,False,NORMAL
2025-02-12 09:00:00+00:00,LUCKNOW_001,28.5,997.9,42.0,False,NORMAL
2025-02-12 10:00:00+00:00,LUCKNOW_001,26.0,997.1,50.0,False,NORMAL
2025-02-12 11:00:00+00:00,LUCKNOW_001,25.9,997.0,51.0,False,NORMAL
2025-02-12 12:00:00+00:00,LUCKNOW_001,25.6,997.2,53.0,False,NORMAL
2025-02-12 13:00:00+00:00,LUCKNOW_001,25.3,997.7,57.0,False,NORMAL
2025-02-12 14:00:00+00:00,LUCKNOW_001,23.6,998.6,61.0,False,NORMAL
2025-02-12 15:00:00+00:00,LUCKNOW_001,19.8,999.5,66.0,False,NORMAL
2025-02-12 16:00:00+00:00,LUCKNOW_001,19.7,1000.0,63.0,False,NORMAL
2025-02-12 17:00:00+00:00,LUCKNOW_001,18.0,1000.2,63.0,False,NORMAL
2025-02-12 18:00:00+00:00,LUCKNOW_001,17.1,1000.0,63.0,False,NORMAL
2025-02-12 19:00:00+00:00,LUCKNOW_001,16.5,999.9,64.0,False,NORMAL
2025-02-12 20:00:00+00:00,LUCKNOW_001,15.4,999.5,69.0,False,NORMAL
2025-02-12 21:00:00+00:00,LUCKNOW_001,15.4,999.1,68.0,False,NORMAL
2025-02-12 22:00:00+00:00,LUCKNOW_001,14.0,998.2,66.0,False,NORMAL
2025-02-12 23:00:00+00:00,LUCKNOW_001,13.6,998.3,66.0,False,NORMAL
2025-02-13 00:00:00+00:00,LUCKNOW_001,14.5,998.4,65.0,False,NORMAL
2025-02-13 01:00:00+00:00,LUCKNOW_001,14.4,998.3,66.0,False,NORMAL
2025-02-13 02:00:00+00:00,LUCKNOW_001,15.0,999.5,63.0,False,NORMAL
2025-02-13 03:00:00+00:00,LUCKNOW_001,15.2,1000.2,63.0,False,NORMAL
2025-02-13 04:00:00+00:00,LUCKNOW_001,15.5,1000.8,59.0,False,NORMAL
2025-02-13 05:00:00+00:00,LUCKNOW_001,20.1,1001.0,43.0,False,NORMAL
2025-02-13 06:00:00+00:00,LUCKNOW_001,22.7,1000.6,36.0,False,NORMAL
2025-02-13 07:00:00+00:00,LUCKNOW_001,23.2,1000.1,35.0,False,NORMAL
2025-02-13 08:00:00+00:00,LUCKNOW_001,25.3,999.0,30.0,False,NORMAL
2025-02-13 09:00:00+00:00,LUCKNOW_001,25.5,998.2,30.0,False,NORMAL
2025-02-13 10:00:00+00:00,LUCKNOW_001,23.7,997.4,39.0,False,NORMAL
2025-02-13 11:00:00+00:00,LUCKNOW_001,23.6,997.5,40.0,False,NORMAL
2025-02-13 12:00:00+00:00,LUCKNOW_001,23.4,997.5,40.0,False,NORMAL
2025-02-13 13:00:00+00:00,LUCKNOW_001,23.1,998.0,42.0,False,NORMAL
2025-02-13 14:00:00+00:00,LUCKNOW_001,21.5,998.5,49.0,False,NORMAL
2025-02-13 15:00:00+00:00,LUCKNOW_001,17.2,999.0,57.0,False,NORMAL
2025-02-13 16:00:00+00:00,LUCKNOW_001,17.1,999.5,56.0,False,NORMAL
2025-02-13 17:00:00+00:00,LUCKNOW_001,15.4,999.4,62.0,False,NORMAL
2025-02-13 18:00:00+00:00,LUCKNOW_001,15.1,999.2,62.0,False,NORMAL
2025-02-13 19:00:00+00:00,LUCKNOW_001,14.8,998.9,62.0,False,NORMAL
2025-02-13 20:00:00+00:00,LUCKNOW_001,13.9,998.4,65.0,False,NORMAL
2025-02-13 21:00:00+00:00,LUCKNOW_001,13.9,998.1,62.0,False,NORMAL
2025-02-13 22:00:00+00:00,LUCKNOW_001,12.7,997.6,66.0,False,NORMAL
2025-02-13 23:00:00+00:00,LUCKNOW_001,12.3,997.6,66.0,False,NORMAL
2025-02-14 00:00:00+00:00,LUCKNOW_001,13.6,998.2,65.0,False,NORMAL
2025-02-14 01:00:00+00:00,LUCKNOW_001,13.5,998.2,65.0,False,NORMAL
2025-02-14 02:00:00+00:00,LUCKNOW_001,14.2,999.3,62.0,False,NORMAL
2025-02-14 03:00:00+00:00,LUCKNOW_001,14.7,999.5,61.0,False,NORMAL
2025-02-14 04:00:00+00:00,LUCKNOW_001,15.4,1000.0,58.0,False,NORMAL
2025-02-14 05:00:00+00:00,LUCKNOW_001,21.1,1000.1,41.0,False,NORMAL
2025-02-14 06:00:00+00:00,LUCKNOW_001,22.8,999.8,33.0,False,NORMAL
2025-02-14 07:00:00+00:00,LUCKNOW_001,23.0,998.7,33.0,False,NORMAL
2025-02-14 08:00:00+00:00,LUCKNOW_001,25.6,997.8,29.0,False,NORMAL
2025-02-14 09:00:00+00:00,LUCKNOW_001,25.9,996.7,29.0,False,NORMAL
2025-02-14 10:00:00+00:00,LUCKNOW_001,24.1,995.9,36.0,False,NORMAL
2025-02-14 11:00:00+00:00,LUCKNOW_001,23.9,996.1,38.0,False,NORMAL
2025-02-14 12:00:00+00:00,LUCKNOW_001,24.0,996.0,38.0,False,NORMAL
2025-02-14 13:00:00+00:00,LUCKNOW_001,23.5,996.3,41.0,False,NORMAL
2025-02-14 14:00:00+00:00,LUCKNOW_001,21.6,996.7,46.0,False,NORMAL
2025-02-14 15:00:00+00:00,LUCKNOW_001,18.0,997.1,55.0,False,NORMAL
2025-02-14 16:00:00+00:00,LUCKNOW_001,17.2,997.7,59.0,False,NORMAL
2025-02-14 17:00:00+00:00,LUCKNOW_001,15.7,997.9,64.0,False,NORMAL
2025-02-14 18:00:00+00:00,LUCKNOW_001,15.8,997.9,64.0,False,NORMAL
2025-02-14 19:00:00+00:00,LUCKNOW_001,15.6,997.6,67.0,False,NORMAL
2025-02-14 20:00:00+00:00,LUCKNOW_001,14.5,997.5,70.0,False,NORMAL
2025-02-14 21:00:00+00:00,LUCKNOW_001,14.3,996.7,72.0,False,NORMAL
2025-02-14 22:00:00+00:00,LUCKNOW_001,12.4,996.5,80.0,False,NORMAL
2025-02-14 23:00:00+00:00,LUCKNOW_001,11.7,996.1,82.0,False,NORMAL
2025-02-15 00:00:00+00:00,LUCKNOW_001,13.0,996.7,80.0,False,NORMAL
2025-02-15 01:00:00+00:00,LUCKNOW_001,13.2,997.0,78.0,False,NORMAL
2025-02-15 02:00:00+00:00,LUCKNOW_001,14.6,998.4,73.0,False,NORMAL
2025-02-15 03:00:00+00:00,LUCKNOW_001,15.7,999.1,72.0,False,NORMAL
2025-02-15 04:00:00+00:00,LUCKNOW_001,16.2,999.7,69.0,False,NORMAL
2025-02-15 05:00:00+00:00,LUCKNOW_001,22.4,1000.0,54.0,False,NORMAL
2025-02-15 06:00:00+00:00,LUCKNOW_001,24.0,999.8,41.0,False,NORMAL
2025-02-15 07:00:00+00:00,LUCKNOW_001,24.4,998.9,40.0,False,NORMAL
2025-02-15 08:00:00+00:00,LUCKNOW_001,27.0,997.8,36.0,False,NORMAL
2025-02-15 09:00:00+00:00,LUCKNOW_001,27.3,997.0,36.0,False,NORMAL
2025-02-15 10:00:00+00:00,LUCKNOW_001,25.5,996.5,44.0,False,NORMAL
2025-02-15 11:00:00+00:00,LUCKNOW_001,25.5,996.2,44.0,False,NORMAL
2025-02-15 12:00:00+00:00,LUCKNOW_001,24.7,996.2,49.0,False,NORMAL
2025-02-15 13:00:00+00:00,LUCKNOW_001,23.6,996.5,53.0,False,NORMAL
2025-02-15 14:00:00+00:00,LUCKNOW_001,21.3,996.8,61.0,False,NORMAL
2025-02-15 15:00:00+00:00,LUCKNOW_001,17.7,997.2,73.0,False,NORMAL
2025-02-15 16:00:00+00:00,LUCKNOW_001,17.2,997.7,75.0,False,NORMAL
2025-02-15 17:00:00+00:00,LUCKNOW_001,15.6,997.7,83.0,False,NORMAL
2025-02-15 18:00:00+00:00,LUCKNOW_001,16.1,997.6,81.0,False,NORMAL
2025-02-15 19:00:00+00:00,LUCKNOW_001,17.0,997.1,76.0,False,NORMAL
2025-02-15 20:00:00+00:00,LUCKNOW_001,16.4,996.8,76.0,False,NORMAL
2025-02-15 21:00:00+00:00,LUCKNOW_001,16.3,996.6,77.0,False,NORMAL
2025-02-15 22:00:00+00:00,LUCKNOW_001,12.8,996.2,94.0,False,NORMAL
2025-02-15 23:00:00+00:00,LUCKNOW_001,11.9,996.6,98.0,False,NORMAL
2025-02-16 00:00:00+00:00,LUCKNOW_001,13.0,996.8,94.0,False,NORMAL
2025-02-16 01:00:00+00:00,LUCKNOW_001,12.9,997.4,94.0,False,NORMAL
2025-02-16 02:00:00+00:00,LUCKNOW_001,14.8,998.3,85.0,False,NORMAL
2025-02-16 03:00:00+00:00,LUCKNOW_001,15.8,999.3,81.0,False,NORMAL
2025-02-16 04:00:00+00:00,LUCKNOW_001,17.0,999.7,74.0,False,NORMAL
2025-02-16 05:00:00+00:00,LUCKNOW_001,24.2,1000.1,54.0,False,NORMAL
2025-02-16 06:00:00+00:00,LUCKNOW_001,25.2,999.8,45.0,False,NORMAL
2025-02-16 07:00:00+00:00,LUCKNOW_001,25.7,998.8,43.0,False,NORMAL
2025-02-16 08:00:00+00:00,LUCKNOW_001,27.8,998.0,38.0,False,NORMAL
2025-02-16 09:00:00+00:00,LUCKNOW_001,28.0,997.0,38.0,False,NORMAL
2025-02-16 10:00:00+00:00,LUCKNOW_001,26.3,996.4,48.0,False,NORMAL
2025-02-16 11:00:00+00:00,LUCKNOW_001,26.3,996.6,47.0,False,NORMAL
2025-02-16 12:00:00+00:00,LUCKNOW_001,26.4,996.8,49.0,False,NORMAL
2025-02-16 13:00:00+00:00,LUCKNOW_001,27.4,997.6,44.0,False,NORMAL
2025-02-16 14:00:00+00:00,LUCKNOW_001,24.6,998.2,52.0,False,NORMAL
2025-02-16 15:00:00+00:00,LUCKNOW_001,20.4,999.0,70.0,False,NORMAL
2025-02-16 16:00:00+00:00,LUCKNOW_001,19.3,999.8,76.0,False,NORMAL
2025-02-16 17:00:00+00:00,LUCKNOW_001,18.4,1000.1,79.0,False,NORMAL
2025-02-16 18:00:00+00:00,LUCKNOW_001,18.1,1000.0,82.0,False,NORMAL
2025-02-16 19:00:00+00:00,LUCKNOW_001,17.5,1000.2,85.0,False,NORMAL
2025-02-16 20:00:00+00:00,LUCKNOW_001,16.5,999.8,87.0,False,NORMAL
2025-02-16 21:00:00+00:00,LUCKNOW_001,16.5,999.7,87.0,False,NORMAL
2025-02-16 22:00:00+00:00,LUCKNOW_001,14.3,999.1,95.0,False,NORMAL
2025-02-16 23:00:00+00:00,LUCKNOW_001,13.9,999.1,96.0,False,NORMAL
2025-02-17 00:00:00+00:00,LUCKNOW_001,14.8,999.7,91.0,False,NORMAL
2025-02-17 01:00:00+00:00,LUCKNOW_001,14.8,1000.3,90.0,False,NORMAL
2025-02-17 02:00:00+00:00,LUCKNOW_001,16.3,1001.9,85.0,False,NORMAL
2025-02-17 03:00:00+00:00,LUCKNOW_001,17.1,1002.2,82.0,False,NORMAL
2025-02-17 04:00:00+00:00,LUCKNOW_001,17.9,1002.9,79.0,False,NORMAL
2025-02-17 05:00:00+00:00,LUCKNOW_001,24.5,1003.2,62.0,False,NORMAL
2025-02-17 06:00:00+00:00,LUCKNOW_001,25.8,1003.2,52.0,False,NORMAL
2025-02-17 07:00:00+00:00,LUCKNOW_001,25.9,1002.3,51.0,False,NORMAL
2025-02-17 08:00:00+00:00,LUCKNOW_001,28.0,1001.5,41.0,False,NORMAL
2025-02-17 09:00:00+00:00,LUCKNOW_001,28.1,1000.6,41.0,False,NORMAL
2025-02-17 10:00:00+00:00,LUCKNOW_001,26.6,999.8,50.0,False,NORMAL
2025-02-17 11:00:00+00:00,LUCKNOW_001,26.5,999.6,50.0,False,NORMAL
2025-02-17 12:00:00+00:00,LUCKNOW_001,25.9,999.5,59.0,False,NORMAL
2025-02-17 13:00:00+00:00,LUCKNOW_001,25.1,1000.0,58.0,False,NORMAL
2025-02-17 14:00:00+00:00,LUCKNOW_001,21.6,1000.8,68.0,False,NORMAL
2025-02-17 15:00:00+00:00,LUCKNOW_001,18.7,1001.0,79.0,False,NORMAL
2025-02-17 16:00:00+00:00,LUCKNOW_001,18.5,1001.1,79.0,False,NORMAL
2025-02-17 17:00:00+00:00,LUCKNOW_001,17.1,1001.0,84.0,False,NORMAL
2025-02-17 18:00:00+00:00,LUCKNOW_001,17.4,1001.1,82.0,False,NORMAL
2025-02-17 19:00:00+00:00,LUCKNOW_001,17.7,1000.7,81.0,False,NORMAL
2025-02-17 20:00:00+00:00,LUCKNOW_001,16.2,1000.4,85.0,False,NORMAL
2025-02-17 21:00:00+00:00,LUCKNOW_001,15.3,1000.0,89.0,False,NORMAL
2025-02-17 22:00:00+00:00,LUCKNOW_001,14.4,999.6,90.0,False,NORMAL
2025-02-17 23:00:00+00:00,LUCKNOW_001,14.4,999.5,90.0,False,NORMAL
2025-02-18 00:00:00+00:00,LUCKNOW_001,15.5,999.7,86.0,False,NORMAL
2025-02-18 01:00:00+00:00,LUCKNOW_001,15.2,999.9,87.0,False,NORMAL
2025-02-18 02:00:00+00:00,LUCKNOW_001,16.9,1000.7,82.0,False,NORMAL
2025-02-18 03:00:00+00:00,LUCKNOW_001,17.2,1001.4,83.0,False,NORMAL
2025-02-18 04:00:00+00:00,LUCKNOW_001,18.3,1002.0,78.0,False,NORMAL
2025-02-18 05:00:00+00:00,LUCKNOW_001,23.9,1002.4,57.0,False,NORMAL
2025-02-18 06:00:00+00:00,LUCKNOW_001,25.9,1002.3,51.0,False,NORMAL
2025-02-18 07:00:00+00:00,LUCKNOW_001,26.1,1001.3,50.0,False,NORMAL
2025-02-18 08:00:00+00:00,LUCKNOW_001,28.0,1000.5,41.0,False,NORMAL
2025-02-18 09:00:00+00:00,LUCKNOW_001,28.2,999.3,40.0,False,NORMAL
2025-02-18 10:00:00+00:00,LUCKNOW_001,26.2,998.7,47.0,False,NORMAL
2025-02-18 11:00:00+00:00,LUCKNOW_001,25.9,998.6,49.0,False,NORMAL
2025-02-18 12:00:00+00:00,LUCKNOW_001,25.5,998.3,52.0,False,NORMAL
2025-02-18 13:00:00+00:00,LUCKNOW_001,24.6,998.8,58.0,False,NORMAL
2025-02-18 14:00:00+00:00,LUCKNOW_001,22.7,999.5,66.0,False,NORMAL
2025-02-18 15:00:00+00:00,LUCKNOW_001,18.6,999.9,81.0,False,NORMAL
2025-02-18 16:00:00+00:00,LUCKNOW_001,17.7,1000.2,84.0,False,NORMAL
2025-02-18 17:00:00+00:00,LUCKNOW_001,16.1,1000.3,89.0,False,NORMAL
2025-02-18 18:00:00+00:00,LUCKNOW_001,15.9,1000.0,90.0,False,NORMAL
2025-02-18 19:00:00+00:00,LUCKNOW_001,15.6,999.5,90.0,False,NORMAL
2025-02-18 20:00:00+00:00,LUCKNOW_001,14.5,999.1,92.0,False,NORMAL
2025-02-18 21:00:00+00:00,LUCKNOW_001,14.5,998.7,92.0,False,NORMAL
2025-02-18 22:00:00+00:00,LUCKNOW_001,13.4,998.4,90.0,False,NORMAL
2025-02-18 23:00:00+00:00,LUCKNOW_001,13.0,998.6,92.0,False,NORMAL
2025-02-19 00:00:00+00:00,LUCKNOW_001,14.4,998.7,88.0,False,NORMAL
2025-02-19 01:00:00+00:00,LUCKNOW_001,14.0,999.4,89.0,False,NORMAL
2025-02-19 02:00:00+00:00,LUCKNOW_001,15.9,1000.0,82.0,False,NORMAL
2025-02-19 03:00:00+00:00,LUCKNOW_001,16.5,1000.4,81.0,False,NORMAL
2025-02-19 04:00:00+00:00,LUCKNOW_001,17.6,1001.2,77.0,False,NORMAL
2025-02-19 05:00:00+00:00,LUCKNOW_001,24.2,1001.5,53.0,False,NORMAL
2025-02-19 06:00:00+00:00,LUCKNOW_001,26.5,1001.2,40.0,False,NORMAL
2025-02-19 07:00:00+00:00,LUCKNOW_001,26.8,999.9,38.0,False,NORMAL
2025-02-19 08:00:00+00:00,LUCKNOW_001,28.9,998.9,29.0,False,NORMAL
2025-02-19 09:00:00+00:00,LUCKNOW_001,28.9,997.6,28.0,False,NORMAL
2025-02-19 10:00:00+00:00,LUCKNOW_001,26.6,996.7,42.0,False,NORMAL
2025-02-19 11:00:00+00:00,LUCKNOW_001,26.4,996.9,42.0,False,NORMAL
2025-02-19 12:00:00+00:00,LUCKNOW_001,25.3,997.1,52.0,False,NORMAL
2025-02-19 13:00:00+00:00,LUCKNOW_001,25.1,997.5,48.0,False,NORMAL
2025-02-19 14:00:00+00:00,LUCKNOW_001,24.2,998.0,50.0,False,NORMAL
2025-02-19 15:00:00+00:00,LUCKNOW_001,21.5,998.8,56.0,False,NORMAL
2025-02-19 16:00:00+00:00,LUCKNOW_001,19.3,998.9,67.0,False,NORMAL
2025-02-19 17:00:00+00:00,LUCKNOW_001,17.4,999.3,77.0,False,NORMAL
2025-02-19 18:00:00+00:00,LUCKNOW_001,16.0,999.2,85.0,False,NORMAL
2025-02-19 19:00:00+00:00,LUCKNOW_001,15.6,999.2,87.0,False,NORMAL
2025-02-19 20:00:00+00:00,LUCKNOW_001,14.9,999.1,91.0,False,NORMAL
2025-02-19 21:00:00+00:00,LUCKNOW_001,15.2,998.7,88.0,False,NORMAL
2025-02-19 22:00:00+00:00,LUCKNOW_001,14.7,998.0,90.0,False,NORMAL
2025-02-19 23:00:00+00:00,LUCKNOW_001,14.4,998.3,90.0,False,NORMAL
2025-02-20 00:00:00+00:00,LUCKNOW_001,15.8,998.7,83.0,False,NORMAL
2025-02-20 01:00:00+00:00,LUCKNOW_001,15.5,1000.0,85.0,False,NORMAL
2025-02-20 02:00:00+00:00,LUCKNOW_001,17.0,1000.7,79.0,False,NORMAL
2025-02-20 03:00:00+00:00,LUCKNOW_001,17.5,1001.7,73.0,False,NORMAL
2025-02-20 04:00:00+00:00,LUCKNOW_001,18.7,1002.3,69.0,False,NORMAL
2025-02-20 05:00:00+00:00,LUCKNOW_001,24.0,1003.1,54.0,False,NORMAL
2025-02-20 06:00:00+00:00,LUCKNOW_001,26.2,1003.3,46.0,False,NORMAL
2025-02-20 07:00:00+00:00,LUCKNOW_001,26.1,1002.6,46.0,False,NORMAL
2025-02-20 08:00:00+00:00,LUCKNOW_001,27.2,1001.8,43.0,False,NORMAL
2025-02-20 09:00:00+00:00,LUCKNOW_001,27.1,1000.9,43.0,False,NORMAL
2025-02-20 10:00:00+00:00,LUCKNOW_001,25.2,999.4,56.0,False,NORMAL
2025-02-20 11:00:00+00:00,LUCKNOW_001,25.3,999.5,55.0,False,NORMAL
2025-02-20 12:00:00+00:00,LUCKNOW_001,24.5,999.7,56.0,False,NORMAL
2025-02-20 13:00:00+00:00,LUCKNOW_001,23.5,1000.1,62.0,False,NORMAL
2025-02-20 14:00:00+00:00,LUCKNOW_001,22.2,1000.6,67.0,False,NORMAL
2025-02-20 15:00:00+00:00,LUCKNOW_001,19.5,1001.1,73.0,False,NORMAL
2025-02-20 16:00:00+00:00,LUCKNOW_001,18.6,1001.5,78.0,False,NORMAL
2025-02-20 17:00:00+00:00,LUCKNOW_001,18.0,1001.6,79.0,False,NORMAL
2025-02-20 18:00:00+00:00,LUCKNOW_001,17.6,1001.7,79.0,False,NORMAL
2025-02-20 19:00:00+00:00,LUCKNOW_001,17.3,1001.4,79.0,False,NORMAL
2025-02-20 20:00:00+00:00,LUCKNOW_001,16.7,1001.1,80.0,False,NORMAL
2025-02-20 21:00:00+00:00,LUCKNOW_001,17.1,1000.9,79.0,False,NORMAL
2025-02-20 22:00:00+00:00,LUCKNOW_001,15.4,1000.4,87.0,False,NORMAL
2025-02-20 23:00:00+00:00,LUCKNOW_001,15.4,1000.8,88.0,False,NORMAL
2025-02-21 00:00:00+00:00,LUCKNOW_001,16.3,1001.2,85.0,False,NORMAL
2025-02-21 01:00:00+00:00,LUCKNOW_001,16.1,1002.1,87.0,False,NORMAL
2025-02-21 02:00:00+00:00,LUCKNOW_001,17.3,1002.9,81.0,False,NORMAL
2025-02-21 03:00:00+00:00,LUCKNOW_001,17.7,1003.6,79.0,False,NORMAL
2025-02-21 04:00:00+00:00,LUCKNOW_001,18.1,1003.8,76.0,False,NORMAL
2025-02-21 05:00:00+00:00,LUCKNOW_001,24.6,1003.8,58.0,False,NORMAL
2025-02-21 06:00:00+00:00,LUCKNOW_001,26.6,1003.5,49.0,False,NORMAL
2025-02-21 07:00:00+00:00,LUCKNOW_001,27.0,1002.5,50.0,False,NORMAL
2025-02-21 08:00:00+00:00,LUCKNOW_001,28.6,1001.4,46.0,False,NORMAL
2025-02-21 09:00:00+00:00,LUCKNOW_001,29.3,1000.2,44.0,False,NORMAL
2025-02-21 10:00:00+00:00,LUCKNOW_001,27.6,999.3,50.0,False,NORMAL
2025-02-21 11:00:00+00:00,LUCKNOW_001,27.4,999.1,51.0,False,NORMAL
2025-02-21 12:00:00+00:00,LUCKNOW_001,25.9,999.1,57.0,False,NORMAL
2025-02-21 13:00:00+00:00,LUCKNOW_001,25.5,999.2,59.0,False,NORMAL
2025-02-21 14:00:00+00:00,LUCKNOW_001,23.9,1000.2,65.0,False,NORMAL
2025-02-21 15:00:00+00:00,LUCKNOW_001,21.7,1000.7,70.0,False,NORMAL
2025-02-21 16:00:00+00:00,LUCKNOW_001,21.1,1001.2,72.0,False,NORMAL
2025-02-21 17:00:00+00:00,LUCKNOW_001,20.0,1001.0,76.0,False,NORMAL
2025-02-21 18:00:00+00:00,LUCKNOW_001,19.8,1000.8,76.0,False,NORMAL
2025-02-21 19:00:00+00:00,LUCKNOW_001,19.7,1000.3,77.0,False,NORMAL
2025-02-21 20:00:00+00:00,LUCKNOW_001,19.1,999.9,78.0,False,NORMAL
2025-02-21 21:00:00+00:00,LUCKNOW_001,17.9,999.4,79.0,False,NORMAL
2025-02-21 22:00:00+00:00,LUCKNOW_001,16.2,999.4,87.0,False,NORMAL
2025-02-21 23:00:00+00:00,LUCKNOW_001,15.8,999.3,89.0,False,NORMAL
2025-02-22 00:00:00+00:00,LUCKNOW_001,16.6,999.7,85.0,False,NORMAL
2025-02-22 01:00:00+00:00,LUCKNOW_001,16.5,1000.4,87.0,False,NORMAL
2025-02-22 02:00:00+00:00,LUCKNOW_001,17.6,1001.6,83.0,False,NORMAL
2025-02-22 03:00:00+00:00,LUCKNOW_001,17.7,1002.4,82.0,False,NORMAL
2025-02-22 04:00:00+00:00,LUCKNOW_001,18.0,1003.0,79.0,False,NORMAL
2025-02-22 05:00:00+00:00,LUCKNOW_001,21.6,1003.5,67.0,False,NORMAL
2025-02-22 06:00:00+00:00,LUCKNOW_001,25.7,1003.5,52.0,False,NORMAL
2025-02-22 07:00:00+00:00,LUCKNOW_001,25.9,1002.8,50.0,False,NORMAL
2025-02-22 08:00:00+00:00,LUCKNOW_001,27.1,1002.0,43.0,False,NORMAL
2025-02-22 09:00:00+00:00,LUCKNOW_001,27.1,1001.2,41.0,False,NORMAL
2025-02-22 10:00:00+00:00,LUCKNOW_001,25.2,1000.5,47.0,False,NORMAL
2025-02-22 11:00:00+00:00,LUCKNOW_001,24.8,1000.3,50.0,False,NORMAL
2025-02-22 12:00:00+00:00,LUCKNOW_001,24.8,1000.6,50.0,False,NORMAL
2025-02-22 13:00:00+00:00,LUCKNOW_001,24.1,1000.9,55.0,False,NORMAL
2025-02-22 14:00:00+00:00,LUCKNOW_001,22.8,1001.9,60.0,False,NORMAL
2025-02-22 15:00:00+00:00,LUCKNOW_001,19.3,1002.5,70.0,False,NORMAL
2025-02-22 16:00:00+00:00,LUCKNOW_001,18.4,1002.7,74.0,False,NORMAL
2025-02-22 17:00:00+00:00,LUCKNOW_001,17.7,1002.7,76.0,False,NORMAL
2025-02-22 18:00:00+00:00,LUCKNOW_001,17.7,1002.5,76.0,False,NORMAL
2025-02-22 19:00:00+00:00,LUCKNOW_001,17.6,1002.3,76.0,False,NORMAL
2025-02-22 20:00:00+00:00,LUCKNOW_001,16.6,1002.1,79.0,False,NORMAL
2025-02-22 21:00:00+00:00,LUCKNOW_001,16.9,1001.8,78.0,False,NORMAL
2025-02-22 22:00:00+00:00,LUCKNOW_001,14.9,1001.8,86.0,False,NORMAL
2025-02-22 23:00:00+00:00,LUCKNOW_001,14.6,1001.7,86.0,False,NORMAL
2025-02-23 00:00:00+00:00,LUCKNOW_001,15.4,1002.0,85.0,False,NORMAL
2025-02-23 01:00:00+00:00,LUCKNOW_001,15.3,1002.5,87.0,False,NORMAL
2025-02-23 02:00:00+00:00,LUCKNOW_001,16.4,1003.7,82.0,False,NORMAL
2025-02-23 03:00:00+00:00,LUCKNOW_001,16.3,1004.5,83.0,False,NORMAL
2025-02-23 04:00:00+00:00,LUCKNOW_001,17.1,1005.0,81.0,False,NORMAL
2025-02-23 05:00:00+00:00,LUCKNOW_001,21.8,1005.1,65.0,False,NORMAL
2025-02-23 06:00:00+00:00,LUCKNOW_001,24.4,1005.1,53.0,False,NORMAL
2025-02-23 07:00:00+00:00,LUCKNOW_001,24.9,1004.1,50.0,False,NORMAL
2025-02-23 08:00:00+00:00,LUCKNOW_001,26.5,1003.3,43.0,False,NORMAL
2025-02-23 09:00:00+00:00,LUCKNOW_001,26.7,1002.0,42.0,False,NORMAL
2025-02-23 10:00:00+00:00,LUCKNOW_001,25.2,1001.4,50.0,False,NORMAL
2025-02-23 11:00:00+00:00,LUCKNOW_001,25.2,1001.3,50.0,False,NORMAL
2025-02-23 12:00:00+00:00,LUCKNOW_001,24.9,1001.4,49.0,False,NORMAL
2025-02-23 13:00:00+00:00,LUCKNOW_001,24.4,1001.9,54.0,False,NORMAL
2025-02-23 14:00:00+00:00,LUCKNOW_001,22.9,1002.9,61.0,False,NORMAL
2025-02-23 15:00:00+00:00,LUCKNOW_001,18.3,1003.6,75.0,False,NORMAL
2025-02-23 16:00:00+00:00,LUCKNOW_001,18.2,1003.9,76.0,False,NORMAL
2025-02-23 17:00:00+00:00,LUCKNOW_001,17.2,1004.0,80.0,False,NORMAL
2025-02-23 18:00:00+00:00,LUCKNOW_001,17.0,1003.8,81.0,False,NORMAL
2025-02-23 19:00:00+00:00,LUCKNOW_001,16.7,1003.6,82.0,False,NORMAL
2025-02-23 20:00:00+00:00,LUCKNOW_001,15.8,1003.2,86.0,False,NORMAL
2025-02-23 21:00:00+00:00,LUCKNOW_001,15.8,1002.9,87.0,False,NORMAL
2025-02-23 22:00:00+00:00,LUCKNOW_001,13.5,1001.8,94.0,False,NORMAL
2025-02-23 23:00:00+00:00,LUCKNOW_001,13.0,1002.2,95.0,False,NORMAL
2025-02-24 00:00:00+00:00,LUCKNOW_001,14.3,1003.0,92.0,False,NORMAL
2025-02-24 01:00:00+00:00,LUCKNOW_001,14.5,1003.5,90.0,False,NORMAL
2025-02-24 02:00:00+00:00,LUCKNOW_001,16.3,1004.5,84.0,False,NORMAL
2025-02-24 03:00:00+00:00,LUCKNOW_001,18.0,1005.5,78.0,False,NORMAL
2025-02-24 04:00:00+00:00,LUCKNOW_001,18.7,1006.1,73.0,False,NORMAL
2025-02-24 05:00:00+00:00,LUCKNOW_001,24.5,1006.6,59.0,False,NORMAL
2025-02-24 06:00:00+00:00,LUCKNOW_001,25.7,1006.2,47.0,False,NORMAL
2025-02-24 07:00:00+00:00,LUCKNOW_001,26.1,1005.2,45.0,False,NORMAL
2025-02-24 08:00:00+00:00,LUCKNOW_001,27.6,1004.0,39.0,False,NORMAL
2025-02-24 09:00:00+00:00,LUCKNOW_001,27.6,1002.7,37.0,False,NORMAL
2025-02-24 10:00:00+00:00,LUCKNOW_001,25.7,1002.1,45.0,False,NORMAL
2025-02-24 11:00:00+00:00,LUCKNOW_001,25.5,1002.0,45.0,False,NORMAL
2025-02-24 12:00:00+00:00,LUCKNOW_001,25.2,1002.2,46.0,False,NORMAL
2025-02-24 13:00:00+00:00,LUCKNOW_001,24.4,1002.4,51.0,False,NORMAL
2025-02-24 14:00:00+00:00,LUCKNOW_001,22.3,1003.4,57.0,False,NORMAL
2025-02-24 15:00:00+00:00,LUCKNOW_001,19.1,1004.1,66.0,False,NORMAL
2025-02-24 16:00:00+00:00,LUCKNOW_001,18.9,1004.9,67.0,False,NORMAL
2025-02-24 17:00:00+00:00,LUCKNOW_001,17.0,1004.6,74.0,False,NORMAL
2025-02-24 18:00:00+00:00,LUCKNOW_001,16.8,1004.3,75.0,False,NORMAL
2025-02-24 19:00:00+00:00,LUCKNOW_001,16.4,1003.8,77.0,False,NORMAL
2025-02-24 20:00:00+00:00,LUCKNOW_001,15.4,1003.6,79.0,False,NORMAL
2025-02-24 21:00:00+00:00,LUCKNOW_001,14.8,1002.9,78.0,False,NORMAL
2025-02-24 22:00:00+00:00,LUCKNOW_001,12.5,1002.2,87.0,False,NORMAL
2025-02-24 23:00:00+00:00,LUCKNOW_001,12.4,1002.0,88.0,False,NORMAL
2025-02-25 00:00:00+00:00,LUCKNOW_001,13.8,1003.0,83.0,False,NORMAL
2025-02-25 01:00:00+00:00,LUCKNOW_001,13.8,1003.3,83.0,False,NORMAL
2025-02-25 02:00:00+00:00,LUCKNOW_001,15.8,1004.3,77.0,False,NORMAL
2025-02-25 03:00:00+00:00,LUCKNOW_001,16.8,1005.2,76.0,False,NORMAL
2025-02-25 04:00:00+00:00,LUCKNOW_001,17.4,1005.8,73.0,False,NORMAL
2025-02-25 05:00:00+00:00,LUCKNOW_001,22.7,1006.5,56.0,False,NORMAL
2025-02-25 06:00:00+00:00,LUCKNOW_001,25.6,1006.7,42.0,False,NORMAL
2025-02-25 07:00:00+00:00,LUCKNOW_001,25.9,1006.0,41.0,False,NORMAL
2025-02-25 08:00:00+00:00,LUCKNOW_001,27.3,1005.5,37.0,False,NORMAL
2025-02-25 09:00:00+00:00,LUCKNOW_001,27.4,1004.5,37.0,False,NORMAL
2025-02-25 10:00:00+00:00,LUCKNOW_001,25.4,1004.0,44.0,False,NORMAL
2025-02-25 11:00:00+00:00,LUCKNOW_001,25.3,1003.8,44.0,False,NORMAL
2025-02-25 12:00:00+00:00,LUCKNOW_001,24.8,1004.0,53.0,False,NORMAL
2025-02-25 13:00:00+00:00,LUCKNOW_001,24.7,1004.2,49.0,False,NORMAL
2025-02-25 14:00:00+00:00,LUCKNOW_001,23.4,1005.1,53.0,False,NORMAL
2025-02-25 15:00:00+00:00,LUCKNOW_001,21.1,1005.5,60.0,False,NORMAL
2025-02-25 16:00:00+00:00,LUCKNOW_001,19.3,1005.9,69.0,False,NORMAL
2025-02-25 17:00:00+00:00,LUCKNOW_001,17.1,1006.2,76.0,False,NORMAL
2025-02-25 18:00:00+00:00,LUCKNOW_001,16.7,1005.8,78.0,False,NORMAL
2025-02-25 19:00:00+00:00,LUCKNOW_001,16.9,1005.5,77.0,False,NORMAL
2025-02-25 20:00:00+00:00,LUCKNOW_001,16.9,1005.1,75.0,False,NORMAL
2025-02-25 21:00:00+00:00,LUCKNOW_001,15.9,1004.6,79.0,False,NORMAL
2025-02-25 22:00:00+00:00,LUCKNOW_001,14.7,1004.4,83.0,False,NORMAL
2025-02-25 23:00:00+00:00,LUCKNOW_001,15.6,1004.5,78.0,False,NORMAL
2025-02-26 00:00:00+00:00,LUCKNOW_001,17.1,1004.9,72.0,False,NORMAL
2025-02-26 01:00:00+00:00,LUCKNOW_001,17.7,1005.4,70.0,False,NORMAL
2025-02-26 02:00:00+00:00,LUCKNOW_001,17.6,1006.2,75.0,False,NORMAL
2025-02-26 03:00:00+00:00,LUCKNOW_001,18.1,1006.9,75.0,False,NORMAL
2025-02-26 04:00:00+00:00,LUCKNOW_001,18.8,1007.4,72.0,False,NORMAL
2025-02-26 05:00:00+00:00,LUCKNOW_001,24.5,1007.7,54.0,False,NORMAL
2025-02-26 06:00:00+00:00,LUCKNOW_001,25.9,1007.1,48.0,False,NORMAL
2025-02-26 07:00:00+00:00,LUCKNOW_001,26.1,1006.0,48.0,False,NORMAL
2025-02-26 08:00:00+00:00,LUCKNOW_001,27.9,1004.5,43.0,False,NORMAL
2025-02-26 09:00:00+00:00,LUCKNOW_001,28.1,1003.3,43.0,False,NORMAL
2025-02-26 10:00:00+00:00,LUCKNOW_001,26.5,1002.7,52.0,False,NORMAL
2025-02-26 11:00:00+00:00,LUCKNOW_001,26.4,1002.3,52.0,False,NORMAL
2025-02-26 12:00:00+00:00,LUCKNOW_001,26.3,1002.1,50.0,False,NORMAL
2025-02-26 13:00:00+00:00,LUCKNOW_001,24.9,1002.1,59.0,False,NORMAL
2025-02-26 14:00:00+00:00,LUCKNOW_001,23.4,1002.9,66.0,False,NORMAL
2025-02-26 15:00:00+00:00,LUCKNOW_001,19.6,1003.7,78.0,False,NORMAL
2025-02-26 16:00:00+00:00,LUCKNOW_001,18.6,1003.7,84.0,False,NORMAL
2025-02-26 17:00:00+00:00,LUCKNOW_001,17.3,1004.0,88.0,False,NORMAL
2025-02-26 18:00:00+00:00,LUCKNOW_001,17.4,1003.6,88.0,False,NORMAL
2025-02-26 19:00:00+00:00,LUCKNOW_001,17.4,1003.0,88.0,False,NORMAL
2025-02-26 20:00:00+00:00,LUCKNOW_001,16.5,1002.4,91.0,False,NORMAL
2025-02-26 21:00:00+00:00,LUCKNOW_001,16.3,1001.7,87.0,False,NORMAL
2025-02-26 22:00:00+00:00,LUCKNOW_001,15.0,1001.1,95.0,False,NORMAL
2025-02-26 23:00:00+00:00,LUCKNOW_001,15.1,1000.7,94.0,False,NORMAL
2025-02-27 00:00:00+00:00,LUCKNOW_001,16.5,1000.9,89.0,False,NORMAL
2025-02-27 01:00:00+00:00,LUCKNOW_001,16.3,1001.8,89.0,False,NORMAL
2025-02-27 02:00:00+00:00,LUCKNOW_001,18.2,1002.8,84.0,False,NORMAL
2025-02-27 03:00:00+00:00,LUCKNOW_001,18.2,1003.4,83.0,False,NORMAL
2025-02-27 04:00:00+00:00,LUCKNOW_001,19.0,1003.8,81.0,False,NORMAL
2025-02-27 05:00:00+00:00,LUCKNOW_001,25.2,1004.0,62.0,False,NORMAL
2025-02-27 06:00:00+00:00,LUCKNOW_001,27.8,1003.7,51.0,False,NORMAL
2025-02-27 07:00:00+00:00,LUCKNOW_001,28.5,1002.8,48.0,False,NORMAL
2025-02-27 08:00:00+00:00,LUCKNOW_001,30.0,1001.7,41.0,False,NORMAL
2025-02-27 09:00:00+00:00,LUCKNOW_001,30.0,1000.7,40.0,False,NORMAL
2025-02-27 10:00:00+00:00,LUCKNOW_001,26.9,999.8,56.0,False,NORMAL
2025-02-27 11:00:00+00:00,LUCKNOW_001,26.6,999.0,58.0,False,NORMAL
2025-02-27 12:00:00+00:00,LUCKNOW_001,26.7,999.3,56.0,False,NORMAL
2025-02-27 13:00:00+00:00,LUCKNOW_001,26.8,1000.1,58.0,False,NORMAL
2025-02-27 14:00:00+00:00,LUCKNOW_001,25.2,1000.4,64.0,False,NORMAL
2025-02-27 15:00:00+00:00,LUCKNOW_001,22.5,1000.9,71.0,False,NORMAL
2025-02-27 16:00:00+00:00,LUCKNOW_001,21.6,1001.0,75.0,False,NORMAL
2025-02-27 17:00:00+00:00,LUCKNOW_001,20.5,1000.8,80.0,False,NORMAL
2025-02-27 18:00:00+00:00,LUCKNOW_001,20.3,1000.8,79.0,False,NORMAL
2025-02-27 19:00:00+00:00,LUCKNOW_001,20.4,999.9,79.0,False,NORMAL
2025-02-27 20:00:00+00:00,LUCKNOW_001,20.0,999.7,76.0,False,NORMAL
2025-02-27 21:00:00+00:00,LUCKNOW_001,19.4,999.0,74.0,False,NORMAL
2025-02-27 22:00:00+00:00,LUCKNOW_001,18.5,998.9,88.0,False,NORMAL
2025-02-27 23:00:00+00:00,LUCKNOW_001,18.4,997.6,86.0,False,NORMAL
2025-02-28 00:00:00+00:00,LUCKNOW_001,19.1,998.1,83.0,False,NORMAL
2025-02-28 01:00:00+00:00,LUCKNOW_001,19.1,999.0,81.0,False,NORMAL
2025-02-28 02:00:00+00:00,LUCKNOW_001,19.9,999.8,77.0,False,NORMAL
2025-02-28 03:00:00+00:00,LUCKNOW_001,20.2,1000.8,74.0,False,NORMAL
2025-02-28 04:00:00+00:00,LUCKNOW_001,21.3,1001.1,67.0,False,NORMAL
2025-02-28 05:00:00+00:00,LUCKNOW_001,24.2,1001.4,58.0,False,NORMAL
2025-02-28 06:00:00+00:00,LUCKNOW_001,26.2,1000.8,52.0,False,NORMAL
2025-02-28 07:00:00+00:00,LUCKNOW_001,26.2,999.8,52.0,False,NORMAL
2025-02-28 08:00:00+00:00,LUCKNOW_001,27.2,998.7,51.0,False,NORMAL
2025-02-28 09:00:00+00:00,LUCKNOW_001,28.0,997.4,49.0,False,NORMAL
2025-02-28 10:00:00+00:00,LUCKNOW_001,26.8,997.5,61.0,False,NORMAL
2025-02-28 11:00:00+00:00,LUCKNOW_001,27.2,997.5,60.0,False,NORMAL
2025-02-28 12:00:00+00:00,LUCKNOW_001,26.9,997.8,64.0,False,NORMAL
2025-02-28 13:00:00+00:00,LUCKNOW_001,26.6,998.0,64.0,False,NORMAL
2025-02-28 14:00:00+00:00,LUCKNOW_001,25.7,998.2,67.0,False,NORMAL
2025-02-28 15:00:00+00:00,LUCKNOW_001,24.2,998.6,71.0,False,NORMAL
2025-02-28 16:00:00+00:00,LUCKNOW_001,23.7,998.6,72.0,False,NORMAL
2025-02-28 17:00:00+00:00,LUCKNOW_001,21.8,998.4,78.0,False,NORMAL
2025-02-28 18:00:00+00:00,LUCKNOW_001,21.8,998.5,80.0,False,NORMAL
2025-02-28 19:00:00+00:00,LUCKNOW_001,21.0,998.0,82.0,False,NORMAL
2025-02-28 20:00:00+00:00,LUCKNOW_001,20.5,998.0,87.0,False,NORMAL
2025-02-28 21:00:00+00:00,LUCKNOW_001,20.2,997.8,86.0,False,NORMAL
2025-02-28 22:00:00+00:00,LUCKNOW_001,19.0,997.6,94.0,False,NORMAL
2025-02-28 23:00:00+00:00,LUCKNOW_001,18.9,996.8,95.0,False,NORMAL
2025-03-01 00:00:00+00:00,LUCKNOW_001,19.1,997.5,93.0,False,NORMAL
2025-03-01 01:00:00+00:00,LUCKNOW_001,19.1,998.1,92.0,False,NORMAL
2025-03-01 02:00:00+00:00,LUCKNOW_001,20.0,998.7,86.0,False,NORMAL
2025-03-01 03:00:00+00:00,LUCKNOW_001,20.5,999.3,81.0,False,NORMAL
2025-03-01 04:00:00+00:00,LUCKNOW_001,21.2,999.8,75.0,False,NORMAL
2025-03-01 05:00:00+00:00,LUCKNOW_001,25.5,1000.1,58.0,False,NORMAL
2025-03-01 06:00:00+00:00,LUCKNOW_001,27.2,1000.3,51.0,False,NORMAL
2025-03-01 07:00:00+00:00,LUCKNOW_001,27.4,999.3,51.0,False,NORMAL
2025-03-01 08:00:00+00:00,LUCKNOW_001,28.8,998.4,48.0,False,NORMAL
2025-03-01 09:00:00+00:00,LUCKNOW_001,29.0,997.1,46.0,False,NORMAL
2025-03-01 10:00:00+00:00,LUCKNOW_001,27.3,997.0,53.0,False,NORMAL
2025-03-01 11:00:00+00:00,LUCKNOW_001,26.9,997.4,54.0,False,NORMAL
2025-03-01 12:00:00+00:00,LUCKNOW_001,26.7,997.2,53.0,False,NORMAL
2025-03-01 13:00:00+00:00,LUCKNOW_001,26.1,997.8,57.0,False,NORMAL
2025-03-01 14:00:00+00:00,LUCKNOW_001,24.3,998.3,65.0,False,NORMAL
2025-03-01 15:00:00+00:00,LUCKNOW_001,22.1,998.8,72.0,False,NORMAL
2025-03-01 16:00:00+00:00,LUCKNOW_001,21.6,998.9,73.0,False,NORMAL
2025-03-01 17:00:00+00:00,LUCKNOW_001,20.7,998.6,74.0,False,NORMAL
2025-03-01 18:00:00+00:00,LUCKNOW_001,20.6,998.3,75.0,False,NORMAL
2025-03-01 19:00:00+00:00,LUCKNOW_001,20.3,997.9,78.0,False,NORMAL
2025-03-01 20:00:00+00:00,LUCKNOW_001,19.3,997.6,83.0,False,NORMAL
2025-03-01 21:00:00+00:00,LUCKNOW_001,19.1,996.7,83.0,False,NORMAL
2025-03-01 22:00:00+00:00,LUCKNOW_001,17.7,996.2,89.0,False,NORMAL
2025-03-01 23:00:00+00:00,LUCKNOW_001,17.8,995.9,89.0,False,NORMAL
2025-03-02 00:00:00+00:00,LUCKNOW_001,18.0,996.1,90.0,False,NORMAL
2025-03-02 01:00:00+00:00,LUCKNOW_001,17.8,996.5,90.0,False,NORMAL
2025-03-02 02:00:00+00:00,LUCKNOW_001,19.8,997.4,81.0,False,NORMAL
2025-03-02 03:00:00+00:00,LUCKNOW_001,20.5,997.9,77.0,False,NORMAL
2025-03-02 04:00:00+00:00,LUCKNOW_001,21.3,998.2,69.0,False,NORMAL
2025-03-02 05:00:00+00:00,LUCKNOW_001,27.5,998.6,49.0,False,NORMAL
2025-03-02 06:00:00+00:00,LUCKNOW_001,28.2,998.1,47.0,False,NORMAL
2025-03-02 07:00:00+00:00,LUCKNOW_001,28.3,997.3,47.0,False,NORMAL
2025-03-02 08:00:00+00:00,LUCKNOW_001,30.4,996.3,39.0,False,NORMAL
2025-03-02 09:00:00+00:00,LUCKNOW_001,30.5,995.0,38.0,False,NORMAL
2025-03-02 10:00:00+00:00,LUCKNOW_001,28.5,994.5,39.0,False,NORMAL
2025-03-02 11:00:00+00:00,LUCKNOW_001,28.4,994.5,37.0,False,NORMAL
2025-03-02 12:00:00+00:00,LUCKNOW_001,27.9,994.5,40.0,False,NORMAL
2025-03-02 13:00:00+00:00,LUCKNOW_001,27.2,995.1,42.0,False,NORMAL
2025-03-02 14:00:00+00:00,LUCKNOW_001,25.3,995.5,47.0,False,NORMAL
2025-03-02 15:00:00+00:00,LUCKNOW_001,21.7,996.3,57.0,False,NORMAL
2025-03-02 16:00:00+00:00,LUCKNOW_001,20.9,996.6,60.0,False,NORMAL
2025-03-02 17:00:00+00:00,LUCKNOW_001,19.5,996.9,63.0,False,NORMAL
2025-03-02 18:00:00+00:00,LUCKNOW_001,19.4,996.8,63.0,False,NORMAL
2025-03-02 19:00:00+00:00,LUCKNOW_001,19.3,997.2,62.0,False,NORMAL
2025-03-02 20:00:00+00:00,LUCKNOW_001,18.4,997.2,65.0,False,NORMAL
2025-03-02 21:00:00+00:00,LUCKNOW_001,17.8,996.9,63.0,False,NORMAL
2025-03-02 22:00:00+00:00,LUCKNOW_001,15.8,996.4,66.0,False,NORMAL
2025-03-02 23:00:00+00:00,LUCKNOW_001,15.4,996.9,67.0,False,NORMAL
2025-03-03 00:00:00+00:00,LUCKNOW_001,16.6,997.1,66.0,False,NORMAL
2025-03-03 01:00:00+00:00,LUCKNOW_001,16.4,998.1,67.0,False,NORMAL
2025-03-03 02:00:00+00:00,LUCKNOW_001,17.7,999.0,63.0,False,NORMAL
2025-03-03 03:00:00+00:00,LUCKNOW_001,18.6,999.6,59.0,False,NORMAL
2025-03-03 04:00:00+00:00,LUCKNOW_001,19.3,1000.4,55.0,False,NORMAL
2025-03-03 05:00:00+00:00,LUCKNOW_001,23.5,1000.3,40.0,False,NORMAL
2025-03-03 06:00:00+00:00,LUCKNOW_001,26.8,999.9,29.0,False,NORMAL
2025-03-03 07:00:00+00:00,LUCKNOW_001,27.3,998.7,28.0,False,NORMAL
2025-03-03 08:00:00+00:00,LUCKNOW_001,29.7,997.7,25.0,False,NORMAL
2025-03-03 09:00:00+00:00,LUCKNOW_001,29.8,996.4,25.0,False,NORMAL
2025-03-03 10:00:00+00:00,LUCKNOW_001,28.2,995.7,32.0,False,NORMAL
2025-03-03 11:00:00+00:00,LUCKNOW_001,28.1,995.7,33.0,False,NORMAL
2025-03-03 12:00:00+00:00,LUCKNOW_001,27.7,995.6,32.0,False,NORMAL
2025-03-03 13:00:00+00:00,LUCKNOW_001,27.1,996.0,36.0,False,NORMAL
2025-03-03 14:00:00+00:00,LUCKNOW_001,24.6,996.4,44.0,False,NORMAL
2025-03-03 15:00:00+00:00,LUCKNOW_001,21.3,996.8,57.0,False,NORMAL
2025-03-03 16:00:00+00:00,LUCKNOW_001,20.9,997.4,60.0,False,NORMAL
2025-03-03 17:00:00+00:00,LUCKNOW_001,20.1,997.3,64.0,False,NORMAL
2025-03-03 18:00:00+00:00,LUCKNOW_001,20.4,997.2,64.0,False,NORMAL
2025-03-03 19:00:00+00:00,LUCKNOW_001,20.2,996.9,65.0,False,NORMAL
2025-03-03 20:00:00+00:00,LUCKNOW_001,19.1,996.4,69.0,False,NORMAL
2025-03-03 21:00:00+00:00,LUCKNOW_001,18.8,995.6,69.0,False,NORMAL
2025-03-03 22:00:00+00:00,LUCKNOW_001,16.7,994.9,81.0,False,NORMAL
2025-03-03 23:00:00+00:00,LUCKNOW_001,16.3,995.1,85.0,False,NORMAL
2025-03-04 00:00:00+00:00,LUCKNOW_001,18.6,995.8,77.0,False,NORMAL
2025-03-04 01:00:00+00:00,LUCKNOW_001,18.5,996.8,77.0,False,NORMAL
2025-03-04 02:00:00+00:00,LUCKNOW_001,19.6,997.8,73.0,False,NORMAL
2025-03-04 03:00:00+00:00,LUCKNOW_001,20.1,998.3,70.0,False,NORMAL
2025-03-04 04:00:00+00:00,LUCKNOW_001,21.3,999.1,67.0,False,NORMAL
2025-03-04 05:00:00+00:00,LUCKNOW_001,25.7,999.5,52.0,False,NORMAL
2025-03-04 06:00:00+00:00,LUCKNOW_001,28.3,999.6,46.0,False,NORMAL
2025-03-04 07:00:00+00:00,LUCKNOW_001,28.6,998.9,44.0,False,NORMAL
2025-03-04 08:00:00+00:00,LUCKNOW_001,30.4,997.9,35.0,False,NORMAL
2025-03-04 09:00:00+00:00,LUCKNOW_001,30.6,997.1,32.0,False,NORMAL
2025-03-04 10:00:00+00:00,LUCKNOW_001,28.2,996.7,35.0,False,NORMAL
2025-03-04 11:00:00+00:00,LUCKNOW_001,28.0,996.1,33.0,False,NORMAL
2025-03-04 12:00:00+00:00,LUCKNOW_001,27.7,996.3,32.0,False,NORMAL
2025-03-04 13:00:00+00:00,LUCKNOW_001,27.5,997.3,30.0,False,NORMAL
2025-03-04 14:00:00+00:00,LUCKNOW_001,25.9,997.9,30.0,False,NORMAL
2025-03-04 15:00:00+00:00,LUCKNOW_001,22.5,998.3,31.0,False,NORMAL
2025-03-04 16:00:00+00:00,LUCKNOW_001,21.7,998.8,35.0,False,NORMAL
2025-03-04 17:00:00+00:00,LUCKNOW_001,20.3,998.4,41.0,False,NORMAL
2025-03-04 18:00:00+00:00,LUCKNOW_001,19.7,998.6,45.0,False,NORMAL
2025-03-04 19:00:00+00:00,LUCKNOW_001,19.4,998.3,49.0,False,NORMAL
2025-03-04 20:00:00+00:00,LUCKNOW_001,18.4,998.0,58.0,False,NORMAL
2025-03-04 21:00:00+00:00,LUCKNOW_001,18.4,997.8,61.0,False,NORMAL
2025-03-04 22:00:00+00:00,LUCKNOW_001,15.9,997.2,71.0,False,NORMAL
2025-03-04 23:00:00+00:00,LUCKNOW_001,15.6,997.4,71.0,False,NORMAL
2025-03-05 00:00:00+00:00,LUCKNOW_001,16.0,997.6,71.0,False,NORMAL
2025-03-05 01:00:00+00:00,LUCKNOW_001,15.8,997.8,70.0,False,NORMAL
2025-03-05 02:00:00+00:00,LUCKNOW_001,16.2,998.5,67.0,False,NORMAL
2025-03-05 03:00:00+00:00,LUCKNOW_001,16.6,998.7,66.0,False,NORMAL
2025-03-05 04:00:00+00:00,LUCKNOW_001,17.0,999.3,63.0,False,NORMAL
2025-03-05 05:00:00+00:00,LUCKNOW_001,20.8,999.2,47.0,False,NORMAL
2025-03-05 06:00:00+00:00,LUCKNOW_001,22.8,999.2,40.0,False,NORMAL
2025-03-05 07:00:00+00:00,LUCKNOW_001,23.2,998.4,37.0,False,NORMAL
2025-03-05 08:00:00+00:00,LUCKNOW_001,25.8,997.5,29.0,False,NORMAL
2025-03-05 09:00:00+00:00,LUCKNOW_001,26.0,996.1,28.0,False,NORMAL
2025-03-05 10:00:00+00:00,LUCKNOW_001,24.6,995.9,33.0,False,NORMAL
2025-03-05 11:00:00+00:00,LUCKNOW_001,24.7,995.8,32.0,False,NORMAL
2025-03-05 12:00:00+00:00,LUCKNOW_001,24.3,995.8,33.0,False,NORMAL
2025-03-05 13:00:00+00:00,LUCKNOW_001,24.1,996.3,33.0,False,NORMAL
2025-03-05 14:00:00+00:00,LUCKNOW_001,22.8,996.9,37.0,False,NORMAL
2025-03-05 15:00:00+00:00,LUCKNOW_001,19.2,997.2,42.0,False,NORMAL
2025-03-05 16:00:00+00:00,LUCKNOW_001,18.5,997.3,45.0,False,NORMAL
2025-03-05 17:00:00+00:00,LUCKNOW_001,16.9,997.3,51.0,False,NORMAL
2025-03-05 18:00:00+00:00,LUCKNOW_001,16.8,997.4,50.0,False,NORMAL
2025-03-05 19:00:00+00:00,LUCKNOW_001,16.4,997.2,50.0,False,NORMAL
2025-03-05 20:00:00+00:00,LUCKNOW_001,15.3,997.0,51.0,False,NORMAL
2025-03-05 21:00:00+00:00,LUCKNOW_001,15.1,996.5,50.0,False,NORMAL
2025-03-05 22:00:00+00:00,LUCKNOW_001,13.3,996.1,58.0,False,NORMAL
2025-03-05 23:00:00+00:00,LUCKNOW_001,12.7,996.2,60.0,False,NORMAL
2025-03-06 00:00:00+00:00,LUCKNOW_001,14.0,996.6,58.0,False,NORMAL
2025-03-06 01:00:00+00:00,LUCKNOW_001,13.7,996.8,60.0,False,NORMAL
2025-03-06 02:00:00+00:00,LUCKNOW_001,15.2,997.8,56.0,False,NORMAL
2025-03-06 03:00:00+00:00,LUCKNOW_001,16.2,998.7,54.0,False,NORMAL
2025-03-06 04:00:00+00:00,LUCKNOW_001,17.0,999.3,51.0,False,NORMAL
2025-03-06 05:00:00+00:00,LUCKNOW_001,21.4,1000.0,41.0,False,NORMAL
2025-03-06 06:00:00+00:00,LUCKNOW_001,23.7,999.9,35.0,False,NORMAL
2025-03-06 07:00:00+00:00,LUCKNOW_001,24.0,999.4,35.0,False,NORMAL
2025-03-06 08:00:00+00:00,LUCKNOW_001,26.5,998.4,30.0,False,NORMAL
2025-03-06 09:00:00+00:00,LUCKNOW_001,26.9,997.5,29.0,False,NORMAL
2025-03-06 10:00:00+00:00,LUCKNOW_001,25.8,997.1,35.0,False,NORMAL
2025-03-06 11:00:00+00:00,LUCKNOW_001,25.8,997.4,35.0,False,NORMAL
2025-03-06 12:00:00+00:00,LUCKNOW_001,25.6,997.5,35.0,False,NORMAL
2025-03-06 13:00:00+00:00,LUCKNOW_001,23.9,997.7,43.0,False,NORMAL
2025-03-06 14:00:00+00:00,LUCKNOW_001,21.3,998.4,51.0,False,NORMAL
2025-03-06 15:00:00+00:00,LUCKNOW_001,17.6,998.6,63.0,False,NORMAL
2025-03-06 16:00:00+00:00,LUCKNOW_001,16.7,998.7,67.0,False,NORMAL
2025-03-06 17:00:00+00:00,LUCKNOW_001,15.4,998.5,72.0,False,NORMAL
2025-03-06 18:00:00+00:00,LUCKNOW_001,15.4,998.4,73.0,False,NORMAL
2025-03-06 19:00:00+00:00,LUCKNOW_001,14.8,997.9,75.0,False,NORMAL
2025-03-06 20:00:00+00:00,LUCKNOW_001,13.6,997.5,80.0,False,NORMAL
2025-03-06 21:00:00+00:00,LUCKNOW_001,13.3,997.1,80.0,False,NORMAL
2025-03-06 22:00:00+00:00,LUCKNOW_001,11.5,996.3,88.0,False,NORMAL
2025-03-06 23:00:00+00:00,LUCKNOW_001,11.0,996.1,88.0,False,NORMAL
2025-03-07 00:00:00+00:00,LUCKNOW_001,12.8,996.3,84.0,False,NORMAL
2025-03-07 01:00:00+00:00,LUCKNOW_001,12.8,996.6,82.0,False,NORMAL
2025-03-07 02:00:00+00:00,LUCKNOW_001,15.9,997.5,71.0,False,NORMAL
2025-03-07 03:00:00+00:00,LUCKNOW_001,17.4,998.1,67.0,False,NORMAL
2025-03-07 04:00:00+00:00,LUCKNOW_001,19.6,998.2,61.0,False,NORMAL
2025-03-07 05:00:00+00:00,LUCKNOW_001,25.5,998.5,42.0,False,NORMAL
2025-03-07 06:00:00+00:00,LUCKNOW_001,27.4,998.4,32.0,False,NORMAL
2025-03-07 07:00:00+00:00,LUCKNOW_001,27.7,997.3,31.0,False,NORMAL
2025-03-07 08:00:00+00:00,LUCKNOW_001,29.5,996.3,27.0,False,NORMAL
2025-03-07 09:00:00+00:00,LUCKNOW_001,29.6,995.2,26.0,False,NORMAL
2025-03-07 10:00:00+00:00,LUCKNOW_001,27.9,994.0,34.0,False,NORMAL
2025-03-07 11:00:00+00:00,LUCKNOW_001,27.7,994.0,35.0,False,NORMAL
2025-03-07 12:00:00+00:00,LUCKNOW_001,27.2,994.8,35.0,False,NORMAL
2025-03-07 13:00:00+00:00,LUCKNOW_001,25.2,994.7,44.0,False,NORMAL
2025-03-07 14:00:00+00:00,LUCKNOW_001,22.2,995.2,51.0,False,NORMAL
2025-03-07 15:00:00+00:00,LUCKNOW_001,18.8,995.3,64.0,False,NORMAL
2025-03-07 16:00:00+00:00,LUCKNOW_001,18.2,995.6,67.0,False,NORMAL
2025-03-07 17:00:00+00:00,LUCKNOW_001,15.8,995.2,74.0,False,NORMAL
2025-03-07 18:00:00+00:00,LUCKNOW_001,15.5,995.0,74.0,False,NORMAL
2025-03-07 19:00:00+00:00,LUCKNOW_001,15.4,995.0,75.0,False,NORMAL
2025-03-07 20:00:00+00:00,LUCKNOW_001,15.1,994.4,76.0,False,NORMAL
2025-03-07 21:00:00+00:00,LUCKNOW_001,14.3,994.1,77.0,False,NORMAL
2025-03-07 22:00:00+00:00,LUCKNOW_001,13.0,993.5,80.0,False,NORMAL
2025-03-07 23:00:00+00:00,LUCKNOW_001,12.8,993.5,81.0,False,NORMAL
2025-03-08 00:00:00+00:00,LUCKNOW_001,14.4,994.0,78.0,False,NORMAL
2025-03-08 01:00:00+00:00,LUCKNOW_001,14.3,994.2,78.0,False,NORMAL
2025-03-08 02:00:00+00:00,LUCKNOW_001,17.1,995.4,68.0,False,NORMAL
2025-03-08 03:00:00+00:00,LUCKNOW_001,18.0,996.0,67.0,False,NORMAL
2025-03-08 04:00:00+00:00,LUCKNOW_001,19.6,996.5,62.0,False,NORMAL
2025-03-08 05:00:00+00:00,LUCKNOW_001,25.5,996.5,45.0,False,NORMAL
2025-03-08 06:00:00+00:00,LUCKNOW_001,27.8,996.7,36.0,False,NORMAL
2025-03-08 07:00:00+00:00,LUCKNOW_001,28.2,995.8,34.0,False,NORMAL
2025-03-08 08:00:00+00:00,LUCKNOW_001,30.0,995.1,28.0,False,NORMAL
2025-03-08 09:00:00+00:00,LUCKNOW_001,30.3,994.1,26.0,False,NORMAL
2025-03-08 10:00:00+00:00,LUCKNOW_001,28.3,993.6,34.0,False,NORMAL
2025-03-08 11:00:00+00:00,LUCKNOW_001,28.1,993.5,35.0,False,NORMAL
2025-03-08 12:00:00+00:00,LUCKNOW_001,27.6,993.9,34.0,False,NORMAL
2025-03-08 13:00:00+00:00,LUCKNOW_001,25.0,994.1,44.0,False,NORMAL
2025-03-08 14:00:00+00:00,LUCKNOW_001,22.1,994.9,53.0,False,NORMAL
2025-03-08 15:00:00+00:00,LUCKNOW_001,19.1,995.6,62.0,False,NORMAL
2025-03-08 16:00:00+00:00,LUCKNOW_001,18.5,996.2,65.0,False,NORMAL
2025-03-08 17:00:00+00:00,LUCKNOW_001,17.6,996.1,69.0,False,NORMAL
2025-03-08 18:00:00+00:00,LUCKNOW_001,18.3,996.9,66.0,False,NORMAL
2025-03-08 19:00:00+00:00,LUCKNOW_001,18.6,996.8,64.0,False,NORMAL
2025-03-08 20:00:00+00:00,LUCKNOW_001,17.8,997.0,68.0,False,NORMAL
2025-03-08 21:00:00+00:00,LUCKNOW_001,17.3,996.5,68.0,False,NORMAL
2025-03-08 22:00:00+00:00,LUCKNOW_001,15.7,996.4,74.0,False,NORMAL
2025-03-08 23:00:00+00:00,LUCKNOW_001,16.3,996.3,72.0,False,NORMAL
2025-03-09 00:00:00+00:00,LUCKNOW_001,18.5,996.7,67.0,False,NORMAL
2025-03-09 01:00:00+00:00,LUCKNOW_001,18.4,997.4,67.0,False,NORMAL
2025-03-09 02:00:00+00:00,LUCKNOW_001,18.1,998.5,72.0,False,NORMAL
2025-03-09 03:00:00+00:00,LUCKNOW_001,20.3,999.5,66.0,False,NORMAL
2025-03-09 04:00:00+00:00,LUCKNOW_001,22.0,1000.6,59.0,False,NORMAL
2025-03-09 05:00:00+00:00,LUCKNOW_001,26.9,1000.9,41.0,False,NORMAL
2025-03-09 06:00:00+00:00,LUCKNOW_001,29.1,1001.3,36.0,False,NORMAL
2025-03-09 07:00:00+00:00,LUCKNOW_001,29.1,1000.4,35.0,False,NORMAL
2025-03-09 08:00:00+00:00,LUCKNOW_001,30.7,999.9,31.0,False,NORMAL
2025-03-09 09:00:00+00:00,LUCKNOW_001,30.9,998.7,30.0,False,NORMAL
2025-03-09 10:00:00+00:00,LUCKNOW_001,28.9,998.2,39.0,False,NORMAL
2025-03-09 11:00:00+00:00,LUCKNOW_001,28.9,998.0,39.0,False,NORMAL
2025-03-09 12:00:00+00:00,LUCKNOW_001,28.7,998.4,51.0,False,NORMAL
2025-03-09 13:00:00+00:00,LUCKNOW_001,27.8,999.2,46.0,False,NORMAL
2025-03-09 14:00:00+00:00,LUCKNOW_001,24.2,1000.2,56.0,False,NORMAL
2025-03-09 15:00:00+00:00,LUCKNOW_001,21.4,1001.0,63.0,False,NORMAL
2025-03-09 16:00:00+00:00,LUCKNOW_001,21.1,1001.5,63.0,False,NORMAL
2025-03-09 17:00:00+00:00,LUCKNOW_001,19.3,1001.6,69.0,False,NORMAL
2025-03-09 18:00:00+00:00,LUCKNOW_001,19.1,1001.8,69.0,False,NORMAL
2025-03-09 19:00:00+00:00,LUCKNOW_001,18.9,1002.0,69.0,False,NORMAL
2025-03-09 20:00:00+00:00,LUCKNOW_001,18.1,1001.5,72.0,False,NORMAL
2025-03-09 21:00:00+00:00,LUCKNOW_001,18.1,1001.1,73.0,False,NORMAL
2025-03-09 22:00:00+00:00,LUCKNOW_001,17.0,1000.4,77.0,False,NORMAL
2025-03-09 23:00:00+00:00,LUCKNOW_001,16.6,1000.8,78.0,False,NORMAL
2025-03-10 00:00:00+00:00,LUCKNOW_001,17.9,1001.3,78.0,False,NORMAL
2025-03-10 01:00:00+00:00,LUCKNOW_001,18.0,1002.1,77.0,False,NORMAL
2025-03-10 02:00:00+00:00,LUCKNOW_001,19.7,1003.2,71.0,False,NORMAL
2025-03-10 03:00:00+00:00,LUCKNOW_001,19.7,1004.2,69.0,False,NORMAL
2025-03-10 04:00:00+00:00,LUCKNOW_001,21.4,1004.9,62.0,False,NORMAL
2025-03-10 05:00:00+00:00,LUCKNOW_001,27.5,1005.2,45.0,False,NORMAL
2025-03-10 06:00:00+00:00,LUCKNOW_001,29.3,1004.7,38.0,False,NORMAL
2025-03-10 07:00:00+00:00,LUCKNOW_001,29.4,1003.7,38.0,False,NORMAL
2025-03-10 08:00:00+00:00,LUCKNOW_001,30.7,1002.8,35.0,False,NORMAL
2025-03-10 09:00:00+00:00,LUCKNOW_001,31.0,1001.6,35.0,False,NORMAL
2025-03-10 10:00:00+00:00,LUCKNOW_001,29.5,1000.8,43.0,False,NORMAL
2025-03-10 11:00:00+00:00,LUCKNOW_001,29.6,1000.0,42.0,False,NORMAL
2025-03-10 12:00:00+00:00,LUCKNOW_001,29.3,1000.4,55.0,False,NORMAL
2025-03-10 13:00:00+00:00,LUCKNOW_001,29.6,1000.5,43.0,False,NORMAL
2025-03-10 14:00:00+00:00,LUCKNOW_001,27.0,1000.8,51.0,False,NORMAL
2025-03-10 15:00:00+00:00,LUCKNOW_001,23.4,1001.3,62.0,False,NORMAL
2025-03-10 16:00:00+00:00,LUCKNOW_001,22.9,1001.5,64.0,False,NORMAL
2025-03-10 17:00:00+00:00,LUCKNOW_001,20.9,1001.7,71.0,False,NORMAL
2025-03-10 18:00:00+00:00,LUCKNOW_001,20.0,1001.1,76.0,False,NORMAL
2025-03-10 19:00:00+00:00,LUCKNOW_001,19.4,1000.8,79.0,False,NORMAL
2025-03-10 20:00:00+00:00,LUCKNOW_001,18.5,1000.5,81.0,False,NORMAL
2025-03-10 21:00:00+00:00,LUCKNOW_001,18.8,999.7,80.0,False,NORMAL
2025-03-10 22:00:00+00:00,LUCKNOW_001,16.4,999.4,91.0,False,NORMAL
2025-03-10 23:00:00+00:00,LUCKNOW_001,16.3,999.1,93.0,False,NORMAL
2025-03-11 00:00:00+00:00,LUCKNOW_001,18.3,999.6,85.0,False,NORMAL
2025-03-11 01:00:00+00:00,LUCKNOW_001,18.8,1000.3,82.0,False,NORMAL
2025-03-11 02:00:00+00:00,LUCKNOW_001,20.6,1001.3,79.0,False,NORMAL
2025-03-11 03:00:00+00:00,LUCKNOW_001,21.3,1002.0,74.0,False,NORMAL
2025-03-11 04:00:00+00:00,LUCKNOW_001,22.3,1002.2,67.0,False,NORMAL
2025-03-11 05:00:00+00:00,LUCKNOW_001,29.2,1002.4,46.0,False,NORMAL
2025-03-11 06:00:00+00:00,LUCKNOW_001,30.9,1001.8,40.0,False,NORMAL
2025-03-11 07:00:00+00:00,LUCKNOW_001,31.0,1000.7,39.0,False,NORMAL
2025-03-11 08:00:00+00:00,LUCKNOW_001,33.1,999.4,34.0,False,NORMAL
2025-03-11 09:00:00+00:00,LUCKNOW_001,33.1,998.4,33.0,False,NORMAL
2025-03-11 10:00:00+00:00,LUCKNOW_001,31.1,997.6,43.0,False,NORMAL
2025-03-11 11:00:00+00:00,LUCKNOW_001,30.9,997.0,43.0,False,NORMAL
2025-03-11 12:00:00+00:00,LUCKNOW_001,30.0,996.9,44.0,False,NORMAL
2025-03-11 13:00:00+00:00,LUCKNOW_001,28.2,997.1,52.0,False,NORMAL
2025-03-11 14:00:00+00:00,LUCKNOW_001,26.4,997.2,59.0,False,NORMAL
2025-03-11 15:00:00+00:00,LUCKNOW_001,22.7,997.4,70.0,False,NORMAL
2025-03-11 16:00:00+00:00,LUCKNOW_001,21.8,997.5,74.0,False,NORMAL
2025-03-11 17:00:00+00:00,LUCKNOW_001,20.6,996.8,77.0,False,NORMAL
2025-03-11 18:00:00+00:00,LUCKNOW_001,20.7,996.4,76.0,False,NORMAL
2025-03-11 19:00:00+00:00,LUCKNOW_001,20.6,995.8,77.0,False,NORMAL
2025-03-11 20:00:00+00:00,LUCKNOW_001,20.2,995.3,78.0,False,NORMAL
2025-03-11 21:00:00+00:00,LUCKNOW_001,20.0,995.1,79.0,False,NORMAL
2025-03-11 22:00:00+00:00,LUCKNOW_001,18.5,994.2,82.0,False,NORMAL
2025-03-11 23:00:00+00:00,LUCKNOW_001,18.4,994.5,83.0,False,NORMAL
2025-03-12 00:00:00+00:00,LUCKNOW_001,19.5,994.9,79.0,False,NORMAL
2025-03-12 01:00:00+00:00,LUCKNOW_001,19.6,995.4,81.0,False,NORMAL
2025-03-12 02:00:00+00:00,LUCKNOW_001,21.9,996.0,73.0,False,NORMAL
2025-03-12 03:00:00+00:00,LUCKNOW_001,22.9,996.5,69.0,False,NORMAL
2025-03-12 04:00:00+00:00,LUCKNOW_001,24.6,996.5,67.0,False,NORMAL
2025-03-12 05:00:00+00:00,LUCKNOW_001,31.1,996.9,46.0,False,NORMAL
2025-03-12 06:00:00+00:00,LUCKNOW_001,32.6,996.3,38.0,False,NORMAL
2025-03-12 07:00:00+00:00,LUCKNOW_001,32.9,995.4,36.0,False,NORMAL
2025-03-12 08:00:00+00:00,LUCKNOW_001,34.7,994.1,30.0,False,NORMAL
2025-03-12 09:00:00+00:00,LUCKNOW_001,34.8,993.0,30.0,False,NORMAL
2025-03-12 10:00:00+00:00,LUCKNOW_001,32.4,992.4,38.0,False,NORMAL
2025-03-12 11:00:00+00:00,LUCKNOW_001,32.2,992.1,39.0,False,NORMAL
2025-03-12 12:00:00+00:00,LUCKNOW_001,31.9,991.7,41.0,False,NORMAL
2025-03-12 13:00:00+00:00,LUCKNOW_001,31.3,992.1,43.0,False,NORMAL
2025-03-12 14:00:00+00:00,LUCKNOW_001,28.6,992.8,49.0,False,NORMAL
2025-03-12 15:00:00+00:00,LUCKNOW_001,25.3,993.1,58.0,False,NORMAL
2025-03-12 16:00:00+00:00,LUCKNOW_001,24.8,993.9,59.0,False,NORMAL
2025-03-12 17:00:00+00:00,LUCKNOW_001,23.4,993.6,61.0,False,NORMAL
2025-03-12 18:00:00+00:00,LUCKNOW_001,23.2,993.6,61.0,False,NORMAL
2025-03-12 19:00:00+00:00,LUCKNOW_001,22.9,993.4,60.0,False,NORMAL
2025-03-12 20:00:00+00:00,LUCKNOW_001,22.3,993.2,62.0,False,NORMAL
2025-03-12 21:00:00+00:00,LUCKNOW_001,21.8,992.6,63.0,False,NORMAL
2025-03-12 22:00:00+00:00,LUCKNOW_001,19.7,992.5,70.0,False,NORMAL
2025-03-12 23:00:00+00:00,LUCKNOW_001,19.4,992.4,74.0,False,NORMAL
2025-03-13 00:00:00+00:00,LUCKNOW_001,20.3,992.8,74.0,False,NORMAL
2025-03-13 01:00:00+00:00,LUCKNOW_001,20.1,993.6,77.0,False,NORMAL
2025-03-13 02:00:00+00:00,LUCKNOW_001,22.3,995.0,69.0,False,NORMAL
2025-03-13 03:00:00+00:00,LUCKNOW_001,22.4,995.4,68.0,False,NORMAL
2025-03-13 04:00:00+00:00,LUCKNOW_001,23.7,995.6,66.0,False,NORMAL
2025-03-13 05:00:00+00:00,LUCKNOW_001,27.4,995.9,55.0,False,NORMAL
2025-03-13 06:00:00+00:00,LUCKNOW_001,30.3,995.8,45.0,False,NORMAL
2025-03-13 07:00:00+00:00,LUCKNOW_001,30.7,994.8,44.0,False,NORMAL
2025-03-13 08:00:00+00:00,LUCKNOW_001,32.1,993.4,40.0,False,NORMAL
2025-03-13 09:00:00+00:00,LUCKNOW_001,32.7,992.5,39.0,False,NORMAL
2025-03-13 10:00:00+00:00,LUCKNOW_001,31.0,992.4,45.0,False,NORMAL
2025-03-13 11:00:00+00:00,LUCKNOW_001,31.1,991.0,46.0,False,NORMAL
2025-03-13 12:00:00+00:00,LUCKNOW_001,30.8,990.8,49.0,False,NORMAL
2025-03-13 13:00:00+00:00,LUCKNOW_001,29.8,991.5,55.0,False,NORMAL
2025-03-13 14:00:00+00:00,LUCKNOW_001,27.2,992.1,60.0,False,NORMAL
2025-03-13 15:00:00+00:00,LUCKNOW_001,24.9,992.4,68.0,False,NORMAL
2025-03-13 16:00:00+00:00,LUCKNOW_001,24.9,993.5,68.0,False,NORMAL
2025-03-13 17:00:00+00:00,LUCKNOW_001,24.3,993.9,70.0,False,NORMAL
2025-03-13 18:00:00+00:00,LUCKNOW_001,24.4,994.0,69.0,False,NORMAL
2025-03-13 19:00:00+00:00,LUCKNOW_001,24.7,993.8,64.0,False,NORMAL
2025-03-13 20:00:00+00:00,LUCKNOW_001,23.8,993.6,64.0,False,NORMAL
2025-03-13 21:00:00+00:00,LUCKNOW_001,23.5,993.1,62.0,False,NORMAL
2025-03-13 22:00:00+00:00,LUCKNOW_001,20.8,992.4,79.0,False,NORMAL
2025-03-13 23:00:00+00:00,LUCKNOW_001,20.8,992.7,79.0,False,NORMAL
2025-03-14 00:00:00+00:00,LUCKNOW_001,22.2,993.2,77.0,False,NORMAL
2025-03-14 01:00:00+00:00,LUCKNOW_001,21.6,994.3,83.0,False,NORMAL
2025-03-14 02:00:00+00:00,LUCKNOW_001,23.1,995.5,75.0,False,NORMAL
2025-03-14 03:00:00+00:00,LUCKNOW_001,22.6,996.5,76.0,False,NORMAL
2025-03-14 04:00:00+00:00,LUCKNOW_001,23.6,997.2,70.0,False,NORMAL
2025-03-14 05:00:00+00:00,LUCKNOW_001,30.5,997.5,49.0,False,NORMAL
2025-03-14 06:00:00+00:00,LUCKNOW_001,32.2,997.4,42.0,False,NORMAL
2025-03-14 07:00:00+00:00,LUCKNOW_001,32.6,996.7,40.0,False,NORMAL
2025-03-14 08:00:00+00:00,LUCKNOW_001,34.8,995.5,31.0,False,NORMAL
2025-03-14 09:00:00+00:00,LUCKNOW_001,34.8,994.8,29.0,False,NORMAL
2025-03-14 10:00:00+00:00,LUCKNOW_001,33.1,994.3,38.0,False,NORMAL
2025-03-14 11:00:00+00:00,LUCKNOW_001,32.8,993.7,40.0,False,NORMAL
2025-03-14 12:00:00+00:00,LUCKNOW_001,32.0,993.4,52.0,False,NORMAL
2025-03-14 13:00:00+00:00,LUCKNOW_001,33.7,993.9,36.0,False,NORMAL
2025-03-14 14:00:00+00:00,LUCKNOW_001,31.7,994.9,42.0,False,NORMAL
2025-03-14 15:00:00+00:00,LUCKNOW_001,26.2,995.2,60.0,False,NORMAL
2025-03-14 16:00:00+00:00,LUCKNOW_001,24.7,995.7,67.0,False,NORMAL
2025-03-14 17:00:00+00:00,LUCKNOW_001,23.8,995.6,68.0,False,NORMAL
2025-03-14 18:00:00+00:00,LUCKNOW_001,24.1,995.8,68.0,False,NORMAL
2025-03-14 19:00:00+00:00,LUCKNOW_001,23.4,995.3,69.0,False,NORMAL
2025-03-14 20:00:00+00:00,LUCKNOW_001,22.3,995.0,72.0,False,NORMAL
2025-03-14 21:00:00+00:00,LUCKNOW_001,22.0,994.7,71.0,False,NORMAL
2025-03-14 22:00:00+00:00,LUCKNOW_001,20.7,993.9,72.0,False,NORMAL
2025-03-14 23:00:00+00:00,LUCKNOW_001,20.5,993.8,74.0,False,NORMAL
2025-03-15 00:00:00+00:00,LUCKNOW_001,21.2,994.1,74.0,False,NORMAL
2025-03-15 01:00:00+00:00,LUCKNOW_001,20.8,995.0,78.0,False,NORMAL
2025-03-15 02:00:00+00:00,LUCKNOW_001,23.1,996.4,68.0,False,NORMAL
2025-03-15 03:00:00+00:00,LUCKNOW_001,24.5,997.2,59.0,False,NORMAL
2025-03-15 04:00:00+00:00,LUCKNOW_001,26.1,998.3,57.0,False,NORMAL
2025-03-15 05:00:00+00:00,LUCKNOW_001,32.6,998.4,38.0,False,NORMAL
2025-03-15 06:00:00+00:00,LUCKNOW_001,32.9,998.1,36.0,False,NORMAL
2025-03-15 07:00:00+00:00,LUCKNOW_001,33.2,997.3,36.0,False,NORMAL
2025-03-15 08:00:00+00:00,LUCKNOW_001,35.1,996.7,31.0,False,NORMAL
2025-03-15 09:00:00+00:00,LUCKNOW_001,35.5,996.0,31.0,False,NORMAL
2025-03-15 10:00:00+00:00,LUCKNOW_001,33.6,995.3,38.0,False,NORMAL
2025-03-15 11:00:00+00:00,LUCKNOW_001,33.9,995.5,37.0,False,NORMAL
2025-03-15 12:00:00+00:00,LUCKNOW_001,33.8,995.3,51.0,False,NORMAL
2025-03-15 13:00:00+00:00,LUCKNOW_001,35.0,995.7,36.0,False,NORMAL
2025-03-15 14:00:00+00:00,LUCKNOW_001,33.0,996.4,43.0,False,NORMAL
2025-03-15 15:00:00+00:00,LUCKNOW_001,29.7,997.1,52.0,False,NORMAL
2025-03-15 16:00:00+00:00,LUCKNOW_001,29.1,997.6,53.0,False,NORMAL
2025-03-15 17:00:00+00:00,LUCKNOW_001,27.5,997.6,61.0,False,NORMAL
2025-03-15 18:00:00+00:00,LUCKNOW_001,27.1,997.1,62.0,False,NORMAL
2025-03-15 19:00:00+00:00,LUCKNOW_001,26.1,996.8,67.0,False,NORMAL
2025-03-15 20:00:00+00:00,LUCKNOW_001,23.0,995.9,80.0,False,NORMAL
2025-03-15 21:00:00+00:00,LUCKNOW_001,22.7,995.4,78.0,False,NORMAL
2025-03-15 22:00:00+00:00,LUCKNOW_001,21.0,994.4,82.0,False,NORMAL
2025-03-15 23:00:00+00:00,LUCKNOW_001,21.3,995.1,78.0,False,NORMAL
2025-03-16 00:00:00+00:00,LUCKNOW_001,23.2,995.7,67.0,False,NORMAL
2025-03-16 01:00:00+00:00,LUCKNOW_001,23.7,996.6,60.0,False,NORMAL
2025-03-16 02:00:00+00:00,LUCKNOW_001,25.3,997.9,53.0,False,NORMAL
2025-03-16 03:00:00+00:00,LUCKNOW_001,25.6,998.3,51.0,False,NORMAL
2025-03-16 04:00:00+00:00,LUCKNOW_001,26.3,998.4,47.0,False,NORMAL
2025-03-16 05:00:00+00:00,LUCKNOW_001,31.1,998.2,38.0,False,NORMAL
2025-03-16 06:00:00+00:00,LUCKNOW_001,33.3,997.9,34.0,False,NORMAL
2025-03-16 07:00:00+00:00,LUCKNOW_001,33.1,997.2,35.0,False,NORMAL
2025-03-16 08:00:00+00:00,LUCKNOW_001,34.4,996.3,32.0,False,NORMAL
2025-03-16 09:00:00+00:00,LUCKNOW_001,34.9,995.2,27.0,False,NORMAL
2025-03-16 10:00:00+00:00,LUCKNOW_001,32.6,993.3,36.0,False,NORMAL
2025-03-16 11:00:00+00:00,LUCKNOW_001,32.7,993.1,36.0,False,NORMAL
2025-03-16 12:00:00+00:00,LUCKNOW_001,32.6,994.0,40.0,False,NORMAL
2025-03-16 13:00:00+00:00,LUCKNOW_001,31.6,994.1,39.0,False,NORMAL
2025-03-16 14:00:00+00:00,LUCKNOW_001,29.8,994.5,42.0,False,NORMAL
2025-03-16 15:00:00+00:00,LUCKNOW_001,27.1,995.1,50.0,False,NORMAL
2025-03-16 16:00:00+00:00,LUCKNOW_001,26.0,995.6,54.0,False,NORMAL
2025-03-16 17:00:00+00:00,LUCKNOW_001,25.0,996.0,57.0,False,NORMAL
2025-03-16 18:00:00+00:00,LUCKNOW_001,25.0,996.0,59.0,False,NORMAL
2025-03-16 19:00:00+00:00,LUCKNOW_001,24.9,995.7,60.0,False,NORMAL
2025-03-16 20:00:00+00:00,LUCKNOW_001,24.2,995.9,65.0,False,NORMAL
2025-03-16 21:00:00+00:00,LUCKNOW_001,24.1,995.3,66.0,False,NORMAL
2025-03-16 22:00:00+00:00,LUCKNOW_001,23.0,995.1,69.0,False,NORMAL
2025-03-16 23:00:00+00:00,LUCKNOW_001,23.0,995.3,67.0,False,NORMAL
2025-03-17 00:00:00+00:00,LUCKNOW_001,24.1,995.8,63.0,False,NORMAL
2025-03-17 01:00:00+00:00,LUCKNOW_001,23.7,996.5,65.0,False,NORMAL
2025-03-17 02:00:00+00:00,LUCKNOW_001,23.9,997.3,64.0,False,NORMAL
2025-03-17 03:00:00+00:00,LUCKNOW_001,23.8,997.9,62.0,False,NORMAL
2025-03-17 04:00:00+00:00,LUCKNOW_001,24.0,998.5,59.0,False,NORMAL
2025-03-17 05:00:00+00:00,LUCKNOW_001,28.2,998.7,43.0,False,NORMAL
2025-03-17 06:00:00+00:00,LUCKNOW_001,30.6,998.7,32.0,False,NORMAL
2025-03-17 07:00:00+00:00,LUCKNOW_001,31.0,997.8,30.0,False,NORMAL
2025-03-17 08:00:00+00:00,LUCKNOW_001,32.2,997.3,24.0,False,NORMAL
2025-03-17 09:00:00+00:00,LUCKNOW_001,32.9,996.0,22.0,False,NORMAL
2025-03-17 10:00:00+00:00,LUCKNOW_001,31.0,995.6,29.0,False,NORMAL
2025-03-17 11:00:00+00:00,LUCKNOW_001,30.6,995.6,29.0,False,NORMAL
2025-03-17 12:00:00+00:00,LUCKNOW_001,30.5,996.1,29.0,False,NORMAL
2025-03-17 13:00:00+00:00,LUCKNOW_001,30.4,996.8,30.0,False,NORMAL
2025-03-17 14:00:00+00:00,LUCKNOW_001,28.2,997.5,34.0,False,NORMAL
2025-03-17 15:00:00+00:00,LUCKNOW_001,24.7,998.4,43.0,False,NORMAL
2025-03-17 16:00:00+00:00,LUCKNOW_001,24.1,998.8,45.0,False,NORMAL
2025-03-17 17:00:00+00:00,LUCKNOW_001,22.5,998.5,50.0,False,NORMAL
2025-03-17 18:00:00+00:00,LUCKNOW_001,22.2,998.4,51.0,False,NORMAL
2025-03-17 19:00:00+00:00,LUCKNOW_001,21.8,998.3,53.0,False,NORMAL
2025-03-17 20:00:00+00:00,LUCKNOW_001,20.8,997.7,58.0,False,NORMAL
2025-03-17 21:00:00+00:00,LUCKNOW_001,20.6,997.4,59.0,False,NORMAL
2025-03-17 22:00:00+00:00,LUCKNOW_001,18.2,996.8,69.0,False,NORMAL
2025-03-17 23:00:00+00:00,LUCKNOW_001,17.9,997.2,71.0,False,NORMAL
2025-03-18 00:00:00+00:00,LUCKNOW_001,19.4,997.4,69.0,False,NORMAL
2025-03-18 01:00:00+00:00,LUCKNOW_001,19.4,997.8,70.0,False,NORMAL
2025-03-18 02:00:00+00:00,LUCKNOW_001,21.4,998.3,65.0,False,NORMAL
2025-03-18 03:00:00+00:00,LUCKNOW_001,21.6,999.0,65.0,False,NORMAL
2025-03-18 04:00:00+00:00,LUCKNOW_001,22.1,999.3,60.0,False,NORMAL
2025-03-18 05:00:00+00:00,LUCKNOW_001,25.9,999.4,44.0,False,NORMAL
2025-03-18 06:00:00+00:00,LUCKNOW_001,29.9,999.4,34.0,False,NORMAL
2025-03-18 07:00:00+00:00,LUCKNOW_001,29.9,998.3,32.0,False,NORMAL
2025-03-18 08:00:00+00:00,LUCKNOW_001,31.3,997.6,27.0,False,NORMAL
2025-03-18 09:00:00+00:00,LUCKNOW_001,31.3,996.4,27.0,False,NORMAL
2025-03-18 10:00:00+00:00,LUCKNOW_001,29.9,996.3,30.0,False,NORMAL
2025-03-18 11:00:00+00:00,LUCKNOW_001,29.9,996.1,30.0,False,NORMAL
2025-03-18 12:00:00+00:00,LUCKNOW_001,29.6,996.3,31.0,False,NORMAL
2025-03-18 13:00:00+00:00,LUCKNOW_001,29.1,996.7,32.0,False,NORMAL
2025-03-18 14:00:00+00:00,LUCKNOW_001,25.9,997.1,40.0,False,NORMAL
2025-03-18 15:00:00+00:00,LUCKNOW_001,23.2,997.8,48.0,False,NORMAL
2025-03-18 16:00:00+00:00,LUCKNOW_001,22.8,998.4,51.0,False,NORMAL
2025-03-18 17:00:00+00:00,LUCKNOW_001,20.7,998.3,58.0,False,NORMAL
2025-03-18 18:00:00+00:00,LUCKNOW_001,20.3,998.9,59.0,False,NORMAL
2025-03-18 19:00:00+00:00,LUCKNOW_001,20.4,998.5,58.0,False,NORMAL
2025-03-18 20:00:00+00:00,LUCKNOW_001,19.1,998.6,62.0,False,NORMAL
2025-03-18 21:00:00+00:00,LUCKNOW_001,18.6,998.0,62.0,False,NORMAL
2025-03-18 22:00:00+00:00,LUCKNOW_001,17.3,997.4,70.0,False,NORMAL
2025-03-18 23:00:00+00:00,LUCKNOW_001,17.4,997.6,70.0,False,NORMAL
2025-03-19 00:00:00+00:00,LUCKNOW_001,19.3,997.7,68.0,False,NORMAL
2025-03-19 01:00:00+00:00,LUCKNOW_001,18.9,998.5,70.0,False,NORMAL
2025-03-19 02:00:00+00:00,LUCKNOW_001,20.5,999.5,66.0,False,NORMAL
2025-03-19 03:00:00+00:00,LUCKNOW_001,22.9,1000.2,59.0,False,NORMAL
2025-03-19 04:00:00+00:00,LUCKNOW_001,24.2,1000.8,53.0,False,NORMAL
2025-03-19 05:00:00+00:00,LUCKNOW_001,28.4,1001.0,36.0,False,NORMAL
2025-03-19 06:00:00+00:00,LUCKNOW_001,30.3,1000.9,30.0,False,NORMAL
2025-03-19 07:00:00+00:00,LUCKNOW_001,30.6,1000.3,30.0,False,NORMAL
2025-03-19 08:00:00+00:00,LUCKNOW_001,32.5,999.7,25.0,False,NORMAL
2025-03-19 09:00:00+00:00,LUCKNOW_001,32.9,998.5,24.0,False,NORMAL
2025-03-19 10:00:00+00:00,LUCKNOW_001,31.3,997.9,29.0,False,NORMAL
2025-03-19 11:00:00+00:00,LUCKNOW_001,31.2,997.5,29.0,False,NORMAL
2025-03-19 12:00:00+00:00,LUCKNOW_001,30.6,997.8,33.0,False,NORMAL
2025-03-19 13:00:00+00:00,LUCKNOW_001,28.8,998.0,38.0,False,NORMAL
2025-03-19 14:00:00+00:00,LUCKNOW_001,26.0,999.0,46.0,False,NORMAL
2025-03-19 15:00:00+00:00,LUCKNOW_001,22.6,999.3,53.0,False,NORMAL
2025-03-19 16:00:00+00:00,LUCKNOW_001,22.4,1000.2,53.0,False,NORMAL
2025-03-19 17:00:00+00:00,LUCKNOW_001,20.9,1000.0,60.0,False,NORMAL
2025-03-19 18:00:00+00:00,LUCKNOW_001,20.8,1000.2,62.0,False,NORMAL
2025-03-19 19:00:00+00:00,LUCKNOW_001,20.5,1000.3,63.0,False,NORMAL
2025-03-19 20:00:00+00:00,LUCKNOW_001,18.9,999.9,69.0,False,NORMAL
2025-03-19 21:00:00+00:00,LUCKNOW_001,18.3,999.4,71.0,False,NORMAL
2025-03-19 22:00:00+00:00,LUCKNOW_001,16.8,998.7,74.0,False,NORMAL
2025-03-19 23:00:00+00:00,LUCKNOW_001,17.2,999.2,74.0,False,NORMAL
2025-03-20 00:00:00+00:00,LUCKNOW_001,19.1,999.6,72.0,False,NORMAL
2025-03-20 01:00:00+00:00,LUCKNOW_001,18.6,1000.3,76.0,False,NORMAL
2025-03-20 02:00:00+00:00,LUCKNOW_001,21.8,1001.5,61.0,False,NORMAL
2025-03-20 03:00:00+00:00,LUCKNOW_001,22.7,1001.9,58.0,False,NORMAL
2025-03-20 04:00:00+00:00,LUCKNOW_001,23.2,1002.4,56.0,False,NORMAL
2025-03-20 05:00:00+00:00,LUCKNOW_001,28.7,1002.5,41.0,False,NORMAL
2025-03-20 06:00:00+00:00,LUCKNOW_001,30.0,1002.1,35.0,False,NORMAL
2025-03-20 07:00:00+00:00,LUCKNOW_001,30.4,1001.0,33.0,False,NORMAL
2025-03-20 08:00:00+00:00,LUCKNOW_001,32.5,1000.0,29.0,False,NORMAL
2025-03-20 09:00:00+00:00,LUCKNOW_001,32.4,998.8,28.0,False,NORMAL
2025-03-20 10:00:00+00:00,LUCKNOW_001,31.8,997.5,34.0,False,NORMAL
2025-03-20 11:00:00+00:00,LUCKNOW_001,31.8,997.1,34.0,False,NORMAL
2025-03-20 12:00:00+00:00,LUCKNOW_001,30.9,997.0,34.0,False,NORMAL
2025-03-20 13:00:00+00:00,LUCKNOW_001,29.6,997.3,41.0,False,NORMAL
2025-03-20 14:00:00+00:00,LUCKNOW_001,25.7,997.9,48.0,False,NORMAL
2025-03-20 15:00:00+00:00,LUCKNOW_001,24.0,998.5,56.0,False,NORMAL
2025-03-20 16:00:00+00:00,LUCKNOW_001,22.9,999.2,58.0,False,NORMAL
2025-03-20 17:00:00+00:00,LUCKNOW_001,22.0,999.1,59.0,False,NORMAL
2025-03-20 18:00:00+00:00,LUCKNOW_001,20.4,999.1,65.0,False,NORMAL
2025-03-20 19:00:00+00:00,LUCKNOW_001,20.3,999.1,66.0,False,NORMAL
2025-03-20 20:00:00+00:00,LUCKNOW_001,19.9,998.9,66.0,False,NORMAL
2025-03-20 21:00:00+00:00,LUCKNOW_001,19.7,998.7,65.0,False,NORMAL
2025-03-20 22:00:00+00:00,LUCKNOW_001,19.0,997.8,67.0,False,NORMAL
2025-03-20 23:00:00+00:00,LUCKNOW_001,19.1,998.4,65.0,False,NORMAL
2025-03-21 00:00:00+00:00,LUCKNOW_001,20.3,999.0,60.0,False,NORMAL
2025-03-21 01:00:00+00:00,LUCKNOW_001,19.9,999.5,60.0,False,NORMAL
2025-03-21 02:00:00+00:00,LUCKNOW_001,21.9,1000.5,56.0,False,NORMAL
2025-03-21 03:00:00+00:00,LUCKNOW_001,23.1,1000.9,51.0,False,NORMAL
2025-03-21 04:00:00+00:00,LUCKNOW_001,24.3,1001.7,51.0,False,NORMAL
2025-03-21 05:00:00+00:00,LUCKNOW_001,29.1,1001.4,34.0,False,NORMAL
2025-03-21 06:00:00+00:00,LUCKNOW_001,32.0,1001.0,26.0,False,NORMAL
2025-03-21 07:00:00+00:00,LUCKNOW_001,32.3,1000.0,26.0,False,NORMAL
2025-03-21 08:00:00+00:00,LUCKNOW_001,34.4,998.9,19.0,False,NORMAL
2025-03-21 09:00:00+00:00,LUCKNOW_001,34.9,997.9,18.0,False,NORMAL
2025-03-21 10:00:00+00:00,LUCKNOW_001,32.9,997.0,24.0,False,NORMAL
2025-03-21 11:00:00+00:00,LUCKNOW_001,32.8,996.5,24.0,False,NORMAL
2025-03-21 12:00:00+00:00,LUCKNOW_001,31.9,996.0,22.0,False,NORMAL
2025-03-21 13:00:00+00:00,LUCKNOW_001,30.5,996.5,28.0,False,NORMAL
2025-03-21 14:00:00+00:00,LUCKNOW_001,28.1,997.1,30.0,False,NORMAL
2025-03-21 15:00:00+00:00,LUCKNOW_001,25.6,997.8,34.0,False,NORMAL
2025-03-21 16:00:00+00:00,LUCKNOW_001,24.6,998.2,37.0,False,NORMAL
2025-03-21 17:00:00+00:00,LUCKNOW_001,22.4,998.2,41.0,False,NORMAL
2025-03-21 18:00:00+00:00,LUCKNOW_001,22.5,998.3,39.0,False,NORMAL
2025-03-21 19:00:00+00:00,LUCKNOW_001,22.1,998.1,40.0,False,NORMAL
2025-03-21 20:00:00+00:00,LUCKNOW_001,20.9,998.1,44.0,False,NORMAL
2025-03-21 21:00:00+00:00,LUCKNOW_001,20.8,997.7,44.0,False,NORMAL
2025-03-21 22:00:00+00:00,LUCKNOW_001,19.0,996.6,50.0,False,NORMAL
2025-03-21 23:00:00+00:00,LUCKNOW_001,18.7,997.5,52.0,False,NORMAL
2025-03-22 00:00:00+00:00,LUCKNOW_001,20.0,997.3,54.0,False,NORMAL
2025-03-22 01:00:00+00:00,LUCKNOW_001,20.0,997.9,53.0,False,NORMAL
2025-03-22 02:00:00+00:00,LUCKNOW_001,21.8,999.4,51.0,False,NORMAL
2025-03-22 03:00:00+00:00,LUCKNOW_001,23.8,1000.2,48.0,False,NORMAL
2025-03-22 04:00:00+00:00,LUCKNOW_001,24.8,1000.5,46.0,False,NORMAL
2025-03-22 05:00:00+00:00,LUCKNOW_001,29.9,1000.6,32.0,False,NORMAL
2025-03-22 06:00:00+00:00,LUCKNOW_001,31.5,1000.5,24.0,False,NORMAL
2025-03-22 07:00:00+00:00,LUCKNOW_001,31.7,999.6,25.0,False,NORMAL
2025-03-22 08:00:00+00:00,LUCKNOW_001,33.1,999.0,20.0,False,NORMAL
2025-03-22 09:00:00+00:00,LUCKNOW_001,32.9,998.7,21.0,False,NORMAL
2025-03-22 10:00:00+00:00,LUCKNOW_001,29.9,997.6,29.0,False,NORMAL
2025-03-22 11:00:00+00:00,LUCKNOW_001,30.1,998.0,28.0,False,NORMAL
2025-03-22 12:00:00+00:00,LUCKNOW_001,30.2,998.5,24.0,False,NORMAL
2025-03-22 13:00:00+00:00,LUCKNOW_001,29.4,999.3,28.0,False,NORMAL
2025-03-22 14:00:00+00:00,LUCKNOW_001,27.2,999.8,35.0,False,NORMAL
2025-03-22 15:00:00+00:00,LUCKNOW_001,23.1,999.9,43.0,False,NORMAL
2025-03-22 16:00:00+00:00,LUCKNOW_001,22.3,999.9,49.0,False,NORMAL
2025-03-22 17:00:00+00:00,LUCKNOW_001,21.3,999.8,53.0,False,NORMAL
2025-03-22 18:00:00+00:00,LUCKNOW_001,20.6,999.9,55.0,False,NORMAL
2025-03-22 19:00:00+00:00,LUCKNOW_001,21.0,1000.0,53.0,False,NORMAL
2025-03-22 20:00:00+00:00,LUCKNOW_001,19.1,999.7,61.0,False,NORMAL
2025-03-22 21:00:00+00:00,LUCKNOW_001,19.3,999.2,60.0,False,NORMAL
2025-03-22 22:00:00+00:00,LUCKNOW_001,17.0,999.1,67.0,False,NORMAL
2025-03-22 23:00:00+00:00,LUCKNOW_001,17.0,999.1,65.0,False,NORMAL
2025-03-23 00:00:00+00:00,LUCKNOW_001,18.0,999.9,66.0,False,NORMAL
2025-03-23 01:00:00+00:00,LUCKNOW_001,18.2,1000.8,69.0,False,NORMAL
2025-03-23 02:00:00+00:00,LUCKNOW_001,21.0,1002.1,59.0,False,NORMAL
2025-03-23 03:00:00+00:00,LUCKNOW_001,21.3,1002.9,59.0,False,NORMAL
2025-03-23 04:00:00+00:00,LUCKNOW_001,21.9,1002.9,57.0,False,NORMAL
2025-03-23 05:00:00+00:00,LUCKNOW_001,26.2,1003.1,45.0,False,NORMAL
2025-03-23 06:00:00+00:00,LUCKNOW_001,29.8,1002.6,35.0,False,NORMAL
2025-03-23 07:00:00+00:00,LUCKNOW_001,30.0,1001.8,34.0,False,NORMAL
2025-03-23 08:00:00+00:00,LUCKNOW_001,31.6,1000.6,29.0,False,NORMAL
2025-03-23 09:00:00+00:00,LUCKNOW_001,32.0,999.8,28.0,False,NORMAL
2025-03-23 10:00:00+00:00,LUCKNOW_001,30.5,999.2,34.0,False,NORMAL
2025-03-23 11:00:00+00:00,LUCKNOW_001,30.6,999.3,34.0,False,NORMAL
2025-03-23 12:00:00+00:00,LUCKNOW_001,30.5,999.2,32.0,False,NORMAL
2025-03-23 13:00:00+00:00,LUCKNOW_001,29.6,999.6,36.0,False,NORMAL
2025-03-23 14:00:00+00:00,LUCKNOW_001,27.1,999.9,40.0,False,NORMAL
2025-03-23 15:00:00+00:00,LUCKNOW_001,24.2,1000.7,48.0,False,NORMAL
2025-03-23 16:00:00+00:00,LUCKNOW_001,23.1,1000.9,51.0,False,NORMAL
2025-03-23 17:00:00+00:00,LUCKNOW_001,21.1,1000.8,58.0,False,NORMAL
2025-03-23 18:00:00+00:00,LUCKNOW_001,20.2,1000.8,62.0,False,NORMAL
2025-03-23 19:00:00+00:00,LUCKNOW_001,20.3,1000.6,61.0,False,NORMAL
2025-03-23 20:00:00+00:00,LUCKNOW_001,20.2,1000.2,60.0,False,NORMAL
2025-03-23 21:00:00+00:00,LUCKNOW_001,20.1,999.9,60.0,False,NORMAL
2025-03-23 22:00:00+00:00,LUCKNOW_001,18.3,999.7,70.0,False,NORMAL
2025-03-23 23:00:00+00:00,LUCKNOW_001,18.6,999.6,70.0,False,NORMAL
2025-03-24 00:00:00+00:00,LUCKNOW_001,19.5,1000.3,68.0,False,NORMAL
2025-03-24 01:00:00+00:00,LUCKNOW_001,19.4,1000.7,71.0,False,NORMAL
2025-03-24 02:00:00+00:00,LUCKNOW_001,22.5,1002.2,59.0,False,NORMAL
2025-03-24 03:00:00+00:00,LUCKNOW_001,23.6,1002.7,55.0,False,NORMAL
2025-03-24 04:00:00+00:00,LUCKNOW_001,24.9,1003.3,50.0,False,NORMAL
2025-03-24 05:00:00+00:00,LUCKNOW_001,30.7,1003.0,36.0,False,NORMAL
2025-03-24 06:00:00+00:00,LUCKNOW_001,31.8,1002.4,31.0,False,NORMAL
2025-03-24 07:00:00+00:00,LUCKNOW_001,31.9,1001.4,31.0,False,NORMAL
2025-03-24 08:00:00+00:00,LUCKNOW_001,33.4,1000.2,28.0,False,NORMAL
2025-03-24 09:00:00+00:00,LUCKNOW_001,33.5,999.0,28.0,False,NORMAL
2025-03-24 10:00:00+00:00,LUCKNOW_001,32.0,998.5,33.0,False,NORMAL
2025-03-24 11:00:00+00:00,LUCKNOW_001,32.0,998.0,33.0,False,NORMAL
2025-03-24 12:00:00+00:00,LUCKNOW_001,31.7,997.7,35.0,False,NORMAL
2025-03-24 13:00:00+00:00,LUCKNOW_001,30.9,998.1,37.0,False,NORMAL
2025-03-24 14:00:00+00:00,LUCKNOW_001,27.7,998.6,46.0,False,NORMAL
2025-03-24 15:00:00+00:00,LUCKNOW_001,24.2,999.4,56.0,False,NORMAL
2025-03-24 16:00:00+00:00,LUCKNOW_001,23.2,999.4,59.0,False,NORMAL
2025-03-24 17:00:00+00:00,LUCKNOW_001,20.9,999.4,65.0,False,NORMAL
2025-03-24 18:00:00+00:00,LUCKNOW_001,20.7,998.8,67.0,False,NORMAL
2025-03-24 19:00:00+00:00,LUCKNOW_001,20.4,998.4,67.0,False,NORMAL
2025-03-24 20:00:00+00:00,LUCKNOW_001,19.7,997.6,68.0,False,NORMAL
2025-03-24 21:00:00+00:00,LUCKNOW_001,19.9,997.2,66.0,False,NORMAL
2025-03-24 22:00:00+00:00,LUCKNOW_001,20.2,997.0,69.0,False,NORMAL
2025-03-24 23:00:00+00:00,LUCKNOW_001,19.5,996.4,72.0,False,NORMAL
2025-03-25 00:00:00+00:00,LUCKNOW_001,20.1,996.8,72.0,False,NORMAL
2025-03-25 01:00:00+00:00,LUCKNOW_001,19.6,997.1,75.0,False,NORMAL
2025-03-25 02:00:00+00:00,LUCKNOW_001,22.6,998.0,65.0,False,NORMAL
2025-03-25 03:00:00+00:00,LUCKNOW_001,25.9,998.5,53.0,False,NORMAL
2025-03-25 04:00:00+00:00,LUCKNOW_001,26.8,998.7,47.0,False,NORMAL
2025-03-25 05:00:00+00:00,LUCKNOW_001,32.3,998.7,36.0,False,NORMAL
2025-03-25 06:00:00+00:00,LUCKNOW_001,33.0,997.8,30.0,False,NORMAL
2025-03-25 07:00:00+00:00,LUCKNOW_001,33.2,996.9,30.0,False,NORMAL
2025-03-25 08:00:00+00:00,LUCKNOW_001,34.8,995.7,27.0,False,NORMAL
2025-03-25 09:00:00+00:00,LUCKNOW_001,34.9,994.4,27.0,False,NORMAL
2025-03-25 10:00:00+00:00,LUCKNOW_001,33.6,993.6,31.0,False,NORMAL
2025-03-25 11:00:00+00:00,LUCKNOW_001,33.6,993.2,30.0,False,NORMAL
2025-03-25 12:00:00+00:00,LUCKNOW_001,33.1,993.0,30.0,False,NORMAL
2025-03-25 13:00:00+00:00,LUCKNOW_001,31.5,993.5,36.0,False,NORMAL
2025-03-25 14:00:00+00:00,LUCKNOW_001,28.0,993.7,44.0,False,NORMAL
2025-03-25 15:00:00+00:00,LUCKNOW_001,24.6,994.4,53.0,False,NORMAL
2025-03-25 16:00:00+00:00,LUCKNOW_001,24.0,994.3,56.0,False,NORMAL
2025-03-25 17:00:00+00:00,LUCKNOW_001,22.2,994.2,63.0,False,NORMAL
2025-03-25 18:00:00+00:00,LUCKNOW_001,21.7,993.4,64.0,False,NORMAL
2025-03-25 19:00:00+00:00,LUCKNOW_001,21.5,993.2,65.0,False,NORMAL
2025-03-25 20:00:00+00:00,LUCKNOW_001,20.5,992.4,68.0,False,NORMAL
2025-03-25 21:00:00+00:00,LUCKNOW_001,19.9,992.2,72.0,False,NORMAL
2025-03-25 22:00:00+00:00,LUCKNOW_001,18.3,991.8,76.0,False,NORMAL
2025-03-25 23:00:00+00:00,LUCKNOW_001,18.4,991.7,74.0,False,NORMAL
2025-03-26 00:00:00+00:00,LUCKNOW_001,20.4,992.4,68.0,False,NORMAL
2025-03-26 01:00:00+00:00,LUCKNOW_001,20.7,992.9,67.0,False,NORMAL
2025-03-26 02:00:00+00:00,LUCKNOW_001,23.9,994.2,57.0,False,NORMAL
2025-03-26 03:00:00+00:00,LUCKNOW_001,24.2,994.8,56.0,False,NORMAL
2025-03-26 04:00:00+00:00,LUCKNOW_001,26.9,995.2,53.0,False,NORMAL
2025-03-26 05:00:00+00:00,LUCKNOW_001,32.1,995.7,41.0,False,NORMAL
2025-03-26 06:00:00+00:00,LUCKNOW_001,35.0,994.9,30.0,False,NORMAL
2025-03-26 07:00:00+00:00,LUCKNOW_001,35.7,994.6,27.0,False,NORMAL
2025-03-26 08:00:00+00:00,LUCKNOW_001,38.1,993.1,21.0,False,NORMAL
2025-03-26 09:00:00+00:00,LUCKNOW_001,38.2,992.3,20.0,False,NORMAL
2025-03-26 10:00:00+00:00,LUCKNOW_001,36.1,991.2,27.0,False,NORMAL
2025-03-26 11:00:00+00:00,LUCKNOW_001,35.7,991.1,27.0,False,NORMAL
2025-03-26 12:00:00+00:00,LUCKNOW_001,35.5,991.0,24.0,False,NORMAL
2025-03-26 13:00:00+00:00,LUCKNOW_001,32.7,991.1,31.0,False,NORMAL
2025-03-26 14:00:00+00:00,LUCKNOW_001,29.3,991.5,39.0,False,NORMAL
2025-03-26 15:00:00+00:00,LUCKNOW_001,25.3,991.8,51.0,False,NORMAL
2025-03-26 16:00:00+00:00,LUCKNOW_001,24.7,992.3,53.0,False,NORMAL
2025-03-26 17:00:00+00:00,LUCKNOW_001,22.7,992.1,58.0,False,NORMAL
2025-03-26 18:00:00+00:00,LUCKNOW_001,22.3,991.9,60.0,False,NORMAL
2025-03-26 19:00:00+00:00,LUCKNOW_001,22.2,991.9,60.0,False,NORMAL
2025-03-26 20:00:00+00:00,LUCKNOW_001,21.3,991.4,62.0,False,NORMAL
2025-03-26 21:00:00+00:00,LUCKNOW_001,21.3,990.8,62.0,False,NORMAL
2025-03-26 22:00:00+00:00,LUCKNOW_001,20.7,990.5,63.0,False,NORMAL
2025-03-26 23:00:00+00:00,LUCKNOW_001,20.5,990.9,64.0,False,NORMAL
2025-03-27 00:00:00+00:00,LUCKNOW_001,22.0,991.1,62.0,False,NORMAL
2025-03-27 01:00:00+00:00,LUCKNOW_001,22.3,992.0,61.0,False,NORMAL
2025-03-27 02:00:00+00:00,LUCKNOW_001,25.6,992.6,53.0,False,NORMAL
2025-03-27 03:00:00+00:00,LUCKNOW_001,26.0,993.6,49.0,False,NORMAL
2025-03-27 04:00:00+00:00,LUCKNOW_001,28.1,993.6,46.0,False,NORMAL
2025-03-27 05:00:00+00:00,LUCKNOW_001,36.2,993.9,31.0,False,NORMAL
2025-03-27 06:00:00+00:00,LUCKNOW_001,37.3,993.2,24.0,False,NORMAL
2025-03-27 07:00:00+00:00,LUCKNOW_001,37.4,992.3,23.0,False,NORMAL
2025-03-27 08:00:00+00:00,LUCKNOW_001,39.6,991.4,18.0,False,NORMAL
2025-03-27 09:00:00+00:00,LUCKNOW_001,39.6,990.3,19.0,False,NORMAL
2025-03-27 10:00:00+00:00,LUCKNOW_001,36.9,989.5,26.0,False,NORMAL
2025-03-27 11:00:00+00:00,LUCKNOW_001,36.7,988.7,26.0,False,NORMAL
2025-03-27 12:00:00+00:00,LUCKNOW_001,36.7,989.2,26.0,False,NORMAL
2025-03-27 13:00:00+00:00,LUCKNOW_001,35.6,989.4,28.0,False,NORMAL
2025-03-27 14:00:00+00:00,LUCKNOW_001,32.0,990.0,32.0,False,NORMAL
2025-03-27 15:00:00+00:00,LUCKNOW_001,29.0,990.7,39.0,False,NORMAL
2025-03-27 16:00:00+00:00,LUCKNOW_001,28.9,991.1,39.0,False,NORMAL
2025-03-27 17:00:00+00:00,LUCKNOW_001,26.8,991.3,45.0,False,NORMAL
2025-03-27 18:00:00+00:00,LUCKNOW_001,26.2,990.9,48.0,False,NORMAL
2025-03-27 19:00:00+00:00,LUCKNOW_001,25.8,990.7,49.0,False,NORMAL
2025-03-27 20:00:00+00:00,LUCKNOW_001,24.3,990.2,54.0,False,NORMAL
2025-03-27 21:00:00+00:00,LUCKNOW_001,23.9,990.0,54.0,False,NORMAL
2025-03-27 22:00:00+00:00,LUCKNOW_001,22.7,989.7,57.0,False,NORMAL
2025-03-27 23:00:00+00:00,LUCKNOW_001,23.0,990.5,57.0,False,NORMAL
2025-03-28 00:00:00+00:00,LUCKNOW_001,24.9,990.8,54.0,False,NORMAL
2025-03-28 01:00:00+00:00,LUCKNOW_001,24.8,991.8,56.0,False,NORMAL
2025-03-28 02:00:00+00:00,LUCKNOW_001,27.3,992.9,50.0,False,NORMAL
2025-03-28 03:00:00+00:00,LUCKNOW_001,27.4,993.9,51.0,False,NORMAL
2025-03-28 04:00:00+00:00,LUCKNOW_001,28.2,994.3,48.0,False,NORMAL
2025-03-28 05:00:00+00:00,LUCKNOW_001,34.1,994.8,35.0,False,NORMAL
2025-03-28 06:00:00+00:00,LUCKNOW_001,35.6,994.7,28.0,False,NORMAL
2025-03-28 07:00:00+00:00,LUCKNOW_001,35.7,994.2,28.0,False,NORMAL
2025-03-28 08:00:00+00:00,LUCKNOW_001,36.7,993.1,26.0,False,NORMAL
2025-03-28 09:00:00+00:00,LUCKNOW_001,37.0,992.5,24.0,False,NORMAL
2025-03-28 10:00:00+00:00,LUCKNOW_001,35.2,991.5,28.0,False,NORMAL
2025-03-28 11:00:00+00:00,LUCKNOW_001,35.1,991.1,27.0,False,NORMAL
2025-03-28 12:00:00+00:00,LUCKNOW_001,34.8,991.3,27.0,False,NORMAL
2025-03-28 13:00:00+00:00,LUCKNOW_001,33.9,991.4,27.0,False,NORMAL
2025-03-28 14:00:00+00:00,LUCKNOW_001,30.9,992.1,30.0,False,NORMAL
2025-03-28 15:00:00+00:00,LUCKNOW_001,27.1,992.6,32.0,False,NORMAL
2025-03-28 16:00:00+00:00,LUCKNOW_001,26.2,993.4,33.0,False,NORMAL
2025-03-28 17:00:00+00:00,LUCKNOW_001,24.0,993.8,35.0,False,NORMAL
2025-03-28 18:00:00+00:00,LUCKNOW_001,23.9,993.8,35.0,False,NORMAL
2025-03-28 19:00:00+00:00,LUCKNOW_001,23.8,993.6,37.0,False,NORMAL
2025-03-28 20:00:00+00:00,LUCKNOW_001,22.3,993.1,40.0,False,NORMAL
2025-03-28 21:00:00+00:00,LUCKNOW_001,21.6,992.7,37.0,False,NORMAL
2025-03-28 22:00:00+00:00,LUCKNOW_001,18.2,992.2,45.0,False,NORMAL
2025-03-28 23:00:00+00:00,LUCKNOW_001,18.0,992.6,46.0,False,NORMAL
2025-03-29 00:00:00+00:00,LUCKNOW_001,19.7,993.0,48.0,False,NORMAL
2025-03-29 01:00:00+00:00,LUCKNOW_001,19.5,993.7,48.0,False,NORMAL
2025-03-29 02:00:00+00:00,LUCKNOW_001,20.8,994.8,45.0,False,NORMAL
2025-03-29 03:00:00+00:00,LUCKNOW_001,21.3,995.4,40.0,False,NORMAL
2025-03-29 04:00:00+00:00,LUCKNOW_001,21.9,995.8,36.0,False,NORMAL
2025-03-29 05:00:00+00:00,LUCKNOW_001,26.6,996.0,27.0,False,NORMAL
2025-03-29 06:00:00+00:00,LUCKNOW_001,29.7,995.8,23.0,False,NORMAL
2025-03-29 07:00:00+00:00,LUCKNOW_001,30.0,994.7,22.0,False,NORMAL
2025-03-29 08:00:00+00:00,LUCKNOW_001,33.2,994.2,18.0,False,NORMAL
2025-03-29 09:00:00+00:00,LUCKNOW_001,33.6,993.2,17.0,False,NORMAL
2025-03-29 10:00:00+00:00,LUCKNOW_001,32.4,992.6,22.0,False,NORMAL
2025-03-29 11:00:00+00:00,LUCKNOW_001,32.4,992.1,22.0,False,NORMAL
2025-03-29 12:00:00+00:00,LUCKNOW_001,32.0,992.5,24.0,False,NORMAL
2025-03-29 13:00:00+00:00,LUCKNOW_001,31.2,992.7,24.0,False,NORMAL
2025-03-29 14:00:00+00:00,LUCKNOW_001,26.9,993.3,30.0,False,NORMAL
2025-03-29 15:00:00+00:00,LUCKNOW_001,24.5,994.3,33.0,False,NORMAL
2025-03-29 16:00:00+00:00,LUCKNOW_001,24.2,995.1,33.0,False,NORMAL
2025-03-29 17:00:00+00:00,LUCKNOW_001,22.0,995.0,38.0,False,NORMAL
2025-03-29 18:00:00+00:00,LUCKNOW_001,21.6,995.0,39.0,False,NORMAL
2025-03-29 19:00:00+00:00,LUCKNOW_001,21.0,994.8,40.0,False,NORMAL
2025-03-29 20:00:00+00:00,LUCKNOW_001,20.2,994.3,43.0,False,NORMAL
2025-03-29 21:00:00+00:00,LUCKNOW_001,20.0,994.1,43.0,False,NORMAL
2025-03-29 22:00:00+00:00,LUCKNOW_001,17.1,993.1,53.0,False,NORMAL
2025-03-29 23:00:00+00:00,LUCKNOW_001,17.2,993.8,53.0,False,NORMAL
2025-03-30 00:00:00+00:00,LUCKNOW_001,19.8,994.6,52.0,False,NORMAL
2025-03-30 01:00:00+00:00,LUCKNOW_001,19.5,995.1,51.0,False,NORMAL
2025-03-30 02:00:00+00:00,LUCKNOW_001,22.0,996.3,45.0,False,NORMAL
2025-03-30 03:00:00+00:00,LUCKNOW_001,22.2,996.9,43.0,False,NORMAL
2025-03-30 04:00:00+00:00,LUCKNOW_001,23.0,997.7,42.0,False,NORMAL
2025-03-30 05:00:00+00:00,LUCKNOW_001,26.5,997.9,34.0,False,NORMAL
2025-03-30 06:00:00+00:00,LUCKNOW_001,31.1,998.0,24.0,False,NORMAL
2025-03-30 07:00:00+00:00,LUCKNOW_001,31.5,997.0,24.0,False,NORMAL
2025-03-30 08:00:00+00:00,LUCKNOW_001,33.8,996.4,20.0,False,NORMAL
2025-03-30 09:00:00+00:00,LUCKNOW_001,33.9,995.3,20.0,False,NORMAL
2025-03-30 10:00:00+00:00,LUCKNOW_001,33.0,994.4,22.0,False,NORMAL
2025-03-30 11:00:00+00:00,LUCKNOW_001,33.0,994.2,23.0,False,NORMAL
2025-03-30 12:00:00+00:00,LUCKNOW_001,32.8,994.0,22.0,False,NORMAL
2025-03-30 13:00:00+00:00,LUCKNOW_001,29.9,994.3,24.0,False,NORMAL
2025-03-30 14:00:00+00:00,LUCKNOW_001,25.8,994.9,32.0,False,NORMAL
2025-03-30 15:00:00+00:00,LUCKNOW_001,23.7,995.5,40.0,False,NORMAL
2025-03-30 16:00:00+00:00,LUCKNOW_001,23.2,996.4,42.0,False,NORMAL
2025-03-30 17:00:00+00:00,LUCKNOW_001,20.9,996.5,48.0,False,NORMAL
2025-03-30 18:00:00+00:00,LUCKNOW_001,20.6,996.4,49.0,False,NORMAL
2025-03-30 19:00:00+00:00,LUCKNOW_001,20.5,996.3,49.0,False,NORMAL
2025-03-30 20:00:00+00:00,LUCKNOW_001,19.5,995.4,52.0,False,NORMAL
2025-03-30 21:00:00+00:00,LUCKNOW_001,19.0,995.4,53.0,False,NORMAL
2025-03-30 22:00:00+00:00,LUCKNOW_001,17.5,995.0,54.0,False,NORMAL
2025-03-30 23:00:00+00:00,LUCKNOW_001,17.5,995.2,54.0,False,NORMAL
2025-03-31 00:00:00+00:00,LUCKNOW_001,18.8,996.0,54.0,False,NORMAL
2025-03-31 01:00:00+00:00,LUCKNOW_001,18.5,996.3,55.0,False,NORMAL
2025-03-31 02:00:00+00:00,LUCKNOW_001,22.7,997.5,46.0,False,NORMAL
2025-03-31 03:00:00+00:00,LUCKNOW_001,22.6,997.9,45.0,False,NORMAL
2025-03-31 04:00:00+00:00,LUCKNOW_001,24.3,998.2,40.0,False,NORMAL
2025-03-31 05:00:00+00:00,LUCKNOW_001,31.0,998.3,27.0,False,NORMAL
2025-03-31 06:00:00+00:00,LUCKNOW_001,33.2,998.1,22.0,False,NORMAL
2025-03-31 07:00:00+00:00,LUCKNOW_001,33.5,997.2,22.0,False,NORMAL
2025-03-31 08:00:00+00:00,LUCKNOW_001,35.6,996.1,17.0,False,NORMAL
2025-03-31 09:00:00+00:00,LUCKNOW_001,35.9,995.2,16.0,False,NORMAL
2025-03-31 10:00:00+00:00,LUCKNOW_001,34.6,994.1,21.0,False,NORMAL
2025-03-31 11:00:00+00:00,LUCKNOW_001,34.6,993.2,20.0,False,NORMAL
2025-03-31 12:00:00+00:00,LUCKNOW_001,34.6,993.3,20.0,False,NORMAL
2025-03-31 13:00:00+00:00,LUCKNOW_001,30.5,993.2,21.0,False,NORMAL
2025-03-31 14:00:00+00:00,LUCKNOW_001,27.2,994.0,27.0,False,NORMAL
2025-03-31 15:00:00+00:00,LUCKNOW_001,24.9,994.4,37.0,False,NORMAL
2025-03-31 16:00:00+00:00,LUCKNOW_001,23.9,994.8,39.0,False,NORMAL
2025-03-31 17:00:00+00:00,LUCKNOW_001,22.2,994.8,43.0,False,NORMAL
2025-03-31 18:00:00+00:00,LUCKNOW_001,21.5,994.8,45.0,False,NORMAL
2025-03-31 19:00:00+00:00,LUCKNOW_001,21.4,994.4,46.0,False,NORMAL
2025-03-31 20:00:00+00:00,LUCKNOW_001,20.8,994.2,47.0,False,NORMAL
2025-03-31 21:00:00+00:00,LUCKNOW_001,19.5,993.7,49.0,False,NORMAL
2025-03-31 22:00:00+00:00,LUCKNOW_001,17.5,993.6,57.0,False,NORMAL
2025-03-31 23:00:00+00:00,LUCKNOW_001,17.6,993.8,57.0,False,NORMAL
2025-04-01 00:00:00+00:00,LUCKNOW_001,20.1,994.1,54.0,False,NORMAL
2025-04-01 01:00:00+00:00,LUCKNOW_001,19.9,994.7,55.0,False,NORMAL
2025-04-01 02:00:00+00:00,LUCKNOW_001,24.2,995.6,43.0,False,NORMAL
2025-04-01 03:00:00+00:00,LUCKNOW_001,25.2,996.4,42.0,False,NORMAL
2025-04-01 04:00:00+00:00,LUCKNOW_001,26.1,996.6,40.0,False,NORMAL
2025-04-01 05:00:00+00:00,LUCKNOW_001,32.5,997.2,25.0,False,NORMAL
2025-04-01 06:00:00+00:00,LUCKNOW_001,34.6,997.1,17.0,False,NORMAL
2025-04-01 07:00:00+00:00,LUCKNOW_001,34.5,996.5,17.0,False,NORMAL
2025-04-01 08:00:00+00:00,LUCKNOW_001,36.0,995.6,16.0,False,NORMAL
2025-04-01 09:00:00+00:00,LUCKNOW_001,36.5,994.5,13.0,False,NORMAL
2025-04-01 10:00:00+00:00,LUCKNOW_001,35.1,993.8,19.0,False,NORMAL
2025-04-01 11:00:00+00:00,LUCKNOW_001,34.8,992.9,19.0,False,NORMAL
2025-04-01 12:00:00+00:00,LUCKNOW_001,34.4,993.4,19.0,False,NORMAL
2025-04-01 13:00:00+00:00,LUCKNOW_001,30.9,993.4,21.0,False,NORMAL
2025-04-01 14:00:00+00:00,LUCKNOW_001,26.5,994.2,29.0,False,NORMAL
2025-04-01 15:00:00+00:00,LUCKNOW_001,25.4,994.8,32.0,False,NORMAL
2025-04-01 16:00:00+00:00,LUCKNOW_001,24.8,995.2,33.0,False,NORMAL
2025-04-01 17:00:00+00:00,LUCKNOW_001,23.3,995.3,37.0,False,NORMAL
2025-04-01 18:00:00+00:00,LUCKNOW_001,23.9,995.3,37.0,False,NORMAL
2025-04-01 19:00:00+00:00,LUCKNOW_001,24.2,995.1,37.0,False,NORMAL
2025-04-01 20:00:00+00:00,LUCKNOW_001,22.8,994.9,40.0,False,NORMAL
2025-04-01 21:00:00+00:00,LUCKNOW_001,22.4,994.4,41.0,False,NORMAL
2025-04-01 22:00:00+00:00,LUCKNOW_001,21.1,994.6,45.0,False,NORMAL
2025-04-01 23:00:00+00:00,LUCKNOW_001,20.9,994.7,46.0,False,NORMAL
2025-04-02 00:00:00+00:00,LUCKNOW_001,21.9,994.8,47.0,False,NORMAL
2025-04-02 01:00:00+00:00,LUCKNOW_001,21.4,995.8,47.0,False,NORMAL
2025-04-02 02:00:00+00:00,LUCKNOW_001,24.0,996.8,42.0,False,NORMAL
2025-04-02 03:00:00+00:00,LUCKNOW_001,24.2,997.9,42.0,False,NORMAL
2025-04-02 04:00:00+00:00,LUCKNOW_001,25.3,998.3,39.0,False,NORMAL
2025-04-02 05:00:00+00:00,LUCKNOW_001,31.4,998.9,29.0,False,NORMAL
2025-04-02 06:00:00+00:00,LUCKNOW_001,34.1,998.6,21.0,False,NORMAL
2025-04-02 07:00:00+00:00,LUCKNOW_001,34.3,998.3,20.0,False,NORMAL
2025-04-02 08:00:00+00:00,LUCKNOW_001,35.8,997.1,18.0,False,NORMAL
2025-04-02 09:00:00+00:00,LUCKNOW_001,36.1,996.2,17.0,False,NORMAL
2025-04-02 10:00:00+00:00,LUCKNOW_001,34.7,995.2,21.0,False,NORMAL
2025-04-02 11:00:00+00:00,LUCKNOW_001,34.7,995.0,20.0,False,NORMAL
2025-04-02 12:00:00+00:00,LUCKNOW_001,33.9,994.9,20.0,False,NORMAL
2025-04-02 13:00:00+00:00,LUCKNOW_001,30.4,994.9,27.0,False,NORMAL
2025-04-02 14:00:00+00:00,LUCKNOW_001,25.9,995.4,33.0,False,NORMAL
2025-04-02 15:00:00+00:00,LUCKNOW_001,23.7,996.2,43.0,False,NORMAL
2025-04-02 16:00:00+00:00,LUCKNOW_001,22.6,996.7,44.0,False,NORMAL
2025-04-02 17:00:00+00:00,LUCKNOW_001,20.6,996.9,49.0,False,NORMAL
2025-04-02 18:00:00+00:00,LUCKNOW_001,21.4,997.0,46.0,False,NORMAL
2025-04-02 19:00:00+00:00,LUCKNOW_001,21.9,996.8,44.0,False,NORMAL
2025-04-02 20:00:00+00:00,LUCKNOW_001,20.7,996.4,45.0,False,NORMAL
2025-04-02 21:00:00+00:00,LUCKNOW_001,19.4,996.1,50.0,False,NORMAL
2025-04-02 22:00:00+00:00,LUCKNOW_001,17.4,995.7,61.0,False,NORMAL
2025-04-02 23:00:00+00:00,LUCKNOW_001,17.6,996.2,60.0,False,NORMAL
2025-04-03 00:00:00+00:00,LUCKNOW_001,19.4,996.5,53.0,False,NORMAL
2025-04-03 01:00:00+00:00,LUCKNOW_001,20.6,997.6,52.0,False,NORMAL
2025-04-03 02:00:00+00:00,LUCKNOW_001,24.7,998.7,42.0,False,NORMAL
2025-04-03 03:00:00+00:00,LUCKNOW_001,25.1,999.4,44.0,False,NORMAL
2025-04-03 04:00:00+00:00,LUCKNOW_001,27.3,999.9,37.0,False,NORMAL
2025-04-03 05:00:00+00:00,LUCKNOW_001,33.3,999.9,24.0,False,NORMAL
2025-04-03 06:00:00+00:00,LUCKNOW_001,34.5,999.4,22.0,False,NORMAL
2025-04-03 07:00:00+00:00,LUCKNOW_001,34.6,998.6,21.0,False,NORMAL
2025-04-03 08:00:00+00:00,LUCKNOW_001,37.0,997.8,17.0,False,NORMAL
2025-04-03 09:00:00+00:00,LUCKNOW_001,37.0,996.6,16.0,False,NORMAL
2025-04-03 10:00:00+00:00,LUCKNOW_001,36.3,996.2,18.0,False,NORMAL
2025-04-03 11:00:00+00:00,LUCKNOW_001,36.3,994.9,19.0,False,NORMAL
2025-04-03 12:00:00+00:00,LUCKNOW_001,35.3,994.7,27.0,False,NORMAL
2025-04-03 13:00:00+00:00,LUCKNOW_001,33.0,995.1,27.0,False,NORMAL
2025-04-03 14:00:00+00:00,LUCKNOW_001,30.4,995.9,32.0,False,NORMAL
2025-04-03 15:00:00+00:00,LUCKNOW_001,27.4,996.9,38.0,False,NORMAL
2025-04-03 16:00:00+00:00,LUCKNOW_001,27.1,997.3,39.0,False,NORMAL
2025-04-03 17:00:00+00:00,LUCKNOW_001,25.3,997.5,43.0,False,NORMAL
2025-04-03 18:00:00+00:00,LUCKNOW_001,25.5,997.5,44.0,False,NORMAL
2025-04-03 19:00:00+00:00,LUCKNOW_001,25.4,997.3,43.0,False,NORMAL
2025-04-03 20:00:00+00:00,LUCKNOW_001,23.7,996.8,48.0,False,NORMAL
2025-04-03 21:00:00+00:00,LUCKNOW_001,23.3,996.5,50.0,False,NORMAL
2025-04-03 22:00:00+00:00,LUCKNOW_001,20.2,996.1,59.0,False,NORMAL
2025-04-03 23:00:00+00:00,LUCKNOW_001,20.3,996.3,59.0,False,NORMAL
2025-04-04 00:00:00+00:00,LUCKNOW_001,21.9,996.5,58.0,False,NORMAL
2025-04-04 01:00:00+00:00,LUCKNOW_001,22.6,997.1,56.0,False,NORMAL
2025-04-04 02:00:00+00:00,LUCKNOW_001,24.3,998.1,48.0,False,NORMAL
2025-04-04 03:00:00+00:00,LUCKNOW_001,25.9,998.5,38.0,False,NORMAL
2025-04-04 04:00:00+00:00,LUCKNOW_001,27.4,998.5,34.0,False,NORMAL
2025-04-04 05:00:00+00:00,LUCKNOW_001,33.0,998.5,25.0,False,NORMAL
2025-04-04 06:00:00+00:00,LUCKNOW_001,36.2,998.1,19.0,False,NORMAL
2025-04-04 07:00:00+00:00,LUCKNOW_001,36.2,997.0,20.0,False,NORMAL
2025-04-04 08:00:00+00:00,LUCKNOW_001,37.9,995.9,18.0,False,NORMAL
2025-04-04 09:00:00+00:00,LUCKNOW_001,38.2,994.9,17.0,False,NORMAL
2025-04-04 10:00:00+00:00,LUCKNOW_001,36.4,993.5,22.0,False,NORMAL
2025-04-04 11:00:00+00:00,LUCKNOW_001,36.3,992.7,22.0,False,NORMAL
2025-04-04 12:00:00+00:00,LUCKNOW_001,36.4,992.7,21.0,False,NORMAL
2025-04-04 13:00:00+00:00,LUCKNOW_001,36.1,993.4,22.0,False,NORMAL
2025-04-04 14:00:00+00:00,LUCKNOW_001,30.9,993.8,29.0,False,NORMAL
2025-04-04 15:00:00+00:00,LUCKNOW_001,27.9,994.4,38.0,False,NORMAL
2025-04-04 16:00:00+00:00,LUCKNOW_001,26.3,994.8,40.0,False,NORMAL
2025-04-04 17:00:00+00:00,LUCKNOW_001,24.3,994.7,43.0,False,NORMAL
2025-04-04 18:00:00+00:00,LUCKNOW_001,23.8,994.5,43.0,False,NORMAL
2025-04-04 19:00:00+00:00,LUCKNOW_001,23.4,994.5,44.0,False,NORMAL
2025-04-04 20:00:00+00:00,LUCKNOW_001,22.3,994.0,48.0,False,NORMAL
2025-04-04 21:00:00+00:00,LUCKNOW_001,22.0,994.0,47.0,False,NORMAL
2025-04-04 22:00:00+00:00,LUCKNOW_001,20.4,993.8,56.0,False,NORMAL
2025-04-04 23:00:00+00:00,LUCKNOW_001,20.3,994.0,55.0,False,NORMAL
2025-04-05 00:00:00+00:00,LUCKNOW_001,21.9,994.4,51.0,False,NORMAL
2025-04-05 01:00:00+00:00,LUCKNOW_001,22.1,994.8,50.0,False,NORMAL
2025-04-05 02:00:00+00:00,LUCKNOW_001,27.0,995.6,41.0,False,NORMAL
2025-04-05 03:00:00+00:00,LUCKNOW_001,27.3,996.4,41.0,False,NORMAL
2025-04-05 04:00:00+00:00,LUCKNOW_001,28.7,996.3,39.0,False,NORMAL
2025-04-05 05:00:00+00:00,LUCKNOW_001,33.9,996.8,27.0,False,NORMAL
2025-04-05 06:00:00+00:00,LUCKNOW_001,37.2,996.1,16.0,False,NORMAL
2025-04-05 07:00:00+00:00,LUCKNOW_001,37.2,995.4,17.0,False,NORMAL
2025-04-05 08:00:00+00:00,LUCKNOW_001,38.5,994.3,16.0,False,NORMAL
2025-04-05 09:00:00+00:00,LUCKNOW_001,38.7,993.0,16.0,False,NORMAL
2025-04-05 10:00:00+00:00,LUCKNOW_001,37.2,991.8,20.0,False,NORMAL
2025-04-05 11:00:00+00:00,LUCKNOW_001,37.1,991.2,20.0,False,NORMAL
2025-04-05 12:00:00+00:00,LUCKNOW_001,37.1,991.3,18.0,False,NORMAL
2025-04-05 13:00:00+00:00,LUCKNOW_001,35.5,991.6,20.0,False,NORMAL
2025-04-05 14:00:00+00:00,LUCKNOW_001,30.6,991.9,27.0,False,NORMAL
2025-04-05 15:00:00+00:00,LUCKNOW_001,28.6,992.4,33.0,False,NORMAL
2025-04-05 16:00:00+00:00,LUCKNOW_001,27.7,992.8,34.0,False,NORMAL
2025-04-05 17:00:00+00:00,LUCKNOW_001,25.7,992.8,39.0,False,NORMAL
2025-04-05 18:00:00+00:00,LUCKNOW_001,25.0,992.7,40.0,False,NORMAL
2025-04-05 19:00:00+00:00,LUCKNOW_001,24.0,992.5,43.0,False,NORMAL
2025-04-05 20:00:00+00:00,LUCKNOW_001,22.8,992.2,47.0,False,NORMAL
2025-04-05 21:00:00+00:00,LUCKNOW_001,22.6,991.9,47.0,False,NORMAL
2025-04-05 22:00:00+00:00,LUCKNOW_001,20.1,991.9,55.0,False,NORMAL
2025-04-05 23:00:00+00:00,LUCKNOW_001,19.5,991.7,56.0,False,NORMAL
2025-04-06 00:00:00+00:00,LUCKNOW_001,21.3,992.4,53.0,False,NORMAL
2025-04-06 01:00:00+00:00,LUCKNOW_001,22.8,992.9,51.0,False,NORMAL
2025-04-06 02:00:00+00:00,LUCKNOW_001,26.5,994.3,44.0,False,NORMAL
2025-04-06 03:00:00+00:00,LUCKNOW_001,27.1,995.0,43.0,False,NORMAL
2025-04-06 04:00:00+00:00,LUCKNOW_001,28.0,995.4,42.0,False,NORMAL
2025-04-06 05:00:00+00:00,LUCKNOW_001,34.0,995.6,30.0,False,NORMAL
2025-04-06 06:00:00+00:00,LUCKNOW_001,36.7,995.3,22.0,False,NORMAL
2025-04-06 07:00:00+00:00,LUCKNOW_001,36.9,994.2,21.0,False,NORMAL
2025-04-06 08:00:00+00:00,LUCKNOW_001,38.6,993.5,18.0,False,NORMAL
2025-04-06 09:00:00+00:00,LUCKNOW_001,38.8,992.2,18.0,False,NORMAL
2025-04-06 10:00:00+00:00,LUCKNOW_001,37.0,991.5,23.0,False,NORMAL
2025-04-06 11:00:00+00:00,LUCKNOW_001,37.2,991.1,23.0,False,NORMAL
2025-04-06 12:00:00+00:00,LUCKNOW_001,36.7,991.1,24.0,False,NORMAL
2025-04-06 13:00:00+00:00,LUCKNOW_001,34.9,991.7,27.0,False,NORMAL
2025-04-06 14:00:00+00:00,LUCKNOW_001,30.8,992.2,32.0,False,NORMAL
2025-04-06 15:00:00+00:00,LUCKNOW_001,27.3,992.7,40.0,False,NORMAL
2025-04-06 16:00:00+00:00,LUCKNOW_001,28.1,993.4,37.0,False,NORMAL
2025-04-06 17:00:00+00:00,LUCKNOW_001,26.7,993.3,41.0,False,NORMAL
2025-04-06 18:00:00+00:00,LUCKNOW_001,27.4,993.8,40.0,False,NORMAL
2025-04-06 19:00:00+00:00,LUCKNOW_001,27.6,993.4,39.0,False,NORMAL
2025-04-06 20:00:00+00:00,LUCKNOW_001,23.7,993.4,48.0,False,NORMAL
2025-04-06 21:00:00+00:00,LUCKNOW_001,23.1,993.1,50.0,False,NORMAL
2025-04-06 22:00:00+00:00,LUCKNOW_001,22.0,993.2,55.0,False,NORMAL
2025-04-06 23:00:00+00:00,LUCKNOW_001,21.5,993.5,55.0,False,NORMAL
2025-04-07 00:00:00+00:00,LUCKNOW_001,23.1,994.1,51.0,False,NORMAL
2025-04-07 01:00:00+00:00,LUCKNOW_001,23.8,995.1,48.0,False,NORMAL
2025-04-07 02:00:00+00:00,LUCKNOW_001,27.9,995.9,42.0,False,NORMAL
2025-04-07 03:00:00+00:00,LUCKNOW_001,28.1,996.8,41.0,False,NORMAL
2025-04-07 04:00:00+00:00,LUCKNOW_001,28.9,996.8,38.0,False,NORMAL
2025-04-07 05:00:00+00:00,LUCKNOW_001,36.2,997.2,26.0,False,NORMAL
2025-04-07 06:00:00+00:00,LUCKNOW_001,37.0,996.6,22.0,False,NORMAL
2025-04-07 07:00:00+00:00,LUCKNOW_001,37.4,995.7,21.0,False,NORMAL
2025-04-07 08:00:00+00:00,LUCKNOW_001,39.1,994.8,18.0,False,NORMAL
2025-04-07 09:00:00+00:00,LUCKNOW_001,39.3,994.0,18.0,False,NORMAL
2025-04-07 10:00:00+00:00,LUCKNOW_001,37.7,993.3,25.0,False,NORMAL
2025-04-07 11:00:00+00:00,LUCKNOW_001,37.8,992.8,25.0,False,NORMAL
2025-04-07 12:00:00+00:00,LUCKNOW_001,37.4,992.8,32.0,False,NORMAL
2025-04-07 13:00:00+00:00,LUCKNOW_001,35.6,993.1,28.0,False,NORMAL
2025-04-07 14:00:00+00:00,LUCKNOW_001,32.1,994.0,33.0,False,NORMAL
2025-04-07 15:00:00+00:00,LUCKNOW_001,30.1,994.7,37.0,False,NORMAL
2025-04-07 16:00:00+00:00,LUCKNOW_001,30.5,995.6,37.0,False,NORMAL
2025-04-07 17:00:00+00:00,LUCKNOW_001,29.3,995.8,43.0,False,NORMAL
2025-04-07 18:00:00+00:00,LUCKNOW_001,29.2,995.8,44.0,False,NORMAL
2025-04-07 19:00:00+00:00,LUCKNOW_001,29.0,995.6,44.0,False,NORMAL
2025-04-07 20:00:00+00:00,LUCKNOW_001,27.3,995.7,48.0,False,NORMAL
2025-04-07 21:00:00+00:00,LUCKNOW_001,26.6,995.6,52.0,False,NORMAL
2025-04-07 22:00:00+00:00,LUCKNOW_001,26.1,995.6,54.0,False,NORMAL
2025-04-07 23:00:00+00:00,LUCKNOW_001,26.1,996.3,57.0,False,NORMAL
2025-04-08 00:00:00+00:00,LUCKNOW_001,27.1,997.0,61.0,False,NORMAL
2025-04-08 01:00:00+00:00,LUCKNOW_001,27.2,997.9,64.0,False,NORMAL
2025-04-08 02:00:00+00:00,LUCKNOW_001,28.9,998.9,62.0,False,NORMAL
2025-04-08 03:00:00+00:00,LUCKNOW_001,28.9,999.2,61.0,False,NORMAL
2025-04-08 04:00:00+00:00,LUCKNOW_001,29.3,999.5,58.0,False,NORMAL
2025-04-08 05:00:00+00:00,LUCKNOW_001,33.5,999.8,47.0,False,NORMAL
2025-04-08 06:00:00+00:00,LUCKNOW_001,36.5,999.2,38.0,False,NORMAL
2025-04-08 07:00:00+00:00,LUCKNOW_001,36.4,998.2,38.0,False,NORMAL
2025-04-08 08:00:00+00:00,LUCKNOW_001,38.7,997.5,32.0,False,NORMAL
2025-04-08 09:00:00+00:00,LUCKNOW_001,38.7,996.3,31.0,False,NORMAL
2025-04-08 10:00:00+00:00,LUCKNOW_001,36.4,995.2,38.0,False,NORMAL
2025-04-08 11:00:00+00:00,LUCKNOW_001,36.9,994.7,38.0,False,NORMAL
2025-04-08 12:00:00+00:00,LUCKNOW_001,37.0,995.1,36.0,False,NORMAL
2025-04-08 13:00:00+00:00,LUCKNOW_001,36.7,995.6,37.0,False,NORMAL
2025-04-08 14:00:00+00:00,LUCKNOW_001,35.1,995.7,40.0,False,NORMAL
2025-04-08 15:00:00+00:00,LUCKNOW_001,32.0,996.6,49.0,False,NORMAL
2025-04-08 16:00:00+00:00,LUCKNOW_001,31.3,996.6,51.0,False,NORMAL
2025-04-08 17:00:00+00:00,LUCKNOW_001,30.5,996.8,55.0,False,NORMAL
2025-04-08 18:00:00+00:00,LUCKNOW_001,30.1,996.8,57.0,False,NORMAL
2025-04-08 19:00:00+00:00,LUCKNOW_001,29.9,996.5,58.0,False,NORMAL
2025-04-08 20:00:00+00:00,LUCKNOW_001,28.6,996.0,62.0,False,NORMAL
2025-04-08 21:00:00+00:00,LUCKNOW_001,28.3,995.8,64.0,False,NORMAL
2025-04-08 22:00:00+00:00,LUCKNOW_001,27.6,995.0,64.0,False,NORMAL
2025-04-08 23:00:00+00:00,LUCKNOW_001,27.8,995.7,64.0,False,NORMAL
2025-04-09 00:00:00+00:00,LUCKNOW_001,28.9,995.6,60.0,False,NORMAL
2025-04-09 01:00:00+00:00,LUCKNOW_001,28.9,996.2,60.0,False,NORMAL
2025-04-09 02:00:00+00:00,LUCKNOW_001,30.0,997.0,58.0,False,NORMAL
2025-04-09 03:00:00+00:00,LUCKNOW_001,29.8,997.3,60.0,False,NORMAL
2025-04-09 04:00:00+00:00,LUCKNOW_001,30.1,997.4,58.0,False,NORMAL
2025-04-09 05:00:00+00:00,LUCKNOW_001,34.6,997.5,47.0,False,NORMAL
2025-04-09 06:00:00+00:00,LUCKNOW_001,36.5,996.6,42.0,False,NORMAL
2025-04-09 07:00:00+00:00,LUCKNOW_001,36.7,995.9,40.0,False,NORMAL
2025-04-09 08:00:00+00:00,LUCKNOW_001,38.4,994.4,36.0,False,NORMAL
2025-04-09 09:00:00+00:00,LUCKNOW_001,38.3,993.3,35.0,False,NORMAL
2025-04-09 10:00:00+00:00,LUCKNOW_001,35.3,992.3,45.0,False,NORMAL
2025-04-09 11:00:00+00:00,LUCKNOW_001,34.6,991.1,49.0,False,NORMAL
2025-04-09 12:00:00+00:00,LUCKNOW_001,35.5,990.9,48.0,False,NORMAL
2025-04-09 13:00:00+00:00,LUCKNOW_001,35.4,991.0,49.0,False,NORMAL
2025-04-09 14:00:00+00:00,LUCKNOW_001,34.4,991.6,48.0,False,NORMAL
2025-04-09 15:00:00+00:00,LUCKNOW_001,32.9,992.4,50.0,False,NORMAL
2025-04-09 16:00:00+00:00,LUCKNOW_001,32.2,993.2,50.0,False,NORMAL
2025-04-09 17:00:00+00:00,LUCKNOW_001,30.2,993.4,55.0,False,NORMAL
2025-04-09 18:00:00+00:00,LUCKNOW_001,30.0,993.5,57.0,False,NORMAL
2025-04-09 19:00:00+00:00,LUCKNOW_001,29.6,993.0,59.0,False,NORMAL
2025-04-09 20:00:00+00:00,LUCKNOW_001,27.9,992.6,65.0,False,NORMAL
2025-04-09 21:00:00+00:00,LUCKNOW_001,27.0,991.8,70.0,False,NORMAL
2025-04-09 22:00:00+00:00,LUCKNOW_001,25.2,991.0,76.0,False,NORMAL
2025-04-09 23:00:00+00:00,LUCKNOW_001,25.2,990.9,77.0,False,NORMAL
2025-04-10 00:00:00+00:00,LUCKNOW_001,24.8,991.5,78.0,False,NORMAL
2025-04-10 01:00:00+00:00,LUCKNOW_001,25.0,992.7,76.0,False,NORMAL
2025-04-10 02:00:00+00:00,LUCKNOW_001,25.7,993.8,73.0,False,NORMAL
2025-04-10 03:00:00+00:00,LUCKNOW_001,25.9,994.3,72.0,False,NORMAL
2025-04-10 04:00:00+00:00,LUCKNOW_001,26.6,994.7,69.0,False,NORMAL
2025-04-10 05:00:00+00:00,LUCKNOW_001,27.5,994.9,65.0,False,NORMAL
2025-04-10 06:00:00+00:00,LUCKNOW_001,29.1,994.3,64.0,False,NORMAL
2025-04-10 07:00:00+00:00,LUCKNOW_001,29.3,993.3,61.0,False,NORMAL
2025-04-10 08:00:00+00:00,LUCKNOW_001,29.1,992.0,60.0,False,NORMAL
2025-04-10 09:00:00+00:00,LUCKNOW_001,29.3,990.7,59.0,False,NORMAL
2025-04-10 10:00:00+00:00,LUCKNOW_001,27.3,991.1,64.0,False,NORMAL
2025-04-10 11:00:00+00:00,LUCKNOW_001,27.4,989.4,63.0,False,NORMAL
2025-04-10 12:00:00+00:00,LUCKNOW_001,27.4,988.6,61.0,False,NORMAL
2025-04-10 13:00:00+00:00,LUCKNOW_001,27.7,988.7,61.0,False,NORMAL
2025-04-10 14:00:00+00:00,LUCKNOW_001,27.0,989.7,63.0,False,NORMAL
2025-04-10 15:00:00+00:00,LUCKNOW_001,24.9,990.7,68.0,False,NORMAL
2025-04-10 16:00:00+00:00,LUCKNOW_001,24.5,991.3,70.0,False,NORMAL
2025-04-10 17:00:00+00:00,LUCKNOW_001,23.7,991.7,72.0,False,NORMAL
2025-04-10 18:00:00+00:00,LUCKNOW_001,23.8,992.0,73.0,False,NORMAL
2025-04-10 19:00:00+00:00,LUCKNOW_001,23.7,991.5,74.0,False,NORMAL
2025-04-10 20:00:00+00:00,LUCKNOW_001,22.9,991.5,78.0,False,NORMAL
2025-04-10 21:00:00+00:00,LUCKNOW_001,22.6,990.9,80.0,False,NORMAL
2025-04-10 22:00:00+00:00,LUCKNOW_001,21.2,991.5,87.0,False,NORMAL
2025-04-10 23:00:00+00:00,LUCKNOW_001,21.3,990.5,87.0,False,NORMAL
2025-04-11 00:00:00+00:00,LUCKNOW_001,22.3,990.6,84.0,False,NORMAL
2025-04-11 01:00:00+00:00,LUCKNOW_001,22.1,991.6,84.0,False,NORMAL
2025-04-11 02:00:00+00:00,LUCKNOW_001,23.9,992.8,78.0,False,NORMAL
2025-04-11 03:00:00+00:00,LUCKNOW_001,24.4,993.0,77.0,False,NORMAL
2025-04-11 04:00:00+00:00,LUCKNOW_001,24.9,993.2,76.0,False,NORMAL
2025-04-11 05:00:00+00:00,LUCKNOW_001,29.8,992.7,61.0,False,NORMAL
2025-04-11 06:00:00+00:00,LUCKNOW_001,32.2,992.3,50.0,False,NORMAL
2025-04-11 07:00:00+00:00,LUCKNOW_001,32.4,991.7,49.0,False,NORMAL
2025-04-11 08:00:00+00:00,LUCKNOW_001,34.7,990.8,41.0,False,NORMAL
2025-04-11 09:00:00+00:00,LUCKNOW_001,35.0,989.5,41.0,False,NORMAL
2025-04-11 10:00:00+00:00,LUCKNOW_001,33.6,988.8,45.0,False,NORMAL
2025-04-11 11:00:00+00:00,LUCKNOW_001,33.6,987.9,45.0,False,NORMAL
2025-04-11 12:00:00+00:00,LUCKNOW_001,32.5,987.8,48.0,False,NORMAL
2025-04-11 13:00:00+00:00,LUCKNOW_001,32.0,989.0,56.0,False,NORMAL
2025-04-11 14:00:00+00:00,LUCKNOW_001,30.3,989.0,58.0,False,NORMAL
2025-04-11 15:00:00+00:00,LUCKNOW_001,28.0,989.9,59.0,False,NORMAL
2025-04-11 16:00:00+00:00,LUCKNOW_001,27.7,990.1,57.0,False,NORMAL
2025-04-11 17:00:00+00:00,LUCKNOW_001,26.4,990.2,57.0,False,NORMAL
2025-04-11 18:00:00+00:00,LUCKNOW_001,26.7,990.5,55.0,False,NORMAL
2025-04-11 19:00:00+00:00,LUCKNOW_001,26.4,990.5,57.0,False,NORMAL
2025-04-11 20:00:00+00:00,LUCKNOW_001,24.8,990.8,63.0,False,NORMAL
2025-04-11 21:00:00+00:00,LUCKNOW_001,24.6,990.8,67.0,False,NORMAL
2025-04-11 22:00:00+00:00,LUCKNOW_001,23.8,991.5,72.0,False,NORMAL
2025-04-11 23:00:00+00:00,LUCKNOW_001,23.7,991.4,75.0,False,NORMAL
2025-04-12 00:00:00+00:00,LUCKNOW_001,24.9,991.7,74.0,False,NORMAL
2025-04-12 01:00:00+00:00,LUCKNOW_001,24.5,992.1,75.0,False,NORMAL
2025-04-12 02:00:00+00:00,LUCKNOW_001,26.2,993.0,70.0,False,NORMAL
2025-04-12 03:00:00+00:00,LUCKNOW_001,28.0,993.6,63.0,False,NORMAL
2025-04-12 04:00:00+00:00,LUCKNOW_001,28.6,994.2,60.0,False,NORMAL
2025-04-12 05:00:00+00:00,LUCKNOW_001,31.9,994.0,48.0,False,NORMAL
2025-04-12 06:00:00+00:00,LUCKNOW_001,33.4,994.0,44.0,False,NORMAL
2025-04-12 07:00:00+00:00,LUCKNOW_001,34.1,993.3,43.0,False,NORMAL
2025-04-12 08:00:00+00:00,LUCKNOW_001,35.6,993.0,39.0,False,NORMAL
2025-04-12 09:00:00+00:00,LUCKNOW_001,35.9,992.1,40.0,False,NORMAL
2025-04-12 10:00:00+00:00,LUCKNOW_001,34.5,991.0,43.0,False,NORMAL
2025-04-12 11:00:00+00:00,LUCKNOW_001,35.3,990.7,40.0,False,NORMAL
2025-04-12 12:00:00+00:00,LUCKNOW_001,35.8,990.9,37.0,False,NORMAL
2025-04-12 13:00:00+00:00,LUCKNOW_001,32.9,991.6,47.0,False,NORMAL
2025-04-12 14:00:00+00:00,LUCKNOW_001,30.2,992.6,55.0,False,NORMAL
2025-04-12 15:00:00+00:00,LUCKNOW_001,28.8,992.7,61.0,False,NORMAL
2025-04-12 16:00:00+00:00,LUCKNOW_001,28.5,993.3,60.0,False,NORMAL
2025-04-12 17:00:00+00:00,LUCKNOW_001,26.6,993.3,67.0,False,NORMAL
2025-04-12 18:00:00+00:00,LUCKNOW_001,26.9,993.6,65.0,False,NORMAL
2025-04-12 19:00:00+00:00,LUCKNOW_001,26.8,993.5,66.0,False,NORMAL
2025-04-12 20:00:00+00:00,LUCKNOW_001,25.5,993.6,68.0,False,NORMAL
2025-04-12 21:00:00+00:00,LUCKNOW_001,24.8,993.3,72.0,False,NORMAL
2025-04-12 22:00:00+00:00,LUCKNOW_001,23.2,993.2,73.0,False,NORMAL
2025-04-12 23:00:00+00:00,LUCKNOW_001,23.8,993.9,70.0,False,NORMAL
2025-04-13 00:00:00+00:00,LUCKNOW_001,23.4,994.2,72.0,False,NORMAL
2025-04-13 01:00:00+00:00,LUCKNOW_001,23.6,994.8,68.0,False,NORMAL
2025-04-13 02:00:00+00:00,LUCKNOW_001,25.9,996.2,57.0,False,NORMAL
2025-04-13 03:00:00+00:00,LUCKNOW_001,27.2,996.9,55.0,False,NORMAL
2025-04-13 04:00:00+00:00,LUCKNOW_001,28.8,997.6,53.0,False,NORMAL
2025-04-13 05:00:00+00:00,LUCKNOW_001,31.8,997.4,44.0,False,NORMAL
2025-04-13 06:00:00+00:00,LUCKNOW_001,32.3,997.0,41.0,False,NORMAL
2025-04-13 07:00:00+00:00,LUCKNOW_001,33.0,996.0,39.0,False,NORMAL
2025-04-13 08:00:00+00:00,LUCKNOW_001,32.1,995.1,45.0,False,NORMAL
2025-04-13 09:00:00+00:00,LUCKNOW_001,31.8,994.0,46.0,False,NORMAL
2025-04-13 10:00:00+00:00,LUCKNOW_001,33.7,993.4,36.0,False,NORMAL
2025-04-13 11:00:00+00:00,LUCKNOW_001,33.8,992.2,34.0,False,NORMAL
2025-04-13 12:00:00+00:00,LUCKNOW_001,31.9,992.6,33.0,False,NORMAL
2025-04-13 13:00:00+00:00,LUCKNOW_001,30.5,993.5,35.0,False,NORMAL
2025-04-13 14:00:00+00:00,LUCKNOW_001,28.9,994.3,36.0,False,NORMAL
2025-04-13 15:00:00+00:00,LUCKNOW_001,25.9,995.1,50.0,False,NORMAL
2025-04-13 16:00:00+00:00,LUCKNOW_001,25.1,995.6,53.0,False,NORMAL
2025-04-13 17:00:00+00:00,LUCKNOW_001,24.1,995.5,56.0,False,NORMAL
2025-04-13 18:00:00+00:00,LUCKNOW_001,24.5,995.4,55.0,False,NORMAL
2025-04-13 19:00:00+00:00,LUCKNOW_001,23.8,994.9,60.0,False,NORMAL
2025-04-13 20:00:00+00:00,LUCKNOW_001,22.4,994.4,68.0,False,NORMAL
2025-04-13 21:00:00+00:00,LUCKNOW_001,21.9,994.4,73.0,False,NORMAL
2025-04-13 22:00:00+00:00,LUCKNOW_001,21.4,994.4,79.0,False,NORMAL
2025-04-13 23:00:00+00:00,LUCKNOW_001,21.7,994.4,80.0,False,NORMAL
2025-04-14 00:00:00+00:00,LUCKNOW_001,22.6,995.2,79.0,False,NORMAL
2025-04-14 01:00:00+00:00,LUCKNOW_001,22.3,996.0,80.0,False,NORMAL
2025-04-14 02:00:00+00:00,LUCKNOW_001,25.0,997.3,69.0,False,NORMAL
2025-04-14 03:00:00+00:00,LUCKNOW_001,26.5,997.6,63.0,False,NORMAL
2025-04-14 04:00:00+00:00,LUCKNOW_001,27.4,998.3,59.0,False,NORMAL
2025-04-14 05:00:00+00:00,LUCKNOW_001,31.8,997.9,47.0,False,NORMAL
2025-04-14 06:00:00+00:00,LUCKNOW_001,32.0,997.6,44.0,False,NORMAL
2025-04-14 07:00:00+00:00,LUCKNOW_001,32.6,996.6,43.0,False,NORMAL
2025-04-14 08:00:00+00:00,LUCKNOW_001,34.7,995.6,38.0,False,NORMAL
2025-04-14 09:00:00+00:00,LUCKNOW_001,34.9,994.7,37.0,False,NORMAL
2025-04-14 10:00:00+00:00,LUCKNOW_001,34.5,993.9,38.0,False,NORMAL
2025-04-14 11:00:00+00:00,LUCKNOW_001,34.2,993.1,38.0,False,NORMAL
2025-04-14 12:00:00+00:00,LUCKNOW_001,34.4,993.0,37.0,False,NORMAL
2025-04-14 13:00:00+00:00,LUCKNOW_001,34.2,993.6,37.0,False,NORMAL
2025-04-14 14:00:00+00:00,LUCKNOW_001,32.7,994.0,43.0,False,NORMAL
2025-04-14 15:00:00+00:00,LUCKNOW_001,29.7,994.9,50.0,False,NORMAL
2025-04-14 16:00:00+00:00,LUCKNOW_001,28.6,995.2,56.0,False,NORMAL
2025-04-14 17:00:00+00:00,LUCKNOW_001,26.9,995.5,63.0,False,NORMAL
2025-04-14 18:00:00+00:00,LUCKNOW_001,26.3,995.6,66.0,False,NORMAL
2025-04-14 19:00:00+00:00,LUCKNOW_001,25.9,995.7,68.0,False,NORMAL
2025-04-14 20:00:00+00:00,LUCKNOW_001,25.3,995.8,71.0,False,NORMAL
2025-04-14 21:00:00+00:00,LUCKNOW_001,24.2,995.3,76.0,False,NORMAL
2025-04-14 22:00:00+00:00,LUCKNOW_001,23.8,995.0,80.0,False,NORMAL
2025-04-14 23:00:00+00:00,LUCKNOW_001,23.8,995.3,80.0,False,NORMAL
2025-04-15 00:00:00+00:00,LUCKNOW_001,24.8,995.8,77.0,False,NORMAL
2025-04-15 01:00:00+00:00,LUCKNOW_001,24.6,996.6,78.0,False,NORMAL
2025-04-15 02:00:00+00:00,LUCKNOW_001,27.0,997.1,70.0,False,NORMAL
2025-04-15 03:00:00+00:00,LUCKNOW_001,27.8,997.5,67.0,False,NORMAL
2025-04-15 04:00:00+00:00,LUCKNOW_001,28.6,997.3,61.0,False,NORMAL
2025-04-15 05:00:00+00:00,LUCKNOW_001,31.7,997.2,49.0,False,NORMAL
2025-04-15 06:00:00+00:00,LUCKNOW_001,34.1,996.8,40.0,False,NORMAL
2025-04-15 07:00:00+00:00,LUCKNOW_001,34.6,996.0,37.0,False,NORMAL
2025-04-15 08:00:00+00:00,LUCKNOW_001,36.0,995.3,32.0,False,NORMAL
2025-04-15 09:00:00+00:00,LUCKNOW_001,36.0,994.3,33.0,False,NORMAL
2025-04-15 10:00:00+00:00,LUCKNOW_001,35.2,993.3,35.0,False,NORMAL
2025-04-15 11:00:00+00:00,LUCKNOW_001,35.4,992.7,34.0,False,NORMAL
2025-04-15 12:00:00+00:00,LUCKNOW_001,35.1,992.3,33.0,False,NORMAL
2025-04-15 13:00:00+00:00,LUCKNOW_001,34.7,992.2,34.0,False,NORMAL
2025-04-15 14:00:00+00:00,LUCKNOW_001,32.6,993.1,40.0,False,NORMAL
2025-04-15 15:00:00+00:00,LUCKNOW_001,30.6,994.1,45.0,False,NORMAL
2025-04-15 16:00:00+00:00,LUCKNOW_001,30.3,994.6,45.0,False,NORMAL
2025-04-15 17:00:00+00:00,LUCKNOW_001,28.8,995.0,49.0,False,NORMAL
2025-04-15 18:00:00+00:00,LUCKNOW_001,28.8,994.9,50.0,False,NORMAL
2025-04-15 19:00:00+00:00,LUCKNOW_001,28.3,995.1,51.0,False,NORMAL
2025-04-15 20:00:00+00:00,LUCKNOW_001,28.0,994.6,53.0,False,NORMAL
2025-04-15 21:00:00+00:00,LUCKNOW_001,27.4,994.6,55.0,False,NORMAL
2025-04-15 22:00:00+00:00,LUCKNOW_001,26.0,994.3,61.0,False,NORMAL
2025-04-15 23:00:00+00:00,LUCKNOW_001,25.5,994.4,63.0,False,NORMAL
2025-04-16 00:00:00+00:00,LUCKNOW_001,27.1,994.8,60.0,False,NORMAL
2025-04-16 01:00:00+00:00,LUCKNOW_001,27.1,995.5,61.0,False,NORMAL
2025-04-16 02:00:00+00:00,LUCKNOW_001,28.7,996.2,58.0,False,NORMAL
2025-04-16 03:00:00+00:00,LUCKNOW_001,28.9,996.2,58.0,False,NORMAL
2025-04-16 04:00:00+00:00,LUCKNOW_001,29.7,996.6,55.0,False,NORMAL
2025-04-16 05:00:00+00:00,LUCKNOW_001,32.4,996.0,46.0,False,NORMAL
2025-04-16 06:00:00+00:00,LUCKNOW_001,35.5,995.5,36.0,False,NORMAL
2025-04-16 07:00:00+00:00,LUCKNOW_001,35.8,994.6,34.0,False,NORMAL
2025-04-16 08:00:00+00:00,LUCKNOW_001,36.9,994.0,30.0,False,NORMAL
2025-04-16 09:00:00+00:00,LUCKNOW_001,37.3,992.7,30.0,False,NORMAL
2025-04-16 10:00:00+00:00,LUCKNOW_001,36.2,992.0,35.0,False,NORMAL
2025-04-16 11:00:00+00:00,LUCKNOW_001,36.4,991.4,35.0,False,NORMAL
2025-04-16 12:00:00+00:00,LUCKNOW_001,36.4,991.4,34.0,False,NORMAL
2025-04-16 13:00:00+00:00,LUCKNOW_001,36.7,991.5,35.0,False,NORMAL
2025-04-16 14:00:00+00:00,LUCKNOW_001,34.3,991.7,41.0,False,NORMAL
2025-04-16 15:00:00+00:00,LUCKNOW_001,30.8,992.5,46.0,False,NORMAL
2025-04-16 16:00:00+00:00,LUCKNOW_001,29.7,992.7,49.0,False,NORMAL
2025-04-16 17:00:00+00:00,LUCKNOW_001,27.8,993.0,56.0,False,NORMAL
2025-04-16 18:00:00+00:00,LUCKNOW_001,28.1,993.0,55.0,False,NORMAL
2025-04-16 19:00:00+00:00,LUCKNOW_001,27.9,992.9,54.0,False,NORMAL
2025-04-16 20:00:00+00:00,LUCKNOW_001,27.4,992.5,56.0,False,NORMAL
2025-04-16 21:00:00+00:00,LUCKNOW_001,27.1,992.4,57.0,False,NORMAL
2025-04-16 22:00:00+00:00,LUCKNOW_001,25.3,992.5,65.0,False,NORMAL
2025-04-16 23:00:00+00:00,LUCKNOW_001,25.3,992.3,66.0,False,NORMAL
2025-04-17 00:00:00+00:00,LUCKNOW_001,26.7,992.7,63.0,False,NORMAL
2025-04-17 01:00:00+00:00,LUCKNOW_001,27.0,993.1,64.0,False,NORMAL
2025-04-17 02:00:00+00:00,LUCKNOW_001,29.2,993.7,58.0,False,NORMAL
2025-04-17 03:00:00+00:00,LUCKNOW_001,29.9,993.9,56.0,False,NORMAL
2025-04-17 04:00:00+00:00,LUCKNOW_001,30.9,994.2,51.0,False,NORMAL
2025-04-17 05:00:00+00:00,LUCKNOW_001,33.9,994.2,42.0,False,NORMAL
2025-04-17 06:00:00+00:00,LUCKNOW_001,36.1,993.5,36.0,False,NORMAL
2025-04-17 07:00:00+00:00,LUCKNOW_001,36.4,992.8,35.0,False,NORMAL
2025-04-17 08:00:00+00:00,LUCKNOW_001,37.8,991.7,33.0,False,NORMAL
2025-04-17 09:00:00+00:00,LUCKNOW_001,37.7,990.5,33.0,False,NORMAL
2025-04-17 10:00:00+00:00,LUCKNOW_001,36.1,989.4,38.0,False,NORMAL
2025-04-17 11:00:00+00:00,LUCKNOW_001,35.9,989.0,38.0,False,NORMAL
2025-04-17 12:00:00+00:00,LUCKNOW_001,36.0,988.8,36.0,False,NORMAL
2025-04-17 13:00:00+00:00,LUCKNOW_001,35.1,988.6,38.0,False,NORMAL
2025-04-17 14:00:00+00:00,LUCKNOW_001,33.6,989.4,40.0,False,NORMAL
2025-04-17 15:00:00+00:00,LUCKNOW_001,30.0,990.0,51.0,False,NORMAL
2025-04-17 16:00:00+00:00,LUCKNOW_001,30.0,990.6,53.0,False,NORMAL
2025-04-17 17:00:00+00:00,LUCKNOW_001,28.6,990.9,57.0,False,NORMAL
2025-04-17 18:00:00+00:00,LUCKNOW_001,28.8,991.0,58.0,False,NORMAL
2025-04-17 19:00:00+00:00,LUCKNOW_001,29.0,990.9,58.0,False,NORMAL
2025-04-17 20:00:00+00:00,LUCKNOW_001,28.0,990.6,63.0,False,NORMAL
2025-04-17 21:00:00+00:00,LUCKNOW_001,27.2,990.4,66.0,False,NORMAL
2025-04-17 22:00:00+00:00,LUCKNOW_001,26.0,989.9,72.0,False,NORMAL
2025-04-17 23:00:00+00:00,LUCKNOW_001,25.9,990.5,75.0,False,NORMAL
2025-04-18 00:00:00+00:00,LUCKNOW_001,27.2,990.6,76.0,False,NORMAL
2025-04-18 01:00:00+00:00,LUCKNOW_001,27.0,991.6,78.0,False,NORMAL
2025-04-18 02:00:00+00:00,LUCKNOW_001,28.0,992.4,74.0,False,NORMAL
2025-04-18 03:00:00+00:00,LUCKNOW_001,28.3,992.5,71.0,False,NORMAL
2025-04-18 04:00:00+00:00,LUCKNOW_001,29.0,992.5,66.0,False,NORMAL
2025-04-18 05:00:00+00:00,LUCKNOW_001,32.0,992.2,55.0,False,NORMAL
2025-04-18 06:00:00+00:00,LUCKNOW_001,34.9,991.8,49.0,False,NORMAL
2025-04-18 07:00:00+00:00,LUCKNOW_001,35.2,991.1,46.0,False,NORMAL
2025-04-18 08:00:00+00:00,LUCKNOW_001,37.3,990.3,39.0,False,NORMAL
2025-04-18 09:00:00+00:00,LUCKNOW_001,37.3,989.4,39.0,False,NORMAL
2025-04-18 10:00:00+00:00,LUCKNOW_001,36.1,988.5,42.0,False,NORMAL
2025-04-18 11:00:00+00:00,LUCKNOW_001,36.0,987.9,43.0,False,NORMAL
2025-04-18 12:00:00+00:00,LUCKNOW_001,35.6,988.0,44.0,False,NORMAL
2025-04-18 13:00:00+00:00,LUCKNOW_001,35.5,988.2,43.0,False,NORMAL
2025-04-18 14:00:00+00:00,LUCKNOW_001,34.4,988.8,46.0,False,NORMAL
2025-04-18 15:00:00+00:00,LUCKNOW_001,32.4,989.9,53.0,False,NORMAL
2025-04-18 16:00:00+00:00,LUCKNOW_001,32.1,990.6,54.0,False,NORMAL
2025-04-18 17:00:00+00:00,LUCKNOW_001,30.3,991.1,59.0,False,NORMAL
2025-04-18 18:00:00+00:00,LUCKNOW_001,30.1,991.6,60.0,False,NORMAL
2025-04-18 19:00:00+00:00,LUCKNOW_001,29.5,991.3,62.0,False,NORMAL
2025-04-18 20:00:00+00:00,LUCKNOW_001,28.2,991.2,66.0,False,NORMAL
2025-04-18 21:00:00+00:00,LUCKNOW_001,27.2,990.8,69.0,False,NORMAL
2025-04-18 22:00:00+00:00,LUCKNOW_001,24.6,991.2,75.0,False,NORMAL
2025-04-18 23:00:00+00:00,LUCKNOW_001,24.2,991.4,77.0,False,NORMAL
2025-04-19 00:00:00+00:00,LUCKNOW_001,25.4,992.2,75.0,False,NORMAL
2025-04-19 01:00:00+00:00,LUCKNOW_001,25.3,992.9,76.0,False,NORMAL
2025-04-19 02:00:00+00:00,LUCKNOW_001,26.6,994.1,71.0,False,NORMAL
2025-04-19 03:00:00+00:00,LUCKNOW_001,26.7,994.6,71.0,False,NORMAL
2025-04-19 04:00:00+00:00,LUCKNOW_001,27.2,994.5,69.0,False,NORMAL
2025-04-19 05:00:00+00:00,LUCKNOW_001,31.3,994.3,56.0,False,NORMAL
2025-04-19 06:00:00+00:00,LUCKNOW_001,32.7,993.8,52.0,False,NORMAL
2025-04-19 07:00:00+00:00,LUCKNOW_001,33.2,992.8,50.0,False,NORMAL
2025-04-19 08:00:00+00:00,LUCKNOW_001,35.7,991.9,44.0,False,NORMAL
2025-04-19 09:00:00+00:00,LUCKNOW_001,35.9,990.5,43.0,False,NORMAL
2025-04-19 10:00:00+00:00,LUCKNOW_001,35.5,989.8,44.0,False,NORMAL
2025-04-19 11:00:00+00:00,LUCKNOW_001,35.5,989.1,44.0,False,NORMAL
2025-04-19 12:00:00+00:00,LUCKNOW_001,35.7,988.9,43.0,False,NORMAL
2025-04-19 13:00:00+00:00,LUCKNOW_001,36.0,989.5,43.0,False,NORMAL
2025-04-19 14:00:00+00:00,LUCKNOW_001,33.9,989.7,49.0,False,NORMAL
2025-04-19 15:00:00+00:00,LUCKNOW_001,31.7,990.7,56.0,False,NORMAL
2025-04-19 16:00:00+00:00,LUCKNOW_001,30.9,991.1,57.0,False,NORMAL
2025-04-19 17:00:00+00:00,LUCKNOW_001,30.1,991.3,58.0,False,NORMAL
2025-04-19 18:00:00+00:00,LUCKNOW_001,29.7,991.1,59.0,False,NORMAL
2025-04-19 19:00:00+00:00,LUCKNOW_001,29.1,990.4,61.0,False,NORMAL
2025-04-19 20:00:00+00:00,LUCKNOW_001,27.5,990.1,66.0,False,NORMAL
2025-04-19 21:00:00+00:00,LUCKNOW_001,27.4,989.9,68.0,False,NORMAL
2025-04-19 22:00:00+00:00,LUCKNOW_001,26.1,990.1,73.0,False,NORMAL
2025-04-19 23:00:00+00:00,LUCKNOW_001,26.1,990.1,75.0,False,NORMAL
2025-04-20 00:00:00+00:00,LUCKNOW_001,27.8,990.7,71.0,False,NORMAL
2025-04-20 01:00:00+00:00,LUCKNOW_001,27.8,991.4,72.0,False,NORMAL
2025-04-20 02:00:00+00:00,LUCKNOW_001,29.3,992.3,67.0,False,NORMAL
2025-04-20 03:00:00+00:00,LUCKNOW_001,29.9,992.7,65.0,False,NORMAL
2025-04-20 04:00:00+00:00,LUCKNOW_001,30.3,992.7,62.0,False,NORMAL
2025-04-20 05:00:00+00:00,LUCKNOW_001,33.2,993.0,52.0,False,NORMAL
2025-04-20 06:00:00+00:00,LUCKNOW_001,36.9,992.3,43.0,False,NORMAL
2025-04-20 07:00:00+00:00,LUCKNOW_001,37.4,991.8,41.0,False,NORMAL
2025-04-20 08:00:00+00:00,LUCKNOW_001,38.7,990.8,36.0,False,NORMAL
2025-04-20 09:00:00+00:00,LUCKNOW_001,38.6,989.9,36.0,False,NORMAL
2025-04-20 10:00:00+00:00,LUCKNOW_001,37.9,989.4,38.0,False,NORMAL
2025-04-20 11:00:00+00:00,LUCKNOW_001,38.2,988.4,37.0,False,NORMAL
2025-04-20 12:00:00+00:00,LUCKNOW_001,38.6,988.5,36.0,False,NORMAL
2025-04-20 13:00:00+00:00,LUCKNOW_001,38.0,988.8,37.0,False,NORMAL
2025-04-20 14:00:00+00:00,LUCKNOW_001,36.0,989.3,43.0,False,NORMAL
2025-04-20 15:00:00+00:00,LUCKNOW_001,33.8,990.2,47.0,False,NORMAL
2025-04-20 16:00:00+00:00,LUCKNOW_001,32.7,991.1,53.0,False,NORMAL
2025-04-20 17:00:00+00:00,LUCKNOW_001,30.2,991.0,62.0,False,NORMAL
2025-04-20 18:00:00+00:00,LUCKNOW_001,30.0,991.2,64.0,False,NORMAL
2025-04-20 19:00:00+00:00,LUCKNOW_001,30.0,991.2,65.0,False,NORMAL
2025-04-20 20:00:00+00:00,LUCKNOW_001,29.0,991.0,67.0,False,NORMAL
2025-04-20 21:00:00+00:00,LUCKNOW_001,28.8,990.9,68.0,False,NORMAL
2025-04-20 22:00:00+00:00,LUCKNOW_001,27.1,991.1,74.0,False,NORMAL
2025-04-20 23:00:00+00:00,LUCKNOW_001,27.2,991.5,75.0,False,NORMAL
2025-04-21 00:00:00+00:00,LUCKNOW_001,28.9,991.7,71.0,False,NORMAL
2025-04-21 01:00:00+00:00,LUCKNOW_001,29.4,992.5,71.0,False,NORMAL
2025-04-21 02:00:00+00:00,LUCKNOW_001,31.9,993.3,62.0,False,NORMAL
2025-04-21 03:00:00+00:00,LUCKNOW_001,32.2,993.7,61.0,False,NORMAL
2025-04-21 04:00:00+00:00,LUCKNOW_001,32.8,993.7,56.0,False,NORMAL
2025-04-21 05:00:00+00:00,LUCKNOW_001,36.8,993.7,43.0,False,NORMAL
2025-04-21 06:00:00+00:00,LUCKNOW_001,39.1,993.5,34.0,False,NORMAL
2025-04-21 07:00:00+00:00,LUCKNOW_001,39.4,992.9,31.0,False,NORMAL
2025-04-21 08:00:00+00:00,LUCKNOW_001,41.4,992.6,23.0,False,NORMAL
2025-04-21 09:00:00+00:00,LUCKNOW_001,41.5,991.7,23.0,False,NORMAL
2025-04-21 10:00:00+00:00,LUCKNOW_001,39.9,991.3,29.0,False,NORMAL
2025-04-21 11:00:00+00:00,LUCKNOW_001,39.8,990.7,29.0,False,NORMAL
2025-04-21 12:00:00+00:00,LUCKNOW_001,39.9,991.2,28.0,False,NORMAL
2025-04-21 13:00:00+00:00,LUCKNOW_001,38.6,991.4,33.0,False,NORMAL
2025-04-21 14:00:00+00:00,LUCKNOW_001,35.2,992.1,38.0,False,NORMAL
2025-04-21 15:00:00+00:00,LUCKNOW_001,33.1,992.9,43.0,False,NORMAL
2025-04-21 16:00:00+00:00,LUCKNOW_001,32.1,993.3,47.0,False,NORMAL
2025-04-21 17:00:00+00:00,LUCKNOW_001,30.1,993.1,53.0,False,NORMAL
2025-04-21 18:00:00+00:00,LUCKNOW_001,30.1,992.9,54.0,False,NORMAL
2025-04-21 19:00:00+00:00,LUCKNOW_001,31.4,992.5,48.0,False,NORMAL
2025-04-21 20:00:00+00:00,LUCKNOW_001,27.9,992.2,59.0,False,NORMAL
2025-04-21 21:00:00+00:00,LUCKNOW_001,28.4,992.1,56.0,False,NORMAL
2025-04-21 22:00:00+00:00,LUCKNOW_001,27.2,991.5,60.0,False,NORMAL
2025-04-21 23:00:00+00:00,LUCKNOW_001,26.9,992.1,60.0,False,NORMAL
2025-04-22 00:00:00+00:00,LUCKNOW_001,28.3,992.4,57.0,False,NORMAL
2025-04-22 01:00:00+00:00,LUCKNOW_001,28.2,993.1,54.0,False,NORMAL
2025-04-22 02:00:00+00:00,LUCKNOW_001,30.7,994.0,42.0,False,NORMAL
2025-04-22 03:00:00+00:00,LUCKNOW_001,30.8,994.6,36.0,False,NORMAL
2025-04-22 04:00:00+00:00,LUCKNOW_001,31.4,994.8,34.0,False,NORMAL
2025-04-22 05:00:00+00:00,LUCKNOW_001,36.9,995.0,26.0,False,NORMAL
2025-04-22 06:00:00+00:00,LUCKNOW_001,39.3,994.4,22.0,False,NORMAL
2025-04-22 07:00:00+00:00,LUCKNOW_001,40.1,993.9,18.0,False,NORMAL
2025-04-22 08:00:00+00:00,LUCKNOW_001,41.9,993.0,11.0,False,NORMAL
2025-04-22 09:00:00+00:00,LUCKNOW_001,41.9,992.1,11.0,False,NORMAL
2025-04-22 10:00:00+00:00,LUCKNOW_001,39.5,991.5,17.0,False,NORMAL
2025-04-22 11:00:00+00:00,LUCKNOW_001,39.4,990.7,16.0,False,NORMAL
2025-04-22 12:00:00+00:00,LUCKNOW_001,39.4,990.7,16.0,False,NORMAL
2025-04-22 13:00:00+00:00,LUCKNOW_001,39.1,991.4,14.0,False,NORMAL
2025-04-22 14:00:00+00:00,LUCKNOW_001,34.5,991.8,17.0,False,NORMAL
2025-04-22 15:00:00+00:00,LUCKNOW_001,32.3,992.5,21.0,False,NORMAL
2025-04-22 16:00:00+00:00,LUCKNOW_001,31.2,992.9,24.0,False,NORMAL
2025-04-22 17:00:00+00:00,LUCKNOW_001,29.7,992.7,27.0,False,NORMAL
2025-04-22 18:00:00+00:00,LUCKNOW_001,29.4,992.6,28.0,False,NORMAL
2025-04-22 19:00:00+00:00,LUCKNOW_001,29.5,992.1,28.0,False,NORMAL
2025-04-22 20:00:00+00:00,LUCKNOW_001,28.0,991.8,30.0,False,NORMAL
2025-04-22 21:00:00+00:00,LUCKNOW_001,27.0,991.2,30.0,False,NORMAL
2025-04-22 22:00:00+00:00,LUCKNOW_001,25.0,990.5,35.0,False,NORMAL
2025-04-22 23:00:00+00:00,LUCKNOW_001,24.8,990.6,35.0,False,NORMAL
2025-04-23 00:00:00+00:00,LUCKNOW_001,25.8,991.2,36.0,False,NORMAL
2025-04-23 01:00:00+00:00,LUCKNOW_001,25.9,991.6,37.0,False,NORMAL
2025-04-23 02:00:00+00:00,LUCKNOW_001,30.1,992.5,30.0,False,NORMAL
2025-04-23 03:00:00+00:00,LUCKNOW_001,30.9,992.8,29.0,False,NORMAL
2025-04-23 04:00:00+00:00,LUCKNOW_001,31.7,992.7,30.0,False,NORMAL
2025-04-23 05:00:00+00:00,LUCKNOW_001,37.5,992.8,20.0,False,NORMAL
2025-04-23 06:00:00+00:00,LUCKNOW_001,39.5,992.2,13.0,False,NORMAL
2025-04-23 07:00:00+00:00,LUCKNOW_001,39.6,991.5,12.0,False,NORMAL
2025-04-23 08:00:00+00:00,LUCKNOW_001,40.9,990.5,9.0,False,NORMAL
2025-04-23 09:00:00+00:00,LUCKNOW_001,40.9,989.4,9.0,False,NORMAL
2025-04-23 10:00:00+00:00,LUCKNOW_001,39.1,988.6,14.0,False,NORMAL
2025-04-23 11:00:00+00:00,LUCKNOW_001,39.0,988.2,14.0,False,NORMAL
2025-04-23 12:00:00+00:00,LUCKNOW_001,39.0,988.3,13.0,False,NORMAL
2025-04-23 13:00:00+00:00,LUCKNOW_001,38.3,988.4,13.0,False,NORMAL
2025-04-23 14:00:00+00:00,LUCKNOW_001,33.6,988.9,17.0,False,NORMAL
2025-04-23 15:00:00+00:00,LUCKNOW_001,31.3,989.3,22.0,False,NORMAL
2025-04-23 16:00:00+00:00,LUCKNOW_001,30.9,989.9,21.0,False,NORMAL
2025-04-23 17:00:00+00:00,LUCKNOW_001,29.0,989.7,26.0,False,NORMAL
2025-04-23 18:00:00+00:00,LUCKNOW_001,28.9,989.4,26.0,False,NORMAL
2025-04-23 19:00:00+00:00,LUCKNOW_001,28.6,989.0,26.0,False,NORMAL
2025-04-23 20:00:00+00:00,LUCKNOW_001,28.1,988.6,26.0,False,NORMAL
2025-04-23 21:00:00+00:00,LUCKNOW_001,26.6,988.3,24.0,False,NORMAL
2025-04-23 22:00:00+00:00,LUCKNOW_001,25.1,988.0,33.0,False,NORMAL
2025-04-23 23:00:00+00:00,LUCKNOW_001,25.2,988.3,33.0,False,NORMAL
2025-04-24 00:00:00+00:00,LUCKNOW_001,26.7,988.4,31.0,False,NORMAL
2025-04-24 01:00:00+00:00,LUCKNOW_001,27.4,989.1,31.0,False,NORMAL
2025-04-24 02:00:00+00:00,LUCKNOW_001,30.2,990.2,29.0,False,NORMAL
2025-04-24 03:00:00+00:00,LUCKNOW_001,31.8,990.7,27.0,False,NORMAL
2025-04-24 04:00:00+00:00,LUCKNOW_001,32.7,991.2,23.0,False,NORMAL
2025-04-24 05:00:00+00:00,LUCKNOW_001,38.2,991.3,17.0,False,NORMAL
2025-04-24 06:00:00+00:00,LUCKNOW_001,40.1,991.0,11.0,False,NORMAL
2025-04-24 07:00:00+00:00,LUCKNOW_001,40.4,990.6,11.0,False,NORMAL
2025-04-24 08:00:00+00:00,LUCKNOW_001,41.8,989.5,9.0,False,NORMAL
2025-04-24 09:00:00+00:00,LUCKNOW_001,42.0,988.8,9.0,False,NORMAL
2025-04-24 10:00:00+00:00,LUCKNOW_001,40.4,988.4,15.0,False,NORMAL
2025-04-24 11:00:00+00:00,LUCKNOW_001,40.4,987.6,14.0,False,NORMAL
2025-04-24 12:00:00+00:00,LUCKNOW_001,40.3,987.5,13.0,False,NORMAL
2025-04-24 13:00:00+00:00,LUCKNOW_001,37.7,988.2,13.0,False,NORMAL
2025-04-24 14:00:00+00:00,LUCKNOW_001,33.5,988.7,17.0,False,NORMAL
2025-04-24 15:00:00+00:00,LUCKNOW_001,32.1,989.5,18.0,False,NORMAL
2025-04-24 16:00:00+00:00,LUCKNOW_001,31.9,990.3,22.0,False,NORMAL
2025-04-24 17:00:00+00:00,LUCKNOW_001,28.0,990.2,30.0,False,NORMAL
2025-04-24 18:00:00+00:00,LUCKNOW_001,27.5,990.0,31.0,False,NORMAL
2025-04-24 19:00:00+00:00,LUCKNOW_001,27.1,989.9,33.0,False,NORMAL
2025-04-24 20:00:00+00:00,LUCKNOW_001,25.3,989.3,37.0,False,NORMAL
2025-04-24 21:00:00+00:00,LUCKNOW_001,24.9,989.0,39.0,False,NORMAL
2025-04-24 22:00:00+00:00,LUCKNOW_001,22.4,988.6,48.0,False,NORMAL
2025-04-24 23:00:00+00:00,LUCKNOW_001,23.5,988.9,46.0,False,NORMAL
2025-04-25 00:00:00+00:00,LUCKNOW_001,25.2,990.0,41.0,False,NORMAL
2025-04-25 01:00:00+00:00,LUCKNOW_001,25.0,990.5,42.0,False,NORMAL
2025-04-25 02:00:00+00:00,LUCKNOW_001,30.5,991.8,33.0,False,NORMAL
2025-04-25 03:00:00+00:00,LUCKNOW_001,31.1,992.4,32.0,False,NORMAL
2025-04-25 04:00:00+00:00,LUCKNOW_001,32.5,992.5,30.0,False,NORMAL
2025-04-25 05:00:00+00:00,LUCKNOW_001,39.0,992.8,21.0,False,NORMAL
2025-04-25 06:00:00+00:00,LUCKNOW_001,40.7,992.3,16.0,False,NORMAL
2025-04-25 07:00:00+00:00,LUCKNOW_001,40.9,991.4,16.0,False,NORMAL
2025-04-25 08:00:00+00:00,LUCKNOW_001,42.9,990.5,11.0,False,NORMAL
2025-04-25 09:00:00+00:00,LUCKNOW_001,43.0,989.3,11.0,False,NORMAL
2025-04-25 10:00:00+00:00,LUCKNOW_001,41.3,988.8,16.0,False,NORMAL
2025-04-25 11:00:00+00:00,LUCKNOW_001,41.3,988.5,16.0,False,NORMAL
2025-04-25 12:00:00+00:00,LUCKNOW_001,41.5,988.8,12.0,False,NORMAL
2025-04-25 13:00:00+00:00,LUCKNOW_001,38.3,988.5,16.0,False,NORMAL
2025-04-25 14:00:00+00:00,LUCKNOW_001,32.6,989.0,22.0,False,NORMAL
2025-04-25 15:00:00+00:00,LUCKNOW_001,31.0,989.3,28.0,False,NORMAL
2025-04-25 16:00:00+00:00,LUCKNOW_001,30.4,989.6,29.0,False,NORMAL
2025-04-25 17:00:00+00:00,LUCKNOW_001,28.1,989.5,33.0,False,NORMAL
2025-04-25 18:00:00+00:00,LUCKNOW_001,27.2,989.6,36.0,False,NORMAL
2025-04-25 19:00:00+00:00,LUCKNOW_001,26.5,988.9,38.0,False,NORMAL
2025-04-25 20:00:00+00:00,LUCKNOW_001,24.4,988.5,43.0,False,NORMAL
2025-04-25 21:00:00+00:00,LUCKNOW_001,24.0,988.2,42.0,False,NORMAL
2025-04-25 22:00:00+00:00,LUCKNOW_001,23.6,987.9,44.0,False,NORMAL
2025-04-25 23:00:00+00:00,LUCKNOW_001,23.1,988.3,46.0,False,NORMAL
2025-04-26 00:00:00+00:00,LUCKNOW_001,24.9,988.5,43.0,False,NORMAL
2025-04-26 01:00:00+00:00,LUCKNOW_001,26.0,989.5,41.0,False,NORMAL
2025-04-26 02:00:00+00:00,LUCKNOW_001,30.6,990.2,32.0,False,NORMAL
2025-04-26 03:00:00+00:00,LUCKNOW_001,31.9,991.1,31.0,False,NORMAL
2025-04-26 04:00:00+00:00,LUCKNOW_001,33.8,991.6,28.0,False,NORMAL
2025-04-26 05:00:00+00:00,LUCKNOW_001,39.5,991.8,19.0,False,NORMAL
2025-04-26 06:00:00+00:00,LUCKNOW_001,40.7,991.6,15.0,False,NORMAL
2025-04-26 07:00:00+00:00,LUCKNOW_001,40.7,991.1,15.0,False,NORMAL
2025-04-26 08:00:00+00:00,LUCKNOW_001,42.6,990.6,14.0,False,NORMAL
2025-04-26 09:00:00+00:00,LUCKNOW_001,42.7,989.6,13.0,False,NORMAL
2025-04-26 10:00:00+00:00,LUCKNOW_001,40.1,988.5,18.0,False,NORMAL
2025-04-26 11:00:00+00:00,LUCKNOW_001,40.5,988.4,16.0,False,NORMAL
2025-04-26 12:00:00+00:00,LUCKNOW_001,39.8,988.6,31.0,False,NORMAL
2025-04-26 13:00:00+00:00,LUCKNOW_001,40.3,988.9,17.0,False,NORMAL
2025-04-26 14:00:00+00:00,LUCKNOW_001,37.7,989.5,22.0,False,NORMAL
2025-04-26 15:00:00+00:00,LUCKNOW_001,34.7,990.2,26.0,False,NORMAL
2025-04-26 16:00:00+00:00,LUCKNOW_001,32.5,990.5,30.0,False,NORMAL
2025-04-26 17:00:00+00:00,LUCKNOW_001,29.4,990.4,36.0,False,NORMAL
2025-04-26 18:00:00+00:00,LUCKNOW_001,29.2,990.6,35.0,False,NORMAL
2025-04-26 19:00:00+00:00,LUCKNOW_001,29.2,990.2,34.0,False,NORMAL
2025-04-26 20:00:00+00:00,LUCKNOW_001,27.3,989.7,38.0,False,NORMAL
2025-04-26 21:00:00+00:00,LUCKNOW_001,27.3,989.6,38.0,False,NORMAL
2025-04-26 22:00:00+00:00,LUCKNOW_001,27.1,989.5,36.0,False,NORMAL
2025-04-26 23:00:00+00:00,LUCKNOW_001,26.3,990.1,36.0,False,NORMAL
2025-04-27 00:00:00+00:00,LUCKNOW_001,26.8,990.5,42.0,False,NORMAL
2025-04-27 01:00:00+00:00,LUCKNOW_001,27.9,991.2,38.0,False,NORMAL
2025-04-27 02:00:00+00:00,LUCKNOW_001,30.7,992.1,38.0,False,NORMAL
2025-04-27 03:00:00+00:00,LUCKNOW_001,31.6,992.8,35.0,False,NORMAL
2025-04-27 04:00:00+00:00,LUCKNOW_001,32.3,993.2,33.0,False,NORMAL
2025-04-27 05:00:00+00:00,LUCKNOW_001,35.7,993.8,26.0,False,NORMAL
2025-04-27 06:00:00+00:00,LUCKNOW_001,36.9,993.8,21.0,False,NORMAL
2025-04-27 07:00:00+00:00,LUCKNOW_001,37.3,993.2,21.0,False,NORMAL
2025-04-27 08:00:00+00:00,LUCKNOW_001,38.7,992.0,21.0,False,NORMAL
2025-04-27 09:00:00+00:00,LUCKNOW_001,38.3,991.5,21.0,False,NORMAL
2025-04-27 10:00:00+00:00,LUCKNOW_001,36.7,990.5,27.0,False,NORMAL
2025-04-27 11:00:00+00:00,LUCKNOW_001,36.2,990.4,28.0,False,NORMAL
2025-04-27 12:00:00+00:00,LUCKNOW_001,36.2,990.3,27.0,False,NORMAL
2025-04-27 13:00:00+00:00,LUCKNOW_001,35.9,990.7,27.0,False,NORMAL
2025-04-27 14:00:00+00:00,LUCKNOW_001,32.2,991.0,33.0,False,NORMAL
2025-04-27 15:00:00+00:00,LUCKNOW_001,29.5,992.0,37.0,False,NORMAL
2025-04-27 16:00:00+00:00,LUCKNOW_001,29.4,992.7,38.0,False,NORMAL
2025-04-27 17:00:00+00:00,LUCKNOW_001,28.2,992.8,42.0,False,NORMAL
2025-04-27 18:00:00+00:00,LUCKNOW_001,27.5,993.0,45.0,False,NORMAL
2025-04-27 19:00:00+00:00,LUCKNOW_001,27.6,992.9,47.0,False,NORMAL
2025-04-27 20:00:00+00:00,LUCKNOW_001,26.2,993.0,53.0,False,NORMAL
2025-04-27 21:00:00+00:00,LUCKNOW_001,26.3,992.8,54.0,False,NORMAL
2025-04-27 22:00:00+00:00,LUCKNOW_001,25.2,992.4,75.0,False,NORMAL
2025-04-27 23:00:00+00:00,LUCKNOW_001,24.8,992.8,77.0,False,NORMAL
2025-04-28 00:00:00+00:00,LUCKNOW_001,25.7,992.7,73.0,False,NORMAL
2025-04-28 01:00:00+00:00,LUCKNOW_001,25.4,993.5,69.0,False,NORMAL
2025-04-28 02:00:00+00:00,LUCKNOW_001,27.2,994.1,61.0,False,NORMAL
2025-04-28 03:00:00+00:00,LUCKNOW_001,27.5,994.3,58.0,False,NORMAL
2025-04-28 04:00:00+00:00,LUCKNOW_001,28.3,994.2,55.0,False,NORMAL
2025-04-28 05:00:00+00:00,LUCKNOW_001,32.2,994.2,44.0,False,NORMAL
2025-04-28 06:00:00+00:00,LUCKNOW_001,34.3,993.7,38.0,False,NORMAL
2025-04-28 07:00:00+00:00,LUCKNOW_001,34.7,992.7,36.0,False,NORMAL
2025-04-28 08:00:00+00:00,LUCKNOW_001,36.6,992.0,30.0,False,NORMAL
2025-04-28 09:00:00+00:00,LUCKNOW_001,37.2,991.0,27.0,False,NORMAL
2025-04-28 10:00:00+00:00,LUCKNOW_001,35.7,990.4,31.0,False,NORMAL
2025-04-28 11:00:00+00:00,LUCKNOW_001,36.0,989.9,30.0,False,NORMAL
2025-04-28 12:00:00+00:00,LUCKNOW_001,35.3,990.4,28.0,False,NORMAL
2025-04-28 13:00:00+00:00,LUCKNOW_001,33.5,990.4,41.0,False,NORMAL
2025-04-28 14:00:00+00:00,LUCKNOW_001,31.4,991.3,52.0,False,NORMAL
2025-04-28 15:00:00+00:00,LUCKNOW_001,29.1,991.9,55.0,False,NORMAL
2025-04-28 16:00:00+00:00,LUCKNOW_001,29.1,992.7,54.0,False,NORMAL
2025-04-28 17:00:00+00:00,LUCKNOW_001,27.7,992.5,56.0,False,NORMAL
2025-04-28 18:00:00+00:00,LUCKNOW_001,27.1,992.6,58.0,False,NORMAL
2025-04-28 19:00:00+00:00,LUCKNOW_001,26.9,992.4,60.0,False,NORMAL
2025-04-28 20:00:00+00:00,LUCKNOW_001,26.0,992.3,64.0,False,NORMAL
2025-04-28 21:00:00+00:00,LUCKNOW_001,25.6,992.2,66.0,False,NORMAL
2025-04-28 22:00:00+00:00,LUCKNOW_001,24.0,992.3,75.0,False,NORMAL
2025-04-28 23:00:00+00:00,LUCKNOW_001,23.9,992.4,76.0,False,NORMAL
2025-04-29 00:00:00+00:00,LUCKNOW_001,25.4,993.2,73.0,False,NORMAL
2025-04-29 01:00:00+00:00,LUCKNOW_001,25.4,993.8,73.0,False,NORMAL
2025-04-29 02:00:00+00:00,LUCKNOW_001,27.2,994.3,65.0,False,NORMAL
2025-04-29 03:00:00+00:00,LUCKNOW_001,27.7,994.3,62.0,False,NORMAL
2025-04-29 04:00:00+00:00,LUCKNOW_001,28.1,994.2,60.0,False,NORMAL
2025-04-29 05:00:00+00:00,LUCKNOW_001,31.1,993.8,51.0,False,NORMAL
2025-04-29 06:00:00+00:00,LUCKNOW_001,33.3,993.3,43.0,False,NORMAL
2025-04-29 07:00:00+00:00,LUCKNOW_001,33.7,992.8,41.0,False,NORMAL
2025-04-29 08:00:00+00:00,LUCKNOW_001,35.6,991.8,37.0,False,NORMAL
2025-04-29 09:00:00+00:00,LUCKNOW_001,35.9,990.7,37.0,False,NORMAL
2025-04-29 10:00:00+00:00,LUCKNOW_001,34.7,990.5,42.0,False,NORMAL
2025-04-29 11:00:00+00:00,LUCKNOW_001,34.7,989.6,42.0,False,NORMAL
2025-04-29 12:00:00+00:00,LUCKNOW_001,34.7,989.5,41.0,False,NORMAL
2025-04-29 13:00:00+00:00,LUCKNOW_001,34.8,989.9,40.0,False,NORMAL
2025-04-29 14:00:00+00:00,LUCKNOW_001,33.4,990.5,43.0,False,NORMAL
2025-04-29 15:00:00+00:00,LUCKNOW_001,31.0,991.7,47.0,False,NORMAL
2025-04-29 16:00:00+00:00,LUCKNOW_001,30.7,992.9,49.0,False,NORMAL
2025-04-29 17:00:00+00:00,LUCKNOW_001,29.0,993.3,55.0,False,NORMAL
2025-04-29 18:00:00+00:00,LUCKNOW_001,28.6,992.8,55.0,False,NORMAL
2025-04-29 19:00:00+00:00,LUCKNOW_001,28.1,993.2,57.0,False,NORMAL
2025-04-29 20:00:00+00:00,LUCKNOW_001,26.7,992.9,61.0,False,NORMAL
2025-04-29 21:00:00+00:00,LUCKNOW_001,26.6,993.1,62.0,False,NORMAL
2025-04-29 22:00:00+00:00,LUCKNOW_001,25.7,992.9,67.0,False,NORMAL
2025-04-29 23:00:00+00:00,LUCKNOW_001,25.4,993.3,67.0,False,NORMAL
2025-04-30 00:00:00+00:00,LUCKNOW_001,26.2,993.9,65.0,False,NORMAL
2025-04-30 01:00:00+00:00,LUCKNOW_001,25.9,994.7,66.0,False,NORMAL
2025-04-30 02:00:00+00:00,LUCKNOW_001,27.1,995.5,61.0,False,NORMAL
2025-04-30 03:00:00+00:00,LUCKNOW_001,28.1,996.0,60.0,False,NORMAL
2025-04-30 04:00:00+00:00,LUCKNOW_001,28.8,995.8,59.0,False,NORMAL
2025-04-30 05:00:00+00:00,LUCKNOW_001,31.0,995.5,53.0,False,NORMAL
2025-04-30 06:00:00+00:00,LUCKNOW_001,33.3,995.0,43.0,False,NORMAL
2025-04-30 07:00:00+00:00,LUCKNOW_001,33.7,994.5,42.0,False,NORMAL
2025-04-30 08:00:00+00:00,LUCKNOW_001,35.2,993.4,38.0,False,NORMAL
2025-04-30 09:00:00+00:00,LUCKNOW_001,35.8,992.7,36.0,False,NORMAL
2025-04-30 10:00:00+00:00,LUCKNOW_001,35.4,991.4,41.0,False,NORMAL
2025-04-30 11:00:00+00:00,LUCKNOW_001,36.0,991.3,40.0,False,NORMAL
2025-04-30 12:00:00+00:00,LUCKNOW_001,35.0,991.5,43.0,False,NORMAL
2025-04-30 13:00:00+00:00,LUCKNOW_001,33.8,992.7,50.0,False,NORMAL
2025-04-30 14:00:00+00:00,LUCKNOW_001,33.0,993.6,51.0,False,NORMAL
2025-04-30 15:00:00+00:00,LUCKNOW_001,31.0,993.5,55.0,False,NORMAL
2025-04-30 16:00:00+00:00,LUCKNOW_001,30.9,993.9,54.0,False,NORMAL
2025-04-30 17:00:00+00:00,LUCKNOW_001,29.7,994.1,58.0,False,NORMAL
2025-04-30 18:00:00+00:00,LUCKNOW_001,29.4,994.3,58.0,False,NORMAL
2025-04-30 19:00:00+00:00,LUCKNOW_001,29.3,994.1,59.0,False,NORMAL
2025-04-30 20:00:00+00:00,LUCKNOW_001,28.4,994.3,62.0,False,NORMAL
2025-04-30 21:00:00+00:00,LUCKNOW_001,28.4,994.4,61.0,False,NORMAL
2025-04-30 22:00:00+00:00,LUCKNOW_001,27.3,994.7,63.0,False,NORMAL
2025-04-30 23:00:00+00:00,LUCKNOW_001,27.0,994.5,64.0,False,NORMAL
2025-05-01 00:00:00+00:00,LUCKNOW_001,27.6,995.1,62.0,False,NORMAL
2025-05-01 01:00:00+00:00,LUCKNOW_001,27.4,995.8,63.0,False,NORMAL
2025-05-01 02:00:00+00:00,LUCKNOW_001,28.8,996.3,60.0,False,NORMAL
2025-05-01 03:00:00+00:00,LUCKNOW_001,29.4,996.9,58.0,False,NORMAL
2025-05-01 04:00:00+00:00,LUCKNOW_001,29.8,996.9,57.0,False,NORMAL
2025-05-01 05:00:00+00:00,LUCKNOW_001,32.1,996.8,50.0,False,NORMAL
2025-05-01 06:00:00+00:00,LUCKNOW_001,34.7,996.3,42.0,False,NORMAL
2025-05-01 07:00:00+00:00,LUCKNOW_001,34.6,995.6,41.0,False,NORMAL
2025-05-01 08:00:00+00:00,LUCKNOW_001,35.9,994.5,37.0,False,NORMAL
2025-05-01 09:00:00+00:00,LUCKNOW_001,35.8,993.7,37.0,False,NORMAL
2025-05-01 10:00:00+00:00,LUCKNOW_001,33.7,992.5,45.0,False,NORMAL
2025-05-01 11:00:00+00:00,LUCKNOW_001,34.0,992.4,46.0,False,NORMAL
2025-05-01 12:00:00+00:00,LUCKNOW_001,34.0,992.2,45.0,False,NORMAL
2025-05-01 13:00:00+00:00,LUCKNOW_001,34.0,992.3,43.0,False,NORMAL
2025-05-01 14:00:00+00:00,LUCKNOW_001,32.5,993.1,47.0,False,NORMAL
2025-05-01 15:00:00+00:00,LUCKNOW_001,31.1,994.0,52.0,False,NORMAL
2025-05-01 16:00:00+00:00,LUCKNOW_001,30.8,994.7,52.0,False,NORMAL
2025-05-01 17:00:00+00:00,LUCKNOW_001,29.9,995.3,54.0,False,NORMAL
2025-05-01 18:00:00+00:00,LUCKNOW_001,29.7,995.4,55.0,False,NORMAL
2025-05-01 19:00:00+00:00,LUCKNOW_001,29.4,995.1,55.0,False,NORMAL
2025-05-01 20:00:00+00:00,LUCKNOW_001,28.3,994.8,59.0,False,NORMAL
2025-05-01 21:00:00+00:00,LUCKNOW_001,28.1,995.1,58.0,False,NORMAL
2025-05-01 22:00:00+00:00,LUCKNOW_001,26.7,995.8,63.0,False,NORMAL
2025-05-01 23:00:00+00:00,LUCKNOW_001,26.7,995.2,62.0,False,NORMAL
2025-05-02 00:00:00+00:00,LUCKNOW_001,27.7,995.1,60.0,False,NORMAL
2025-05-02 01:00:00+00:00,LUCKNOW_001,27.8,995.8,59.0,False,NORMAL
2025-05-02 02:00:00+00:00,LUCKNOW_001,28.8,997.2,54.0,False,NORMAL
2025-05-02 03:00:00+00:00,LUCKNOW_001,29.1,998.3,54.0,False,NORMAL
2025-05-02 04:00:00+00:00,LUCKNOW_001,29.4,998.5,53.0,False,NORMAL
2025-05-02 05:00:00+00:00,LUCKNOW_001,31.1,998.4,49.0,False,NORMAL
2025-05-02 06:00:00+00:00,LUCKNOW_001,32.5,997.8,44.0,False,NORMAL
2025-05-02 07:00:00+00:00,LUCKNOW_001,32.5,996.5,44.0,False,NORMAL
2025-05-02 08:00:00+00:00,LUCKNOW_001,33.6,995.2,41.0,False,NORMAL
2025-05-02 09:00:00+00:00,LUCKNOW_001,33.9,993.4,40.0,False,NORMAL
2025-05-02 10:00:00+00:00,LUCKNOW_001,34.0,992.8,42.0,False,NORMAL
2025-05-02 11:00:00+00:00,LUCKNOW_001,34.1,991.6,41.0,False,NORMAL
2025-05-02 12:00:00+00:00,LUCKNOW_001,33.9,991.6,41.0,False,NORMAL
2025-05-02 13:00:00+00:00,LUCKNOW_001,34.1,991.8,39.0,False,NORMAL
2025-05-02 14:00:00+00:00,LUCKNOW_001,32.1,991.9,48.0,False,NORMAL
2025-05-02 15:00:00+00:00,LUCKNOW_001,29.9,992.7,52.0,False,NORMAL
2025-05-02 16:00:00+00:00,LUCKNOW_001,29.4,993.1,54.0,False,NORMAL
2025-05-02 17:00:00+00:00,LUCKNOW_001,28.8,993.0,55.0,False,NORMAL
2025-05-02 18:00:00+00:00,LUCKNOW_001,28.5,993.0,56.0,False,NORMAL
2025-05-02 19:00:00+00:00,LUCKNOW_001,28.4,992.4,56.0,False,NORMAL
2025-05-02 20:00:00+00:00,LUCKNOW_001,27.8,992.3,59.0,False,NORMAL
2025-05-02 21:00:00+00:00,LUCKNOW_001,27.4,992.2,59.0,False,NORMAL
2025-05-02 22:00:00+00:00,LUCKNOW_001,26.7,992.2,59.0,False,NORMAL
2025-05-02 23:00:00+00:00,LUCKNOW_001,26.7,992.6,59.0,False,NORMAL
2025-05-03 00:00:00+00:00,LUCKNOW_001,28.9,993.3,54.0,False,NORMAL
2025-05-03 01:00:00+00:00,LUCKNOW_001,28.6,994.1,56.0,False,NORMAL
2025-05-03 02:00:00+00:00,LUCKNOW_001,29.7,994.5,55.0,False,NORMAL
2025-05-03 03:00:00+00:00,LUCKNOW_001,30.5,994.7,53.0,False,NORMAL
2025-05-03 04:00:00+00:00,LUCKNOW_001,30.7,994.6,52.0,False,NORMAL
2025-05-03 05:00:00+00:00,LUCKNOW_001,33.3,994.4,46.0,False,NORMAL
2025-05-03 06:00:00+00:00,LUCKNOW_001,35.3,994.3,37.0,False,NORMAL
2025-05-03 07:00:00+00:00,LUCKNOW_001,35.6,993.4,37.0,False,NORMAL
2025-05-03 08:00:00+00:00,LUCKNOW_001,36.1,992.5,35.0,False,NORMAL
2025-05-03 09:00:00+00:00,LUCKNOW_001,36.5,991.7,34.0,False,NORMAL
2025-05-03 10:00:00+00:00,LUCKNOW_001,36.3,989.3,34.0,False,NORMAL
2025-05-03 11:00:00+00:00,LUCKNOW_001,36.9,988.3,33.0,False,NORMAL
2025-05-03 12:00:00+00:00,LUCKNOW_001,36.9,988.2,32.0,False,NORMAL
2025-05-03 13:00:00+00:00,LUCKNOW_001,36.5,989.1,31.0,False,NORMAL
2025-05-03 14:00:00+00:00,LUCKNOW_001,34.4,989.7,38.0,False,NORMAL
2025-05-03 15:00:00+00:00,LUCKNOW_001,31.3,990.4,47.0,False,NORMAL
2025-05-03 16:00:00+00:00,LUCKNOW_001,31.1,991.1,47.0,False,NORMAL
2025-05-03 17:00:00+00:00,LUCKNOW_001,29.4,991.3,49.0,False,NORMAL
2025-05-03 18:00:00+00:00,LUCKNOW_001,28.7,991.4,52.0,False,NORMAL
2025-05-03 19:00:00+00:00,LUCKNOW_001,28.5,991.1,53.0,False,NORMAL
2025-05-03 20:00:00+00:00,LUCKNOW_001,27.7,990.4,55.0,False,NORMAL
2025-05-03 21:00:00+00:00,LUCKNOW_001,27.5,990.1,58.0,False,NORMAL
2025-05-03 22:00:00+00:00,LUCKNOW_001,26.2,988.9,62.0,False,NORMAL
2025-05-03 23:00:00+00:00,LUCKNOW_001,26.3,989.1,61.0,False,NORMAL
2025-05-04 00:00:00+00:00,LUCKNOW_001,27.4,989.3,59.0,False,NORMAL
2025-05-04 01:00:00+00:00,LUCKNOW_001,27.9,990.3,57.0,False,NORMAL
2025-05-04 02:00:00+00:00,LUCKNOW_001,30.2,991.4,50.0,False,NORMAL
2025-05-04 03:00:00+00:00,LUCKNOW_001,31.3,993.1,48.0,False,NORMAL
2025-05-04 04:00:00+00:00,LUCKNOW_001,30.9,993.7,50.0,False,NORMAL
2025-05-04 05:00:00+00:00,LUCKNOW_001,32.2,993.8,46.0,False,NORMAL
2025-05-04 06:00:00+00:00,LUCKNOW_001,34.1,993.0,40.0,False,NORMAL
2025-05-04 07:00:00+00:00,LUCKNOW_001,35.3,992.3,37.0,False,NORMAL
2025-05-04 08:00:00+00:00,LUCKNOW_001,37.1,991.5,33.0,False,NORMAL
2025-05-04 09:00:00+00:00,LUCKNOW_001,36.8,990.1,34.0,False,NORMAL
2025-05-04 10:00:00+00:00,LUCKNOW_001,35.2,989.4,36.0,False,NORMAL
2025-05-04 11:00:00+00:00,LUCKNOW_001,35.2,988.7,37.0,False,NORMAL
2025-05-04 12:00:00+00:00,LUCKNOW_001,35.5,988.8,35.0,False,NORMAL
2025-05-04 13:00:00+00:00,LUCKNOW_001,36.2,989.3,33.0,False,NORMAL
2025-05-04 14:00:00+00:00,LUCKNOW_001,32.8,989.7,43.0,False,NORMAL
2025-05-04 15:00:00+00:00,LUCKNOW_001,31.0,990.6,45.0,False,NORMAL
2025-05-04 16:00:00+00:00,LUCKNOW_001,30.3,991.2,46.0,False,NORMAL
2025-05-04 17:00:00+00:00,LUCKNOW_001,29.4,991.7,48.0,False,NORMAL
2025-05-04 18:00:00+00:00,LUCKNOW_001,29.2,991.6,48.0,False,NORMAL
2025-05-04 19:00:00+00:00,LUCKNOW_001,28.5,991.5,51.0,False,NORMAL
2025-05-04 20:00:00+00:00,LUCKNOW_001,27.7,991.0,53.0,False,NORMAL
2025-05-04 21:00:00+00:00,LUCKNOW_001,27.5,991.2,53.0,False,NORMAL
2025-05-04 22:00:00+00:00,LUCKNOW_001,26.1,991.5,63.0,False,NORMAL
2025-05-04 23:00:00+00:00,LUCKNOW_001,26.0,991.8,64.0,False,NORMAL
2025-05-05 00:00:00+00:00,LUCKNOW_001,26.3,992.2,64.0,False,NORMAL
2025-05-05 01:00:00+00:00,LUCKNOW_001,26.7,992.8,61.0,False,NORMAL
2025-05-05 02:00:00+00:00,LUCKNOW_001,28.3,993.5,57.0,False,NORMAL
2025-05-05 03:00:00+00:00,LUCKNOW_001,29.0,993.8,57.0,False,NORMAL
2025-05-05 04:00:00+00:00,LUCKNOW_001,29.1,993.6,57.0,False,NORMAL
2025-05-05 05:00:00+00:00,LUCKNOW_001,31.9,993.7,51.0,False,NORMAL
2025-05-05 06:00:00+00:00,LUCKNOW_001,34.0,993.4,43.0,False,NORMAL
2025-05-05 07:00:00+00:00,LUCKNOW_001,33.7,992.7,42.0,False,NORMAL
2025-05-05 08:00:00+00:00,LUCKNOW_001,33.9,991.7,42.0,False,NORMAL
2025-05-05 09:00:00+00:00,LUCKNOW_001,33.7,990.3,44.0,False,NORMAL
2025-05-05 10:00:00+00:00,LUCKNOW_001,33.1,990.3,45.0,False,NORMAL
2025-05-05 11:00:00+00:00,LUCKNOW_001,33.2,989.9,43.0,False,NORMAL
2025-05-05 12:00:00+00:00,LUCKNOW_001,33.0,990.1,42.0,False,NORMAL
2025-05-05 13:00:00+00:00,LUCKNOW_001,32.0,990.7,48.0,False,NORMAL
2025-05-05 14:00:00+00:00,LUCKNOW_001,30.8,991.3,49.0,False,NORMAL
2025-05-05 15:00:00+00:00,LUCKNOW_001,27.5,992.2,62.0,False,NORMAL
2025-05-05 16:00:00+00:00,LUCKNOW_001,25.9,992.5,73.0,False,NORMAL
2025-05-05 17:00:00+00:00,LUCKNOW_001,25.3,992.6,78.0,False,NORMAL
2025-05-05 18:00:00+00:00,LUCKNOW_001,25.4,992.2,78.0,False,NORMAL
2025-05-05 19:00:00+00:00,LUCKNOW_001,25.1,991.9,79.0,False,NORMAL
2025-05-05 20:00:00+00:00,LUCKNOW_001,24.5,991.8,81.0,False,NORMAL
2025-05-05 21:00:00+00:00,LUCKNOW_001,24.7,991.8,80.0,False,NORMAL
2025-05-05 22:00:00+00:00,LUCKNOW_001,24.5,992.5,77.0,False,NORMAL
2025-05-05 23:00:00+00:00,LUCKNOW_001,24.3,993.2,77.0,False,NORMAL
2025-05-06 00:00:00+00:00,LUCKNOW_001,25.3,994.0,73.0,False,NORMAL
2025-05-06 01:00:00+00:00,LUCKNOW_001,25.5,994.7,71.0,False,NORMAL
2025-05-06 02:00:00+00:00,LUCKNOW_001,26.2,995.2,69.0,False,NORMAL
2025-05-06 03:00:00+00:00,LUCKNOW_001,26.3,995.5,69.0,False,NORMAL
2025-05-06 04:00:00+00:00,LUCKNOW_001,27.1,995.5,67.0,False,NORMAL
2025-05-06 05:00:00+00:00,LUCKNOW_001,30.1,995.3,56.0,False,NORMAL
2025-05-06 06:00:00+00:00,LUCKNOW_001,32.6,994.9,47.0,False,NORMAL
2025-05-06 07:00:00+00:00,LUCKNOW_001,33.0,994.4,46.0,False,NORMAL
2025-05-06 08:00:00+00:00,LUCKNOW_001,34.7,993.2,41.0,False,NORMAL
2025-05-06 09:00:00+00:00,LUCKNOW_001,35.0,991.7,40.0,False,NORMAL
2025-05-06 10:00:00+00:00,LUCKNOW_001,33.6,991.6,44.0,False,NORMAL
2025-05-06 11:00:00+00:00,LUCKNOW_001,33.8,990.4,44.0,False,NORMAL
2025-05-06 12:00:00+00:00,LUCKNOW_001,33.8,990.2,43.0,False,NORMAL
2025-05-06 13:00:00+00:00,LUCKNOW_001,33.5,990.6,43.0,False,NORMAL
2025-05-06 14:00:00+00:00,LUCKNOW_001,32.0,991.1,48.0,False,NORMAL
2025-05-06 15:00:00+00:00,LUCKNOW_001,29.4,991.5,60.0,False,NORMAL
2025-05-06 16:00:00+00:00,LUCKNOW_001,29.3,992.2,62.0,False,NORMAL
2025-05-06 17:00:00+00:00,LUCKNOW_001,28.2,992.9,65.0,False,NORMAL
2025-05-06 18:00:00+00:00,LUCKNOW_001,28.2,992.7,65.0,False,NORMAL
2025-05-06 19:00:00+00:00,LUCKNOW_001,28.1,992.4,64.0,False,NORMAL
2025-05-06 20:00:00+00:00,LUCKNOW_001,27.1,992.2,67.0,False,NORMAL
2025-05-06 21:00:00+00:00,LUCKNOW_001,26.8,992.2,69.0,False,NORMAL
2025-05-06 22:00:00+00:00,LUCKNOW_001,25.7,992.4,71.0,False,NORMAL
2025-05-06 23:00:00+00:00,LUCKNOW_001,25.7,992.5,70.0,False,NORMAL
2025-05-07 00:00:00+00:00,LUCKNOW_001,26.8,993.0,69.0,False,NORMAL
2025-05-07 01:00:00+00:00,LUCKNOW_001,26.8,993.6,69.0,False,NORMAL
2025-05-07 02:00:00+00:00,LUCKNOW_001,28.7,994.0,63.0,False,NORMAL
2025-05-07 03:00:00+00:00,LUCKNOW_001,29.2,993.9,61.0,False,NORMAL
2025-05-07 04:00:00+00:00,LUCKNOW_001,29.9,993.6,59.0,False,NORMAL
2025-05-07 05:00:00+00:00,LUCKNOW_001,32.3,993.7,49.0,False,NORMAL
2025-05-07 06:00:00+00:00,LUCKNOW_001,35.1,992.9,40.0,False,NORMAL
2025-05-07 07:00:00+00:00,LUCKNOW_001,35.5,992.1,39.0,False,NORMAL
2025-05-07 08:00:00+00:00,LUCKNOW_001,37.2,990.8,34.0,False,NORMAL
2025-05-07 09:00:00+00:00,LUCKNOW_001,37.1,989.4,34.0,False,NORMAL
2025-05-07 10:00:00+00:00,LUCKNOW_001,36.1,988.6,40.0,False,NORMAL
2025-05-07 11:00:00+00:00,LUCKNOW_001,35.9,988.0,39.0,False,NORMAL
2025-05-07 12:00:00+00:00,LUCKNOW_001,34.5,988.2,42.0,False,NORMAL
2025-05-07 13:00:00+00:00,LUCKNOW_001,35.1,988.7,38.0,False,NORMAL
2025-05-07 14:00:00+00:00,LUCKNOW_001,33.5,989.1,41.0,False,NORMAL
2025-05-07 15:00:00+00:00,LUCKNOW_001,32.3,990.1,45.0,False,NORMAL
2025-05-07 16:00:00+00:00,LUCKNOW_001,31.8,990.6,47.0,False,NORMAL
2025-05-07 17:00:00+00:00,LUCKNOW_001,29.3,990.6,55.0,False,NORMAL
2025-05-07 18:00:00+00:00,LUCKNOW_001,28.9,990.8,58.0,False,NORMAL
2025-05-07 19:00:00+00:00,LUCKNOW_001,28.1,990.6,61.0,False,NORMAL
2025-05-07 20:00:00+00:00,LUCKNOW_001,27.5,990.2,63.0,False,NORMAL
2025-05-07 21:00:00+00:00,LUCKNOW_001,27.7,990.5,63.0,False,NORMAL
2025-05-07 22:00:00+00:00,LUCKNOW_001,26.5,991.3,67.0,False,NORMAL
2025-05-07 23:00:00+00:00,LUCKNOW_001,26.0,991.5,68.0,False,NORMAL
2025-05-08 00:00:00+00:00,LUCKNOW_001,27.3,991.6,64.0,False,NORMAL
2025-05-08 01:00:00+00:00,LUCKNOW_001,27.5,992.3,65.0,False,NORMAL
2025-05-08 02:00:00+00:00,LUCKNOW_001,29.3,993.1,56.0,False,NORMAL
2025-05-08 03:00:00+00:00,LUCKNOW_001,29.5,993.4,54.0,False,NORMAL
2025-05-08 04:00:00+00:00,LUCKNOW_001,30.1,993.5,52.0,False,NORMAL
2025-05-08 05:00:00+00:00,LUCKNOW_001,33.1,993.6,45.0,False,NORMAL
2025-05-08 06:00:00+00:00,LUCKNOW_001,35.6,993.2,37.0,False,NORMAL
2025-05-08 07:00:00+00:00,LUCKNOW_001,36.0,992.5,34.0,False,NORMAL
2025-05-08 08:00:00+00:00,LUCKNOW_001,38.0,992.0,29.0,False,NORMAL
2025-05-08 09:00:00+00:00,LUCKNOW_001,38.2,991.0,28.0,False,NORMAL
2025-05-08 10:00:00+00:00,LUCKNOW_001,36.4,990.0,34.0,False,NORMAL
2025-05-08 11:00:00+00:00,LUCKNOW_001,36.2,990.1,33.0,False,NORMAL
2025-05-08 12:00:00+00:00,LUCKNOW_001,35.4,989.7,35.0,False,NORMAL
2025-05-08 13:00:00+00:00,LUCKNOW_001,35.6,990.4,34.0,False,NORMAL
2025-05-08 14:00:00+00:00,LUCKNOW_001,33.7,990.7,44.0,False,NORMAL
2025-05-08 15:00:00+00:00,LUCKNOW_001,32.3,991.7,43.0,False,NORMAL
2025-05-08 16:00:00+00:00,LUCKNOW_001,31.8,992.5,45.0,False,NORMAL
2025-05-08 17:00:00+00:00,LUCKNOW_001,31.1,992.9,47.0,False,NORMAL
2025-05-08 18:00:00+00:00,LUCKNOW_001,30.5,993.1,50.0,False,NORMAL
2025-05-08 19:00:00+00:00,LUCKNOW_001,28.4,992.5,56.0,False,NORMAL
2025-05-08 20:00:00+00:00,LUCKNOW_001,28.4,992.4,54.0,False,NORMAL
2025-05-08 21:00:00+00:00,LUCKNOW_001,27.7,992.1,55.0,False,NORMAL
2025-05-08 22:00:00+00:00,LUCKNOW_001,26.5,992.7,65.0,False,NORMAL
2025-05-08 23:00:00+00:00,LUCKNOW_001,26.1,992.2,67.0,False,NORMAL
2025-05-09 00:00:00+00:00,LUCKNOW_001,27.3,993.0,64.0,False,NORMAL
2025-05-09 01:00:00+00:00,LUCKNOW_001,28.4,993.9,59.0,False,NORMAL
2025-05-09 02:00:00+00:00,LUCKNOW_001,30.5,994.6,54.0,False,NORMAL
2025-05-09 03:00:00+00:00,LUCKNOW_001,32.2,995.4,47.0,False,NORMAL
2025-05-09 04:00:00+00:00,LUCKNOW_001,32.7,995.3,45.0,False,NORMAL
2025-05-09 05:00:00+00:00,LUCKNOW_001,35.3,995.3,37.0,False,NORMAL
2025-05-09 06:00:00+00:00,LUCKNOW_001,37.5,994.9,32.0,False,NORMAL
2025-05-09 07:00:00+00:00,LUCKNOW_001,37.8,994.2,32.0,False,NORMAL
2025-05-09 08:00:00+00:00,LUCKNOW_001,39.8,993.2,27.0,False,NORMAL
2025-05-09 09:00:00+00:00,LUCKNOW_001,40.1,992.4,26.0,False,NORMAL
2025-05-09 10:00:00+00:00,LUCKNOW_001,37.7,991.8,31.0,False,NORMAL
2025-05-09 11:00:00+00:00,LUCKNOW_001,37.8,991.1,28.0,False,NORMAL
2025-05-09 12:00:00+00:00,LUCKNOW_001,37.7,990.3,29.0,False,NORMAL
2025-05-09 13:00:00+00:00,LUCKNOW_001,36.9,990.5,31.0,False,NORMAL
2025-05-09 14:00:00+00:00,LUCKNOW_001,34.6,991.0,38.0,False,NORMAL
2025-05-09 15:00:00+00:00,LUCKNOW_001,32.4,991.9,43.0,False,NORMAL
2025-05-09 16:00:00+00:00,LUCKNOW_001,32.0,992.5,45.0,False,NORMAL
2025-05-09 17:00:00+00:00,LUCKNOW_001,30.4,992.8,50.0,False,NORMAL
2025-05-09 18:00:00+00:00,LUCKNOW_001,30.3,993.0,51.0,False,NORMAL
2025-05-09 19:00:00+00:00,LUCKNOW_001,30.3,992.8,53.0,False,NORMAL
2025-05-09 20:00:00+00:00,LUCKNOW_001,28.7,992.3,57.0,False,NORMAL
2025-05-09 21:00:00+00:00,LUCKNOW_001,28.7,991.9,58.0,False,NORMAL
2025-05-09 22:00:00+00:00,LUCKNOW_001,27.8,991.7,64.0,False,NORMAL
2025-05-09 23:00:00+00:00,LUCKNOW_001,28.0,992.5,64.0,False,NORMAL
2025-05-10 00:00:00+00:00,LUCKNOW_001,30.0,992.5,58.0,False,NORMAL
2025-05-10 01:00:00+00:00,LUCKNOW_001,30.0,993.8,58.0,False,NORMAL
2025-05-10 02:00:00+00:00,LUCKNOW_001,32.4,994.1,51.0,False,NORMAL
2025-05-10 03:00:00+00:00,LUCKNOW_001,32.9,994.3,50.0,False,NORMAL
2025-05-10 04:00:00+00:00,LUCKNOW_001,33.1,994.4,47.0,False,NORMAL
2025-05-10 05:00:00+00:00,LUCKNOW_001,35.7,994.2,40.0,False,NORMAL
2025-05-10 06:00:00+00:00,LUCKNOW_001,38.1,993.9,35.0,False,NORMAL
2025-05-10 07:00:00+00:00,LUCKNOW_001,38.4,993.1,34.0,False,NORMAL
2025-05-10 08:00:00+00:00,LUCKNOW_001,39.5,992.2,30.0,False,NORMAL
2025-05-10 09:00:00+00:00,LUCKNOW_001,39.3,991.0,30.0,False,NORMAL
2025-05-10 10:00:00+00:00,LUCKNOW_001,38.3,989.9,32.0,False,NORMAL
2025-05-10 11:00:00+00:00,LUCKNOW_001,38.5,989.0,31.0,False,NORMAL
2025-05-10 12:00:00+00:00,LUCKNOW_001,39.1,988.7,30.0,False,NORMAL
2025-05-10 13:00:00+00:00,LUCKNOW_001,38.7,989.5,28.0,False,NORMAL
2025-05-10 14:00:00+00:00,LUCKNOW_001,36.8,990.2,35.0,False,NORMAL
2025-05-10 15:00:00+00:00,LUCKNOW_001,33.9,991.2,43.0,False,NORMAL
2025-05-10 16:00:00+00:00,LUCKNOW_001,33.4,991.6,44.0,False,NORMAL
2025-05-10 17:00:00+00:00,LUCKNOW_001,31.7,991.5,49.0,False,NORMAL
2025-05-10 18:00:00+00:00,LUCKNOW_001,31.3,991.4,51.0,False,NORMAL
2025-05-10 19:00:00+00:00,LUCKNOW_001,30.7,991.1,55.0,False,NORMAL
2025-05-10 20:00:00+00:00,LUCKNOW_001,30.6,990.8,55.0,False,NORMAL
2025-05-10 21:00:00+00:00,LUCKNOW_001,29.9,990.4,58.0,False,NORMAL
2025-05-10 22:00:00+00:00,LUCKNOW_001,28.8,990.3,61.0,False,NORMAL
2025-05-10 23:00:00+00:00,LUCKNOW_001,28.7,990.5,63.0,False,NORMAL
2025-05-11 00:00:00+00:00,LUCKNOW_001,30.6,990.7,60.0,False,NORMAL
2025-05-11 01:00:00+00:00,LUCKNOW_001,31.0,991.6,57.0,False,NORMAL
2025-05-11 02:00:00+00:00,LUCKNOW_001,33.4,991.9,49.0,False,NORMAL
2025-05-11 03:00:00+00:00,LUCKNOW_001,34.1,992.2,48.0,False,NORMAL
2025-05-11 04:00:00+00:00,LUCKNOW_001,34.4,992.1,46.0,False,NORMAL
2025-05-11 05:00:00+00:00,LUCKNOW_001,36.6,992.0,40.0,False,NORMAL
2025-05-11 06:00:00+00:00,LUCKNOW_001,39.7,991.5,31.0,False,NORMAL
2025-05-11 07:00:00+00:00,LUCKNOW_001,39.7,990.6,31.0,False,NORMAL
2025-05-11 08:00:00+00:00,LUCKNOW_001,39.5,989.6,32.0,False,NORMAL
2025-05-11 09:00:00+00:00,LUCKNOW_001,39.4,988.3,33.0,False,NORMAL
2025-05-11 10:00:00+00:00,LUCKNOW_001,37.8,986.8,37.0,False,NORMAL
2025-05-11 11:00:00+00:00,LUCKNOW_001,35.8,987.0,43.0,False,NORMAL
2025-05-11 12:00:00+00:00,LUCKNOW_001,35.5,986.8,42.0,False,NORMAL
2025-05-11 13:00:00+00:00,LUCKNOW_001,35.0,987.5,44.0,False,NORMAL
2025-05-11 14:00:00+00:00,LUCKNOW_001,33.3,987.8,49.0,False,NORMAL
2025-05-11 15:00:00+00:00,LUCKNOW_001,30.5,988.9,58.0,False,NORMAL
2025-05-11 16:00:00+00:00,LUCKNOW_001,30.8,989.5,54.0,False,NORMAL
2025-05-11 17:00:00+00:00,LUCKNOW_001,29.6,989.9,58.0,False,NORMAL
2025-05-11 18:00:00+00:00,LUCKNOW_001,29.3,990.0,60.0,False,NORMAL
2025-05-11 19:00:00+00:00,LUCKNOW_001,29.3,989.9,60.0,False,NORMAL
2025-05-11 20:00:00+00:00,LUCKNOW_001,28.8,989.5,64.0,False,NORMAL
2025-05-11 21:00:00+00:00,LUCKNOW_001,28.5,989.3,63.0,False,NORMAL
2025-05-11 22:00:00+00:00,LUCKNOW_001,27.4,988.8,65.0,False,NORMAL
2025-05-11 23:00:00+00:00,LUCKNOW_001,27.6,989.0,64.0,False,NORMAL
2025-05-12 00:00:00+00:00,LUCKNOW_001,29.1,989.1,60.0,False,NORMAL
2025-05-12 01:00:00+00:00,LUCKNOW_001,28.9,989.9,62.0,False,NORMAL
2025-05-12 02:00:00+00:00,LUCKNOW_001,31.0,990.6,57.0,False,NORMAL
2025-05-12 03:00:00+00:00,LUCKNOW_001,32.0,990.8,55.0,False,NORMAL
2025-05-12 04:00:00+00:00,LUCKNOW_001,32.3,990.7,54.0,False,NORMAL
2025-05-12 05:00:00+00:00,LUCKNOW_001,35.6,990.5,44.0,False,NORMAL
2025-05-12 06:00:00+00:00,LUCKNOW_001,38.2,990.3,35.0,False,NORMAL
2025-05-12 07:00:00+00:00,LUCKNOW_001,38.7,989.6,33.0,False,NORMAL
2025-05-12 08:00:00+00:00,LUCKNOW_001,40.6,988.7,27.0,False,NORMAL
2025-05-12 09:00:00+00:00,LUCKNOW_001,40.5,987.8,27.0,False,NORMAL
2025-05-12 10:00:00+00:00,LUCKNOW_001,39.1,987.2,29.0,False,NORMAL
2025-05-12 11:00:00+00:00,LUCKNOW_001,39.3,986.4,28.0,False,NORMAL
2025-05-12 12:00:00+00:00,LUCKNOW_001,38.6,986.4,28.0,False,NORMAL
2025-05-12 13:00:00+00:00,LUCKNOW_001,38.9,986.3,28.0,False,NORMAL
2025-05-12 14:00:00+00:00,LUCKNOW_001,37.6,986.6,32.0,False,NORMAL
2025-05-12 15:00:00+00:00,LUCKNOW_001,33.7,987.4,37.0,False,NORMAL
2025-05-12 16:00:00+00:00,LUCKNOW_001,33.1,987.9,38.0,False,NORMAL
2025-05-12 17:00:00+00:00,LUCKNOW_001,31.7,988.4,40.0,False,NORMAL
2025-05-12 18:00:00+00:00,LUCKNOW_001,31.2,988.7,43.0,False,NORMAL
2025-05-12 19:00:00+00:00,LUCKNOW_001,30.9,988.6,43.0,False,NORMAL
2025-05-12 20:00:00+00:00,LUCKNOW_001,29.8,988.4,47.0,False,NORMAL
2025-05-12 21:00:00+00:00,LUCKNOW_001,29.4,988.4,49.0,False,NORMAL
2025-05-12 22:00:00+00:00,LUCKNOW_001,27.8,988.2,56.0,False,NORMAL
2025-05-12 23:00:00+00:00,LUCKNOW_001,27.4,988.4,57.0,False,NORMAL
2025-05-13 00:00:00+00:00,LUCKNOW_001,29.2,988.9,55.0,False,NORMAL
2025-05-13 01:00:00+00:00,LUCKNOW_001,30.0,990.0,53.0,False,NORMAL
2025-05-13 02:00:00+00:00,LUCKNOW_001,33.1,991.0,45.0,False,NORMAL
2025-05-13 03:00:00+00:00,LUCKNOW_001,33.6,991.4,44.0,False,NORMAL
2025-05-13 04:00:00+00:00,LUCKNOW_001,34.2,991.4,42.0,False,NORMAL
2025-05-13 05:00:00+00:00,LUCKNOW_001,37.5,991.4,33.0,False,NORMAL
2025-05-13 06:00:00+00:00,LUCKNOW_001,39.5,991.1,29.0,False,NORMAL
2025-05-13 07:00:00+00:00,LUCKNOW_001,39.6,990.3,29.0,False,NORMAL
2025-05-13 08:00:00+00:00,LUCKNOW_001,41.6,989.5,24.0,False,NORMAL
2025-05-13 09:00:00+00:00,LUCKNOW_001,41.5,988.2,23.0,False,NORMAL
2025-05-13 10:00:00+00:00,LUCKNOW_001,40.5,987.1,25.0,False,NORMAL
2025-05-13 11:00:00+00:00,LUCKNOW_001,40.2,986.2,26.0,False,NORMAL
2025-05-13 12:00:00+00:00,LUCKNOW_001,40.2,986.1,25.0,False,NORMAL
2025-05-13 13:00:00+00:00,LUCKNOW_001,40.4,986.7,23.0,False,NORMAL
2025-05-13 14:00:00+00:00,LUCKNOW_001,38.0,987.3,29.0,False,NORMAL
2025-05-13 15:00:00+00:00,LUCKNOW_001,34.9,988.0,37.0,False,NORMAL
2025-05-13 16:00:00+00:00,LUCKNOW_001,34.4,988.5,38.0,False,NORMAL
2025-05-13 17:00:00+00:00,LUCKNOW_001,32.0,988.8,42.0,False,NORMAL
2025-05-13 18:00:00+00:00,LUCKNOW_001,32.1,988.7,41.0,False,NORMAL
2025-05-13 19:00:00+00:00,LUCKNOW_001,31.7,988.4,41.0,False,NORMAL
2025-05-13 20:00:00+00:00,LUCKNOW_001,30.5,988.7,43.0,False,NORMAL
2025-05-13 21:00:00+00:00,LUCKNOW_001,30.8,988.3,42.0,False,NORMAL
2025-05-13 22:00:00+00:00,LUCKNOW_001,29.4,988.5,46.0,False,NORMAL
2025-05-13 23:00:00+00:00,LUCKNOW_001,29.1,989.1,47.0,False,NORMAL
2025-05-14 00:00:00+00:00,LUCKNOW_001,30.0,989.2,48.0,False,NORMAL
2025-05-14 01:00:00+00:00,LUCKNOW_001,30.4,990.3,47.0,False,NORMAL
2025-05-14 02:00:00+00:00,LUCKNOW_001,31.8,990.8,45.0,False,NORMAL
2025-05-14 03:00:00+00:00,LUCKNOW_001,34.0,991.3,40.0,False,NORMAL
2025-05-14 04:00:00+00:00,LUCKNOW_001,34.4,991.3,40.0,False,NORMAL
2025-05-14 05:00:00+00:00,LUCKNOW_001,37.8,991.8,35.0,False,NORMAL
2025-05-14 06:00:00+00:00,LUCKNOW_001,39.1,991.6,30.0,False,NORMAL
2025-05-14 07:00:00+00:00,LUCKNOW_001,39.4,990.7,29.0,False,NORMAL
2025-05-14 08:00:00+00:00,LUCKNOW_001,41.0,990.1,26.0,False,NORMAL
2025-05-14 09:00:00+00:00,LUCKNOW_001,41.5,989.1,23.0,False,NORMAL
2025-05-14 10:00:00+00:00,LUCKNOW_001,40.2,988.2,27.0,False,NORMAL
2025-05-14 11:00:00+00:00,LUCKNOW_001,40.2,987.5,27.0,False,NORMAL
2025-05-14 12:00:00+00:00,LUCKNOW_001,40.4,987.1,26.0,False,NORMAL
2025-05-14 13:00:00+00:00,LUCKNOW_001,40.4,987.1,24.0,False,NORMAL
2025-05-14 14:00:00+00:00,LUCKNOW_001,37.7,987.6,30.0,False,NORMAL
2025-05-14 15:00:00+00:00,LUCKNOW_001,33.9,988.2,38.0,False,NORMAL
2025-05-14 16:00:00+00:00,LUCKNOW_001,33.3,988.9,39.0,False,NORMAL
2025-05-14 17:00:00+00:00,LUCKNOW_001,30.8,989.2,46.0,False,NORMAL
2025-05-14 18:00:00+00:00,LUCKNOW_001,30.8,989.4,47.0,False,NORMAL
2025-05-14 19:00:00+00:00,LUCKNOW_001,30.2,989.0,48.0,False,NORMAL
2025-05-14 20:00:00+00:00,LUCKNOW_001,29.4,988.8,50.0,False,NORMAL
2025-05-14 21:00:00+00:00,LUCKNOW_001,29.4,988.5,50.0,False,NORMAL
2025-05-14 22:00:00+00:00,LUCKNOW_001,28.3,988.1,53.0,False,NORMAL
2025-05-14 23:00:00+00:00,LUCKNOW_001,28.3,989.1,53.0,False,NORMAL
2025-05-15 00:00:00+00:00,LUCKNOW_001,30.1,989.3,50.0,False,NORMAL
2025-05-15 01:00:00+00:00,LUCKNOW_001,30.4,990.1,49.0,False,NORMAL
2025-05-15 02:00:00+00:00,LUCKNOW_001,33.3,990.6,42.0,False,NORMAL
2025-05-15 03:00:00+00:00,LUCKNOW_001,34.0,990.7,42.0,False,NORMAL
2025-05-15 04:00:00+00:00,LUCKNOW_001,34.5,991.0,41.0,False,NORMAL
2025-05-15 05:00:00+00:00,LUCKNOW_001,38.4,990.9,31.0,False,NORMAL
2025-05-15 06:00:00+00:00,LUCKNOW_001,40.8,990.6,26.0,False,NORMAL
2025-05-15 07:00:00+00:00,LUCKNOW_001,41.2,990.1,25.0,False,NORMAL
2025-05-15 08:00:00+00:00,LUCKNOW_001,42.2,989.4,23.0,False,NORMAL
2025-05-15 09:00:00+00:00,LUCKNOW_001,42.5,988.5,20.0,False,NORMAL
2025-05-15 10:00:00+00:00,LUCKNOW_001,41.1,987.5,25.0,False,NORMAL
2025-05-15 11:00:00+00:00,LUCKNOW_001,41.1,986.7,25.0,False,NORMAL
2025-05-15 12:00:00+00:00,LUCKNOW_001,41.3,986.4,24.0,False,NORMAL
2025-05-15 13:00:00+00:00,LUCKNOW_001,41.0,986.9,22.0,False,NORMAL
2025-05-15 14:00:00+00:00,LUCKNOW_001,37.0,987.1,28.0,False,NORMAL
2025-05-15 15:00:00+00:00,LUCKNOW_001,35.6,988.0,30.0,False,NORMAL
2025-05-15 16:00:00+00:00,LUCKNOW_001,35.1,988.7,31.0,False,NORMAL
2025-05-15 17:00:00+00:00,LUCKNOW_001,33.4,989.1,35.0,False,NORMAL
2025-05-15 18:00:00+00:00,LUCKNOW_001,32.6,989.1,38.0,False,NORMAL
2025-05-15 19:00:00+00:00,LUCKNOW_001,31.8,988.8,39.0,False,NORMAL
2025-05-15 20:00:00+00:00,LUCKNOW_001,30.3,988.5,43.0,False,NORMAL
2025-05-15 21:00:00+00:00,LUCKNOW_001,31.0,988.1,40.0,False,NORMAL
2025-05-15 22:00:00+00:00,LUCKNOW_001,28.4,988.1,51.0,False,NORMAL
2025-05-15 23:00:00+00:00,LUCKNOW_001,28.3,988.4,51.0,False,NORMAL
2025-05-16 00:00:00+00:00,LUCKNOW_001,30.4,989.3,46.0,False,NORMAL
2025-05-16 01:00:00+00:00,LUCKNOW_001,30.0,989.9,49.0,False,NORMAL
2025-05-16 02:00:00+00:00,LUCKNOW_001,32.5,990.4,46.0,False,NORMAL
2025-05-16 03:00:00+00:00,LUCKNOW_001,32.9,990.4,47.0,False,NORMAL
2025-05-16 04:00:00+00:00,LUCKNOW_001,33.5,990.1,44.0,False,NORMAL
2025-05-16 05:00:00+00:00,LUCKNOW_001,36.8,990.3,36.0,False,NORMAL
2025-05-16 06:00:00+00:00,LUCKNOW_001,39.2,990.0,31.0,False,NORMAL
2025-05-16 07:00:00+00:00,LUCKNOW_001,40.1,989.5,31.0,False,NORMAL
2025-05-16 08:00:00+00:00,LUCKNOW_001,41.5,988.7,26.0,False,NORMAL
2025-05-16 09:00:00+00:00,LUCKNOW_001,41.6,988.0,25.0,False,NORMAL
2025-05-16 10:00:00+00:00,LUCKNOW_001,40.1,987.5,30.0,False,NORMAL
2025-05-16 11:00:00+00:00,LUCKNOW_001,40.2,986.4,29.0,False,NORMAL
2025-05-16 12:00:00+00:00,LUCKNOW_001,40.1,986.1,26.0,False,NORMAL
2025-05-16 13:00:00+00:00,LUCKNOW_001,39.2,986.1,26.0,False,NORMAL
2025-05-16 14:00:00+00:00,LUCKNOW_001,37.0,987.1,33.0,False,NORMAL
2025-05-16 15:00:00+00:00,LUCKNOW_001,35.1,987.6,32.0,False,NORMAL
2025-05-16 16:00:00+00:00,LUCKNOW_001,35.2,988.6,32.0,False,NORMAL
2025-05-16 17:00:00+00:00,LUCKNOW_001,32.2,988.9,44.0,False,NORMAL
2025-05-16 18:00:00+00:00,LUCKNOW_001,31.5,989.1,48.0,False,NORMAL
2025-05-16 19:00:00+00:00,LUCKNOW_001,31.1,988.9,49.0,False,NORMAL
2025-05-16 20:00:00+00:00,LUCKNOW_001,30.7,988.6,52.0,False,NORMAL
2025-05-16 21:00:00+00:00,LUCKNOW_001,30.5,988.1,51.0,False,NORMAL
2025-05-16 22:00:00+00:00,LUCKNOW_001,29.6,988.0,69.0,False,NORMAL
2025-05-16 23:00:00+00:00,LUCKNOW_001,29.1,988.1,71.0,False,NORMAL
2025-05-17 00:00:00+00:00,LUCKNOW_001,29.6,988.8,71.0,False,NORMAL
2025-05-17 01:00:00+00:00,LUCKNOW_001,29.5,990.0,72.0,False,NORMAL
2025-05-17 02:00:00+00:00,LUCKNOW_001,31.0,990.6,67.0,False,NORMAL
2025-05-17 03:00:00+00:00,LUCKNOW_001,31.4,991.2,65.0,False,NORMAL
2025-05-17 04:00:00+00:00,LUCKNOW_001,31.6,991.2,63.0,False,NORMAL
2025-05-17 05:00:00+00:00,LUCKNOW_001,34.3,990.8,55.0,False,NORMAL
2025-05-17 06:00:00+00:00,LUCKNOW_001,36.3,991.0,46.0,False,NORMAL
2025-05-17 07:00:00+00:00,LUCKNOW_001,36.9,990.3,43.0,False,NORMAL
2025-05-17 08:00:00+00:00,LUCKNOW_001,39.8,989.5,34.0,False,NORMAL
2025-05-17 09:00:00+00:00,LUCKNOW_001,40.5,988.5,31.0,False,NORMAL
2025-05-17 10:00:00+00:00,LUCKNOW_001,38.6,987.3,36.0,False,NORMAL
2025-05-17 11:00:00+00:00,LUCKNOW_001,39.0,986.7,31.0,False,NORMAL
2025-05-17 12:00:00+00:00,LUCKNOW_001,38.6,987.2,31.0,False,NORMAL
2025-05-17 13:00:00+00:00,LUCKNOW_001,38.9,987.5,30.0,False,NORMAL
2025-05-17 14:00:00+00:00,LUCKNOW_001,37.5,987.7,35.0,False,NORMAL
2025-05-17 15:00:00+00:00,LUCKNOW_001,33.8,988.3,46.0,False,NORMAL
2025-05-17 16:00:00+00:00,LUCKNOW_001,33.0,989.1,51.0,False,NORMAL
2025-05-17 17:00:00+00:00,LUCKNOW_001,31.0,989.2,59.0,False,NORMAL
2025-05-17 18:00:00+00:00,LUCKNOW_001,30.8,989.1,62.0,False,NORMAL
2025-05-17 19:00:00+00:00,LUCKNOW_001,30.4,988.9,64.0,False,NORMAL
2025-05-17 20:00:00+00:00,LUCKNOW_001,29.6,988.8,67.0,False,NORMAL
2025-05-17 21:00:00+00:00,LUCKNOW_001,29.8,988.6,66.0,False,NORMAL
2025-05-17 22:00:00+00:00,LUCKNOW_001,30.2,989.3,60.0,False,NORMAL
2025-05-17 23:00:00+00:00,LUCKNOW_001,30.0,989.4,61.0,False,NORMAL
2025-05-18 00:00:00+00:00,LUCKNOW_001,30.8,990.6,66.0,False,NORMAL
2025-05-18 01:00:00+00:00,LUCKNOW_001,30.6,991.1,67.0,False,NORMAL
2025-05-18 02:00:00+00:00,LUCKNOW_001,31.0,991.7,67.0,False,NORMAL
2025-05-18 03:00:00+00:00,LUCKNOW_001,30.9,992.1,65.0,False,NORMAL
2025-05-18 04:00:00+00:00,LUCKNOW_001,31.1,991.9,64.0,False,NORMAL
2025-05-18 05:00:00+00:00,LUCKNOW_001,34.0,991.7,55.0,False,NORMAL
2025-05-18 06:00:00+00:00,LUCKNOW_001,36.3,991.5,48.0,False,NORMAL
2025-05-18 07:00:00+00:00,LUCKNOW_001,36.7,991.0,46.0,False,NORMAL
2025-05-18 08:00:00+00:00,LUCKNOW_001,38.5,989.7,41.0,False,NORMAL
2025-05-18 09:00:00+00:00,LUCKNOW_001,39.3,988.6,38.0,False,NORMAL
2025-05-18 10:00:00+00:00,LUCKNOW_001,37.8,987.4,42.0,False,NORMAL
2025-05-18 11:00:00+00:00,LUCKNOW_001,38.1,986.4,41.0,False,NORMAL
2025-05-18 12:00:00+00:00,LUCKNOW_001,38.3,986.4,39.0,False,NORMAL
2025-05-18 13:00:00+00:00,LUCKNOW_001,38.3,986.6,40.0,False,NORMAL
2025-05-18 14:00:00+00:00,LUCKNOW_001,37.4,987.4,43.0,False,NORMAL
2025-05-18 15:00:00+00:00,LUCKNOW_001,34.3,988.2,51.0,False,NORMAL
2025-05-18 16:00:00+00:00,LUCKNOW_001,33.8,989.2,53.0,False,NORMAL
2025-05-18 17:00:00+00:00,LUCKNOW_001,32.1,989.6,59.0,False,NORMAL
2025-05-18 18:00:00+00:00,LUCKNOW_001,31.7,989.8,60.0,False,NORMAL
2025-05-18 19:00:00+00:00,LUCKNOW_001,31.2,989.3,61.0,False,NORMAL
2025-05-18 20:00:00+00:00,LUCKNOW_001,30.3,989.0,63.0,False,NORMAL
2025-05-18 21:00:00+00:00,LUCKNOW_001,30.3,989.1,64.0,False,NORMAL
2025-05-18 22:00:00+00:00,LUCKNOW_001,29.1,989.1,68.0,False,NORMAL
2025-05-18 23:00:00+00:00,LUCKNOW_001,28.6,989.3,71.0,False,NORMAL
2025-05-19 00:00:00+00:00,LUCKNOW_001,29.1,989.5,72.0,False,NORMAL
2025-05-19 01:00:00+00:00,LUCKNOW_001,28.9,990.2,71.0,False,NORMAL
2025-05-19 02:00:00+00:00,LUCKNOW_001,29.9,991.0,66.0,False,NORMAL
2025-05-19 03:00:00+00:00,LUCKNOW_001,30.1,991.6,65.0,False,NORMAL
2025-05-19 04:00:00+00:00,LUCKNOW_001,30.6,991.6,63.0,False,NORMAL
2025-05-19 05:00:00+00:00,LUCKNOW_001,32.9,991.3,57.0,False,NORMAL
2025-05-19 06:00:00+00:00,LUCKNOW_001,35.5,991.0,50.0,False,NORMAL
2025-05-19 07:00:00+00:00,LUCKNOW_001,35.9,990.3,49.0,False,NORMAL
2025-05-19 08:00:00+00:00,LUCKNOW_001,37.3,989.7,46.0,False,NORMAL
2025-05-19 09:00:00+00:00,LUCKNOW_001,38.0,988.3,44.0,False,NORMAL
2025-05-19 10:00:00+00:00,LUCKNOW_001,36.2,987.2,48.0,False,NORMAL
2025-05-19 11:00:00+00:00,LUCKNOW_001,36.4,986.6,47.0,False,NORMAL
2025-05-19 12:00:00+00:00,LUCKNOW_001,36.2,986.5,48.0,False,NORMAL
2025-05-19 13:00:00+00:00,LUCKNOW_001,36.3,986.8,46.0,False,NORMAL
2025-05-19 14:00:00+00:00,LUCKNOW_001,35.1,987.8,50.0,False,NORMAL
2025-05-19 15:00:00+00:00,LUCKNOW_001,32.9,988.6,55.0,False,NORMAL
2025-05-19 16:00:00+00:00,LUCKNOW_001,32.5,989.6,56.0,False,NORMAL
2025-05-19 17:00:00+00:00,LUCKNOW_001,30.6,989.8,61.0,False,NORMAL
2025-05-19 18:00:00+00:00,LUCKNOW_001,30.3,989.6,62.0,False,NORMAL
2025-05-19 19:00:00+00:00,LUCKNOW_001,29.8,989.1,65.0,False,NORMAL
2025-05-19 20:00:00+00:00,LUCKNOW_001,29.1,989.1,66.0,False,NORMAL
2025-05-19 21:00:00+00:00,LUCKNOW_001,29.0,988.7,67.0,False,NORMAL
2025-05-19 22:00:00+00:00,LUCKNOW_001,27.3,988.8,73.0,False,NORMAL
2025-05-19 23:00:00+00:00,LUCKNOW_001,27.3,988.6,75.0,False,NORMAL
2025-05-20 00:00:00+00:00,LUCKNOW_001,28.2,988.7,74.0,False,NORMAL
2025-05-20 01:00:00+00:00,LUCKNOW_001,28.4,989.8,75.0,False,NORMAL
2025-05-20 02:00:00+00:00,LUCKNOW_001,29.6,990.7,72.0,False,NORMAL
2025-05-20 03:00:00+00:00,LUCKNOW_001,29.6,989.9,71.0,False,NORMAL
2025-05-20 04:00:00+00:00,LUCKNOW_001,30.0,989.1,70.0,False,NORMAL
2025-05-20 05:00:00+00:00,LUCKNOW_001,32.8,988.9,62.0,False,NORMAL
2025-05-20 06:00:00+00:00,LUCKNOW_001,35.6,988.6,54.0,False,NORMAL
2025-05-20 07:00:00+00:00,LUCKNOW_001,36.2,988.1,52.0,False,NORMAL
2025-05-20 08:00:00+00:00,LUCKNOW_001,38.6,987.2,45.0,False,NORMAL
2025-05-20 09:00:00+00:00,LUCKNOW_001,39.3,986.5,43.0,False,NORMAL
2025-05-20 10:00:00+00:00,LUCKNOW_001,38.3,985.9,45.0,False,NORMAL
2025-05-20 11:00:00+00:00,LUCKNOW_001,38.6,985.0,44.0,False,NORMAL
2025-05-20 12:00:00+00:00,LUCKNOW_001,38.8,984.7,43.0,False,NORMAL
2025-05-20 13:00:00+00:00,LUCKNOW_001,38.5,984.9,48.0,False,NORMAL
2025-05-20 14:00:00+00:00,LUCKNOW_001,37.7,985.6,46.0,False,NORMAL
2025-05-20 15:00:00+00:00,LUCKNOW_001,35.7,986.5,50.0,False,NORMAL
2025-05-20 16:00:00+00:00,LUCKNOW_001,34.6,987.0,56.0,False,NORMAL
2025-05-20 17:00:00+00:00,LUCKNOW_001,32.8,987.4,62.0,False,NORMAL
2025-05-20 18:00:00+00:00,LUCKNOW_001,32.4,987.3,63.0,False,NORMAL
2025-05-20 19:00:00+00:00,LUCKNOW_001,32.0,987.2,64.0,False,NORMAL
2025-05-20 20:00:00+00:00,LUCKNOW_001,30.6,987.1,69.0,False,NORMAL
2025-05-20 21:00:00+00:00,LUCKNOW_001,29.7,987.6,72.0,False,NORMAL
2025-05-20 22:00:00+00:00,LUCKNOW_001,29.5,987.7,73.0,False,NORMAL
2025-05-20 23:00:00+00:00,LUCKNOW_001,29.3,987.6,75.0,False,NORMAL
2025-05-21 00:00:00+00:00,LUCKNOW_001,30.2,988.1,73.0,False,NORMAL
2025-05-21 01:00:00+00:00,LUCKNOW_001,29.7,988.9,74.0,False,NORMAL
2025-05-21 02:00:00+00:00,LUCKNOW_001,29.4,990.0,75.0,False,NORMAL
2025-05-21 03:00:00+00:00,LUCKNOW_001,29.9,990.3,73.0,False,NORMAL
2025-05-21 04:00:00+00:00,LUCKNOW_001,30.7,990.5,70.0,False,NORMAL
2025-05-21 05:00:00+00:00,LUCKNOW_001,32.3,990.9,63.0,False,NORMAL
2025-05-21 06:00:00+00:00,LUCKNOW_001,33.7,990.5,56.0,False,NORMAL
2025-05-21 07:00:00+00:00,LUCKNOW_001,34.5,990.2,54.0,False,NORMAL
2025-05-21 08:00:00+00:00,LUCKNOW_001,37.1,989.6,46.0,False,NORMAL
2025-05-21 09:00:00+00:00,LUCKNOW_001,37.4,988.2,45.0,False,NORMAL
2025-05-21 10:00:00+00:00,LUCKNOW_001,35.2,987.5,52.0,False,NORMAL
2025-05-21 11:00:00+00:00,LUCKNOW_001,35.3,985.6,52.0,False,NORMAL
2025-05-21 12:00:00+00:00,LUCKNOW_001,35.5,986.0,51.0,False,NORMAL
2025-05-21 13:00:00+00:00,LUCKNOW_001,36.2,986.0,48.0,False,NORMAL
2025-05-21 14:00:00+00:00,LUCKNOW_001,35.6,987.7,47.0,False,NORMAL
2025-05-21 15:00:00+00:00,LUCKNOW_001,33.2,989.0,54.0,False,NORMAL
2025-05-21 16:00:00+00:00,LUCKNOW_001,33.1,989.7,53.0,False,NORMAL
2025-05-21 17:00:00+00:00,LUCKNOW_001,30.8,989.6,61.0,False,NORMAL
2025-05-21 18:00:00+00:00,LUCKNOW_001,28.8,990.0,65.0,False,NORMAL
2025-05-21 19:00:00+00:00,LUCKNOW_001,28.5,989.9,66.0,False,NORMAL
2025-05-21 20:00:00+00:00,LUCKNOW_001,27.0,988.2,69.0,False,NORMAL
2025-05-21 21:00:00+00:00,LUCKNOW_001,26.8,988.0,71.0,False,NORMAL
2025-05-21 22:00:00+00:00,LUCKNOW_001,24.9,989.8,76.0,False,NORMAL
2025-05-21 23:00:00+00:00,LUCKNOW_001,24.8,989.3,78.0,False,NORMAL
2025-05-22 00:00:00+00:00,LUCKNOW_001,25.4,989.5,84.0,False,NORMAL
2025-05-22 01:00:00+00:00,LUCKNOW_001,25.4,990.2,84.0,False,NORMAL
2025-05-22 02:00:00+00:00,LUCKNOW_001,26.5,991.6,82.0,False,NORMAL
2025-05-22 03:00:00+00:00,LUCKNOW_001,27.2,992.0,78.0,False,NORMAL
2025-05-22 04:00:00+00:00,LUCKNOW_001,28.3,992.8,73.0,False,NORMAL
2025-05-22 05:00:00+00:00,LUCKNOW_001,30.8,992.7,63.0,False,NORMAL
2025-05-22 06:00:00+00:00,LUCKNOW_001,31.6,991.8,62.0,False,NORMAL
2025-05-22 07:00:00+00:00,LUCKNOW_001,31.4,991.0,62.0,False,NORMAL
2025-05-22 08:00:00+00:00,LUCKNOW_001,33.2,990.2,56.0,False,NORMAL
2025-05-22 09:00:00+00:00,LUCKNOW_001,33.6,989.1,54.0,False,NORMAL
2025-05-22 10:00:00+00:00,LUCKNOW_001,32.7,988.9,62.0,False,NORMAL
2025-05-22 11:00:00+00:00,LUCKNOW_001,32.1,987.9,64.0,False,NORMAL
2025-05-22 12:00:00+00:00,LUCKNOW_001,30.4,987.4,72.0,False,NORMAL
2025-05-22 13:00:00+00:00,LUCKNOW_001,30.6,987.6,72.0,False,NORMAL
2025-05-22 14:00:00+00:00,LUCKNOW_001,29.9,988.1,74.0,False,NORMAL
2025-05-22 15:00:00+00:00,LUCKNOW_001,28.7,988.4,77.0,False,NORMAL
2025-05-22 16:00:00+00:00,LUCKNOW_001,28.6,989.2,78.0,False,NORMAL
2025-05-22 17:00:00+00:00,LUCKNOW_001,28.1,989.3,80.0,False,NORMAL
2025-05-22 18:00:00+00:00,LUCKNOW_001,28.2,989.4,80.0,False,NORMAL
2025-05-22 19:00:00+00:00,LUCKNOW_001,28.1,989.1,82.0,False,NORMAL
2025-05-22 20:00:00+00:00,LUCKNOW_001,27.4,988.5,85.0,False,NORMAL
2025-05-22 21:00:00+00:00,LUCKNOW_001,27.4,988.2,86.0,False,NORMAL
2025-05-22 22:00:00+00:00,LUCKNOW_001,26.4,988.5,88.0,False,NORMAL
2025-05-22 23:00:00+00:00,LUCKNOW_001,26.6,988.6,88.0,False,NORMAL
2025-05-23 00:00:00+00:00,LUCKNOW_001,27.4,988.8,84.0,False,NORMAL
2025-05-23 01:00:00+00:00,LUCKNOW_001,27.6,989.2,83.0,False,NORMAL
2025-05-23 02:00:00+00:00,LUCKNOW_001,29.5,989.9,75.0,False,NORMAL
2025-05-23 03:00:00+00:00,LUCKNOW_001,30.4,989.8,72.0,False,NORMAL
2025-05-23 04:00:00+00:00,LUCKNOW_001,30.6,989.3,68.0,False,NORMAL
2025-05-23 05:00:00+00:00,LUCKNOW_001,33.1,989.2,57.0,False,NORMAL
2025-05-23 06:00:00+00:00,LUCKNOW_001,35.1,988.6,51.0,False,NORMAL
2025-05-23 07:00:00+00:00,LUCKNOW_001,35.5,987.7,50.0,False,NORMAL
2025-05-23 08:00:00+00:00,LUCKNOW_001,37.5,986.7,43.0,False,NORMAL
2025-05-23 09:00:00+00:00,LUCKNOW_001,37.2,985.6,44.0,False,NORMAL
2025-05-23 10:00:00+00:00,LUCKNOW_001,36.1,984.4,48.0,False,NORMAL
2025-05-23 11:00:00+00:00,LUCKNOW_001,36.3,984.5,47.0,False,NORMAL
2025-05-23 12:00:00+00:00,LUCKNOW_001,35.5,984.0,49.0,False,NORMAL
2025-05-23 13:00:00+00:00,LUCKNOW_001,35.8,984.9,48.0,False,NORMAL
2025-05-23 14:00:00+00:00,LUCKNOW_001,34.6,985.5,52.0,False,NORMAL
2025-05-23 15:00:00+00:00,LUCKNOW_001,32.8,986.7,56.0,False,NORMAL
2025-05-23 16:00:00+00:00,LUCKNOW_001,32.4,987.3,58.0,False,NORMAL
2025-05-23 17:00:00+00:00,LUCKNOW_001,31.2,987.8,64.0,False,NORMAL
2025-05-23 18:00:00+00:00,LUCKNOW_001,30.9,987.8,68.0,False,NORMAL
2025-05-23 19:00:00+00:00,LUCKNOW_001,30.5,987.5,71.0,False,NORMAL
2025-05-23 20:00:00+00:00,LUCKNOW_001,29.4,987.3,74.0,False,NORMAL
2025-05-23 21:00:00+00:00,LUCKNOW_001,28.9,987.1,76.0,False,NORMAL
2025-05-23 22:00:00+00:00,LUCKNOW_001,28.4,987.3,76.0,False,NORMAL
2025-05-23 23:00:00+00:00,LUCKNOW_001,27.9,987.8,78.0,False,NORMAL
2025-05-24 00:00:00+00:00,LUCKNOW_001,28.2,988.0,78.0,False,NORMAL
2025-05-24 01:00:00+00:00,LUCKNOW_001,28.1,988.8,78.0,False,NORMAL
2025-05-24 02:00:00+00:00,LUCKNOW_001,30.0,989.8,70.0,False,NORMAL
2025-05-24 03:00:00+00:00,LUCKNOW_001,30.5,989.8,67.0,False,NORMAL
2025-05-24 04:00:00+00:00,LUCKNOW_001,30.9,990.1,66.0,False,NORMAL
2025-05-24 05:00:00+00:00,LUCKNOW_001,32.6,990.0,61.0,False,NORMAL
2025-05-24 06:00:00+00:00,LUCKNOW_001,34.5,989.6,54.0,False,NORMAL
2025-05-24 07:00:00+00:00,LUCKNOW_001,35.0,988.6,53.0,False,NORMAL
2025-05-24 08:00:00+00:00,LUCKNOW_001,36.0,987.3,51.0,False,NORMAL
2025-05-24 09:00:00+00:00,LUCKNOW_001,36.3,986.1,50.0,False,NORMAL
2025-05-24 10:00:00+00:00,LUCKNOW_001,36.7,985.2,48.0,False,NORMAL
2025-05-24 11:00:00+00:00,LUCKNOW_001,34.8,985.6,56.0,False,NORMAL
2025-05-24 12:00:00+00:00,LUCKNOW_001,34.3,985.5,59.0,False,NORMAL
2025-05-24 13:00:00+00:00,LUCKNOW_001,34.5,986.2,57.0,False,NORMAL
2025-05-24 14:00:00+00:00,LUCKNOW_001,33.6,987.3,58.0,False,NORMAL
2025-05-24 15:00:00+00:00,LUCKNOW_001,31.6,988.5,62.0,False,NORMAL
2025-05-24 16:00:00+00:00,LUCKNOW_001,31.3,989.6,64.0,False,NORMAL
2025-05-24 17:00:00+00:00,LUCKNOW_001,30.4,990.3,68.0,False,NORMAL
2025-05-24 18:00:00+00:00,LUCKNOW_001,30.7,990.4,68.0,False,NORMAL
2025-05-24 19:00:00+00:00,LUCKNOW_001,30.7,990.1,67.0,False,NORMAL
2025-05-24 20:00:00+00:00,LUCKNOW_001,30.2,989.7,70.0,False,NORMAL
2025-05-24 21:00:00+00:00,LUCKNOW_001,29.8,989.6,72.0,False,NORMAL
2025-05-24 22:00:00+00:00,LUCKNOW_001,28.8,989.6,74.0,False,NORMAL
2025-05-24 23:00:00+00:00,LUCKNOW_001,28.6,990.0,75.0,False,NORMAL
2025-05-25 00:00:00+00:00,LUCKNOW_001,29.6,990.7,73.0,False,NORMAL
2025-05-25 01:00:00+00:00,LUCKNOW_001,29.4,991.9,73.0,False,NORMAL
2025-05-25 02:00:00+00:00,LUCKNOW_001,30.2,992.6,71.0,False,NORMAL
2025-05-25 03:00:00+00:00,LUCKNOW_001,30.7,992.6,69.0,False,NORMAL
2025-05-25 04:00:00+00:00,LUCKNOW_001,31.3,992.4,67.0,False,NORMAL
2025-05-25 05:00:00+00:00,LUCKNOW_001,33.4,991.8,58.0,False,NORMAL
2025-05-25 06:00:00+00:00,LUCKNOW_001,35.0,991.1,53.0,False,NORMAL
2025-05-25 07:00:00+00:00,LUCKNOW_001,35.3,989.7,53.0,False,NORMAL
2025-05-25 08:00:00+00:00,LUCKNOW_001,36.9,989.2,48.0,False,NORMAL
2025-05-25 09:00:00+00:00,LUCKNOW_001,36.9,988.1,48.0,False,NORMAL
2025-05-25 10:00:00+00:00,LUCKNOW_001,36.3,987.5,48.0,False,NORMAL
2025-05-25 11:00:00+00:00,LUCKNOW_001,36.3,987.0,45.0,False,NORMAL
2025-05-25 12:00:00+00:00,LUCKNOW_001,36.5,987.2,44.0,False,NORMAL
2025-05-25 13:00:00+00:00,LUCKNOW_001,36.7,987.2,42.0,False,NORMAL
2025-05-25 14:00:00+00:00,LUCKNOW_001,35.7,988.2,46.0,False,NORMAL
2025-05-25 15:00:00+00:00,LUCKNOW_001,33.6,988.9,54.0,False,NORMAL
2025-05-25 16:00:00+00:00,LUCKNOW_001,33.0,989.8,57.0,False,NORMAL
2025-05-25 17:00:00+00:00,LUCKNOW_001,32.2,990.5,59.0,False,NORMAL
2025-05-25 18:00:00+00:00,LUCKNOW_001,32.1,990.9,60.0,False,NORMAL
2025-05-25 19:00:00+00:00,LUCKNOW_001,31.9,990.5,62.0,False,NORMAL
2025-05-25 20:00:00+00:00,LUCKNOW_001,31.1,990.3,64.0,False,NORMAL
2025-05-25 21:00:00+00:00,LUCKNOW_001,31.0,989.7,65.0,False,NORMAL
2025-05-25 22:00:00+00:00,LUCKNOW_001,29.6,989.4,73.0,False,NORMAL
2025-05-25 23:00:00+00:00,LUCKNOW_001,29.6,989.3,73.0,False,NORMAL
2025-05-26 00:00:00+00:00,LUCKNOW_001,30.4,989.5,70.0,False,NORMAL
2025-05-26 01:00:00+00:00,LUCKNOW_001,30.2,989.6,70.0,False,NORMAL
2025-05-26 02:00:00+00:00,LUCKNOW_001,31.8,990.3,65.0,False,NORMAL
2025-05-26 03:00:00+00:00,LUCKNOW_001,32.4,990.3,62.0,False,NORMAL
2025-05-26 04:00:00+00:00,LUCKNOW_001,33.1,990.5,58.0,False,NORMAL
2025-05-26 05:00:00+00:00,LUCKNOW_001,35.3,990.1,50.0,False,NORMAL
2025-05-26 06:00:00+00:00,LUCKNOW_001,36.7,989.6,46.0,False,NORMAL
2025-05-26 07:00:00+00:00,LUCKNOW_001,36.6,988.5,46.0,False,NORMAL
2025-05-26 08:00:00+00:00,LUCKNOW_001,38.0,987.6,42.0,False,NORMAL
2025-05-26 09:00:00+00:00,LUCKNOW_001,38.2,986.4,42.0,False,NORMAL
2025-05-26 10:00:00+00:00,LUCKNOW_001,36.7,985.4,45.0,False,NORMAL
2025-05-26 11:00:00+00:00,LUCKNOW_001,36.2,984.8,46.0,False,NORMAL
2025-05-26 12:00:00+00:00,LUCKNOW_001,36.1,984.4,46.0,False,NORMAL
2025-05-26 13:00:00+00:00,LUCKNOW_001,35.8,984.7,46.0,False,NORMAL
2025-05-26 14:00:00+00:00,LUCKNOW_001,35.0,985.2,50.0,False,NORMAL
2025-05-26 15:00:00+00:00,LUCKNOW_001,33.4,985.8,57.0,False,NORMAL
2025-05-26 16:00:00+00:00,LUCKNOW_001,32.7,986.5,61.0,False,NORMAL
2025-05-26 17:00:00+00:00,LUCKNOW_001,31.0,987.0,67.0,False,NORMAL
2025-05-26 18:00:00+00:00,LUCKNOW_001,30.8,987.4,68.0,False,NORMAL
2025-05-26 19:00:00+00:00,LUCKNOW_001,30.4,987.2,71.0,False,NORMAL
2025-05-26 20:00:00+00:00,LUCKNOW_001,29.9,987.5,72.0,False,NORMAL
2025-05-26 21:00:00+00:00,LUCKNOW_001,29.5,987.3,72.0,False,NORMAL
2025-05-26 22:00:00+00:00,LUCKNOW_001,29.1,987.7,76.0,False,NORMAL
2025-05-26 23:00:00+00:00,LUCKNOW_001,29.0,987.4,76.0,False,NORMAL
2025-05-27 00:00:00+00:00,LUCKNOW_001,29.8,987.6,73.0,False,NORMAL
2025-05-27 01:00:00+00:00,LUCKNOW_001,29.6,988.1,74.0,False,NORMAL
2025-05-27 02:00:00+00:00,LUCKNOW_001,31.2,988.5,67.0,False,NORMAL
2025-05-27 03:00:00+00:00,LUCKNOW_001,31.5,988.0,66.0,False,NORMAL
2025-05-27 04:00:00+00:00,LUCKNOW_001,31.6,988.1,65.0,False,NORMAL
2025-05-27 05:00:00+00:00,LUCKNOW_001,33.5,987.4,57.0,False,NORMAL
2025-05-27 06:00:00+00:00,LUCKNOW_001,34.8,987.3,54.0,False,NORMAL
2025-05-27 07:00:00+00:00,LUCKNOW_001,35.5,986.3,51.0,False,NORMAL
2025-05-27 08:00:00+00:00,LUCKNOW_001,36.8,985.3,46.0,False,NORMAL
2025-05-27 09:00:00+00:00,LUCKNOW_001,37.2,984.0,45.0,False,NORMAL
2025-05-27 10:00:00+00:00,LUCKNOW_001,37.2,983.6,48.0,False,NORMAL
2025-05-27 11:00:00+00:00,LUCKNOW_001,37.6,982.6,46.0,False,NORMAL
2025-05-27 12:00:00+00:00,LUCKNOW_001,37.1,982.7,48.0,False,NORMAL
2025-05-27 13:00:00+00:00,LUCKNOW_001,36.9,982.9,47.0,False,NORMAL
2025-05-27 14:00:00+00:00,LUCKNOW_001,36.2,983.1,50.0,False,NORMAL
2025-05-27 15:00:00+00:00,LUCKNOW_001,34.3,983.8,56.0,False,NORMAL
2025-05-27 16:00:00+00:00,LUCKNOW_001,33.8,984.9,59.0,False,NORMAL
2025-05-27 17:00:00+00:00,LUCKNOW_001,32.7,985.4,64.0,False,NORMAL
2025-05-27 18:00:00+00:00,LUCKNOW_001,32.4,986.0,65.0,False,NORMAL
2025-05-27 19:00:00+00:00,LUCKNOW_001,32.1,985.8,67.0,False,NORMAL
2025-05-27 20:00:00+00:00,LUCKNOW_001,31.2,985.7,70.0,False,NORMAL
2025-05-27 21:00:00+00:00,LUCKNOW_001,31.0,985.4,70.0,False,NORMAL
2025-05-27 22:00:00+00:00,LUCKNOW_001,30.5,985.3,71.0,False,NORMAL
2025-05-27 23:00:00+00:00,LUCKNOW_001,30.4,984.9,71.0,False,NORMAL
2025-05-28 00:00:00+00:00,LUCKNOW_001,31.5,985.5,68.0,False,NORMAL
2025-05-28 01:00:00+00:00,LUCKNOW_001,31.3,986.0,69.0,False,NORMAL
2025-05-28 02:00:00+00:00,LUCKNOW_001,32.1,986.8,66.0,False,NORMAL
2025-05-28 03:00:00+00:00,LUCKNOW_001,32.5,986.7,65.0,False,NORMAL
2025-05-28 04:00:00+00:00,LUCKNOW_001,33.3,986.8,62.0,False,NORMAL
2025-05-28 05:00:00+00:00,LUCKNOW_001,35.2,986.3,56.0,False,NORMAL
2025-05-28 06:00:00+00:00,LUCKNOW_001,37.4,985.7,49.0,False,NORMAL
2025-05-28 07:00:00+00:00,LUCKNOW_001,37.4,984.7,49.0,False,NORMAL
2025-05-28 08:00:00+00:00,LUCKNOW_001,38.6,983.7,45.0,False,NORMAL
2025-05-28 09:00:00+00:00,LUCKNOW_001,39.0,982.9,44.0,False,NORMAL
2025-05-28 10:00:00+00:00,LUCKNOW_001,38.2,982.2,42.0,False,NORMAL
2025-05-28 11:00:00+00:00,LUCKNOW_001,38.1,980.9,41.0,False,NORMAL
2025-05-28 12:00:00+00:00,LUCKNOW_001,37.7,980.7,43.0,False,NORMAL
2025-05-28 13:00:00+00:00,LUCKNOW_001,37.4,980.9,42.0,False,NORMAL
2025-05-28 14:00:00+00:00,LUCKNOW_001,36.6,981.6,46.0,False,NORMAL
2025-05-28 15:00:00+00:00,LUCKNOW_001,35.1,982.6,52.0,False,NORMAL
2025-05-28 16:00:00+00:00,LUCKNOW_001,34.6,983.2,56.0,False,NORMAL
2025-05-28 17:00:00+00:00,LUCKNOW_001,33.7,983.8,59.0,False,NORMAL
2025-05-28 18:00:00+00:00,LUCKNOW_001,33.2,983.9,61.0,False,NORMAL
2025-05-28 19:00:00+00:00,LUCKNOW_001,33.0,983.6,62.0,False,NORMAL
2025-05-28 20:00:00+00:00,LUCKNOW_001,32.2,983.3,66.0,False,NORMAL
2025-05-28 21:00:00+00:00,LUCKNOW_001,31.9,982.9,68.0,False,NORMAL
2025-05-28 22:00:00+00:00,LUCKNOW_001,31.4,982.3,66.0,False,NORMAL
2025-05-28 23:00:00+00:00,LUCKNOW_001,31.2,983.1,66.0,False,NORMAL
2025-05-29 00:00:00+00:00,LUCKNOW_001,31.9,983.2,66.0,False,NORMAL
2025-05-29 01:00:00+00:00,LUCKNOW_001,31.3,984.2,69.0,False,NORMAL
2025-05-29 02:00:00+00:00,LUCKNOW_001,32.2,984.5,67.0,False,NORMAL
2025-05-29 03:00:00+00:00,LUCKNOW_001,32.4,984.7,66.0,False,NORMAL
2025-05-29 04:00:00+00:00,LUCKNOW_001,32.9,984.9,63.0,False,NORMAL
2025-05-29 05:00:00+00:00,LUCKNOW_001,35.6,984.8,55.0,False,NORMAL
2025-05-29 06:00:00+00:00,LUCKNOW_001,37.4,984.4,50.0,False,NORMAL
2025-05-29 07:00:00+00:00,LUCKNOW_001,37.7,983.2,47.0,False,NORMAL
2025-05-29 08:00:00+00:00,LUCKNOW_001,39.1,982.4,41.0,False,NORMAL
2025-05-29 09:00:00+00:00,LUCKNOW_001,39.0,981.0,41.0,False,NORMAL
2025-05-29 10:00:00+00:00,LUCKNOW_001,37.5,980.1,46.0,False,NORMAL
2025-05-29 11:00:00+00:00,LUCKNOW_001,37.6,978.9,45.0,False,NORMAL
2025-05-29 12:00:00+00:00,LUCKNOW_001,37.5,979.0,44.0,False,NORMAL
2025-05-29 13:00:00+00:00,LUCKNOW_001,37.4,979.3,44.0,False,NORMAL
2025-05-29 14:00:00+00:00,LUCKNOW_001,36.1,980.0,49.0,False,NORMAL
2025-05-29 15:00:00+00:00,LUCKNOW_001,33.4,980.5,56.0,False,NORMAL
2025-05-29 16:00:00+00:00,LUCKNOW_001,32.8,981.4,60.0,False,NORMAL
2025-05-29 17:00:00+00:00,LUCKNOW_001,31.9,981.8,64.0,False,NORMAL
2025-05-29 18:00:00+00:00,LUCKNOW_001,31.6,982.0,66.0,False,NORMAL
2025-05-29 19:00:00+00:00,LUCKNOW_001,31.1,981.5,68.0,False,NORMAL
2025-05-29 20:00:00+00:00,LUCKNOW_001,30.7,981.2,69.0,False,NORMAL
2025-05-29 21:00:00+00:00,LUCKNOW_001,30.9,981.0,68.0,False,NORMAL
2025-05-29 22:00:00+00:00,LUCKNOW_001,30.2,980.4,70.0,False,NORMAL
2025-05-29 23:00:00+00:00,LUCKNOW_001,29.8,981.2,72.0,False,NORMAL
2025-05-30 00:00:00+00:00,LUCKNOW_001,30.2,981.8,74.0,False,NORMAL
2025-05-30 01:00:00+00:00,LUCKNOW_001,29.7,982.3,77.0,False,NORMAL
2025-05-30 02:00:00+00:00,LUCKNOW_001,31.2,982.8,71.0,False,NORMAL
2025-05-30 03:00:00+00:00,LUCKNOW_001,32.0,982.7,67.0,False,NORMAL
2025-05-30 04:00:00+00:00,LUCKNOW_001,32.4,982.9,65.0,False,NORMAL
2025-05-30 05:00:00+00:00,LUCKNOW_001,35.5,983.3,54.0,False,NORMAL
2025-05-30 06:00:00+00:00,LUCKNOW_001,38.1,983.0,47.0,False,NORMAL
2025-05-30 07:00:00+00:00,LUCKNOW_001,38.4,982.0,45.0,False,NORMAL
2025-05-30 08:00:00+00:00,LUCKNOW_001,40.1,981.1,39.0,False,NORMAL
2025-05-30 09:00:00+00:00,LUCKNOW_001,40.2,980.3,38.0,False,NORMAL
2025-05-30 10:00:00+00:00,LUCKNOW_001,38.8,979.2,40.0,False,NORMAL
2025-05-30 11:00:00+00:00,LUCKNOW_001,38.7,978.4,39.0,False,NORMAL
2025-05-30 12:00:00+00:00,LUCKNOW_001,38.3,979.0,37.0,False,NORMAL
2025-05-30 13:00:00+00:00,LUCKNOW_001,37.3,979.9,37.0,False,NORMAL
2025-05-30 14:00:00+00:00,LUCKNOW_001,35.2,980.4,40.0,False,NORMAL
2025-05-30 15:00:00+00:00,LUCKNOW_001,33.1,981.3,50.0,False,NORMAL
2025-05-30 16:00:00+00:00,LUCKNOW_001,32.7,982.0,52.0,False,NORMAL
2025-05-30 17:00:00+00:00,LUCKNOW_001,32.2,982.4,54.0,False,NORMAL
2025-05-30 18:00:00+00:00,LUCKNOW_001,32.5,982.6,54.0,False,NORMAL
2025-05-30 19:00:00+00:00,LUCKNOW_001,32.5,982.7,54.0,False,NORMAL
2025-05-30 20:00:00+00:00,LUCKNOW_001,32.2,982.8,55.0,False,NORMAL
2025-05-30 21:00:00+00:00,LUCKNOW_001,32.1,982.8,57.0,False,NORMAL
2025-05-30 22:00:00+00:00,LUCKNOW_001,30.0,983.1,72.0,False,NORMAL
2025-05-30 23:00:00+00:00,LUCKNOW_001,29.9,983.7,72.0,False,NORMAL
2025-05-31 00:00:00+00:00,LUCKNOW_001,30.7,984.3,68.0,False,NORMAL
2025-05-31 01:00:00+00:00,LUCKNOW_001,30.7,984.6,68.0,False,NORMAL
2025-05-31 02:00:00+00:00,LUCKNOW_001,32.3,985.2,61.0,False,NORMAL
2025-05-31 03:00:00+00:00,LUCKNOW_001,32.6,985.5,59.0,False,NORMAL
2025-05-31 04:00:00+00:00,LUCKNOW_001,33.3,985.6,56.0,False,NORMAL
2025-05-31 05:00:00+00:00,LUCKNOW_001,36.5,985.3,44.0,False,NORMAL
2025-05-31 06:00:00+00:00,LUCKNOW_001,38.2,985.1,40.0,False,NORMAL
2025-05-31 07:00:00+00:00,LUCKNOW_001,38.5,984.2,39.0,False,NORMAL
2025-05-31 08:00:00+00:00,LUCKNOW_001,40.2,983.6,36.0,False,NORMAL
2025-05-31 09:00:00+00:00,LUCKNOW_001,40.0,982.8,37.0,False,NORMAL
2025-05-31 10:00:00+00:00,LUCKNOW_001,38.8,982.5,38.0,False,NORMAL
2025-05-31 11:00:00+00:00,LUCKNOW_001,38.1,981.9,40.0,False,NORMAL
2025-05-31 12:00:00+00:00,LUCKNOW_001,37.8,981.7,40.0,False,NORMAL
2025-05-31 13:00:00+00:00,LUCKNOW_001,38.2,982.5,38.0,False,NORMAL
2025-05-31 14:00:00+00:00,LUCKNOW_001,36.3,983.1,43.0,False,NORMAL
2025-05-31 15:00:00+00:00,LUCKNOW_001,33.7,983.8,51.0,False,NORMAL
2025-05-31 16:00:00+00:00,LUCKNOW_001,33.8,984.7,51.0,False,NORMAL
2025-05-31 17:00:00+00:00,LUCKNOW_001,32.7,984.9,54.0,False,NORMAL
2025-05-31 18:00:00+00:00,LUCKNOW_001,32.4,985.1,54.0,False,NORMAL
2025-05-31 19:00:00+00:00,LUCKNOW_001,32.4,984.8,53.0,False,NORMAL
2025-05-31 20:00:00+00:00,LUCKNOW_001,31.9,984.9,54.0,False,NORMAL
2025-05-31 21:00:00+00:00,LUCKNOW_001,32.2,984.5,52.0,False,NORMAL
2025-05-31 22:00:00+00:00,LUCKNOW_001,30.5,983.9,59.0,False,NORMAL
2025-05-31 23:00:00+00:00,LUCKNOW_001,30.4,984.5,62.0,False,NORMAL
2025-06-01 00:00:00+00:00,LUCKNOW_001,31.1,984.4,67.0,False,NORMAL
2025-06-01 01:00:00+00:00,LUCKNOW_001,31.5,985.1,58.0,False,NORMAL
2025-06-01 02:00:00+00:00,LUCKNOW_001,32.9,985.6,53.0,False,NORMAL
2025-06-01 03:00:00+00:00,LUCKNOW_001,33.0,985.8,53.0,False,NORMAL
2025-06-01 04:00:00+00:00,LUCKNOW_001,33.4,986.1,51.0,False,NORMAL
2025-06-01 05:00:00+00:00,LUCKNOW_001,36.3,986.1,42.0,False,NORMAL
2025-06-01 06:00:00+00:00,LUCKNOW_001,38.2,985.8,37.0,False,NORMAL
2025-06-01 07:00:00+00:00,LUCKNOW_001,38.6,985.2,36.0,False,NORMAL
2025-06-01 08:00:00+00:00,LUCKNOW_001,40.0,984.7,32.0,False,NORMAL
2025-06-01 09:00:00+00:00,LUCKNOW_001,40.3,983.9,32.0,False,NORMAL
2025-06-01 10:00:00+00:00,LUCKNOW_001,37.7,983.4,37.0,False,NORMAL
2025-06-01 11:00:00+00:00,LUCKNOW_001,37.0,982.8,38.0,False,NORMAL
2025-06-01 12:00:00+00:00,LUCKNOW_001,37.0,982.6,36.0,False,NORMAL
2025-06-01 13:00:00+00:00,LUCKNOW_001,36.6,983.4,35.0,False,NORMAL
2025-06-01 14:00:00+00:00,LUCKNOW_001,35.5,983.7,38.0,False,NORMAL
2025-06-01 15:00:00+00:00,LUCKNOW_001,33.3,984.5,44.0,False,NORMAL
2025-06-01 16:00:00+00:00,LUCKNOW_001,32.7,985.0,46.0,False,NORMAL
2025-06-01 17:00:00+00:00,LUCKNOW_001,31.9,985.6,49.0,False,NORMAL
2025-06-01 18:00:00+00:00,LUCKNOW_001,31.7,985.8,50.0,False,NORMAL
2025-06-01 19:00:00+00:00,LUCKNOW_001,31.5,985.0,51.0,False,NORMAL
2025-06-01 20:00:00+00:00,LUCKNOW_001,30.4,984.8,54.0,False,NORMAL
2025-06-01 21:00:00+00:00,LUCKNOW_001,29.7,984.3,54.0,False,NORMAL
2025-06-01 22:00:00+00:00,LUCKNOW_001,29.5,984.0,59.0,False,NORMAL
2025-06-01 23:00:00+00:00,LUCKNOW_001,29.5,984.5,59.0,False,NORMAL
2025-06-02 00:00:00+00:00,LUCKNOW_001,30.6,985.1,58.0,False,NORMAL
2025-06-02 01:00:00+00:00,LUCKNOW_001,31.0,985.6,57.0,False,NORMAL
2025-06-02 02:00:00+00:00,LUCKNOW_001,32.8,985.9,53.0,False,NORMAL
2025-06-02 03:00:00+00:00,LUCKNOW_001,33.6,986.5,50.0,False,NORMAL
2025-06-02 04:00:00+00:00,LUCKNOW_001,34.2,986.5,48.0,False,NORMAL
2025-06-02 05:00:00+00:00,LUCKNOW_001,36.4,986.7,39.0,False,NORMAL
2025-06-02 06:00:00+00:00,LUCKNOW_001,37.6,986.4,35.0,False,NORMAL
2025-06-02 07:00:00+00:00,LUCKNOW_001,37.8,986.2,35.0,False,NORMAL
2025-06-02 08:00:00+00:00,LUCKNOW_001,37.4,985.3,35.0,False,NORMAL
2025-06-02 09:00:00+00:00,LUCKNOW_001,38.1,985.2,34.0,False,NORMAL
2025-06-02 10:00:00+00:00,LUCKNOW_001,36.7,984.5,32.0,False,NORMAL
2025-06-02 11:00:00+00:00,LUCKNOW_001,35.5,984.1,36.0,False,NORMAL
2025-06-02 12:00:00+00:00,LUCKNOW_001,35.7,983.9,37.0,False,NORMAL
2025-06-02 13:00:00+00:00,LUCKNOW_001,35.8,984.1,38.0,False,NORMAL
2025-06-02 14:00:00+00:00,LUCKNOW_001,34.5,984.6,44.0,False,NORMAL
2025-06-02 15:00:00+00:00,LUCKNOW_001,32.7,985.3,46.0,False,NORMAL
2025-06-02 16:00:00+00:00,LUCKNOW_001,33.3,986.2,43.0,False,NORMAL
2025-06-02 17:00:00+00:00,LUCKNOW_001,33.0,986.5,44.0,False,NORMAL
2025-06-02 18:00:00+00:00,LUCKNOW_001,32.0,986.5,50.0,False,NORMAL
2025-06-02 19:00:00+00:00,LUCKNOW_001,32.0,986.3,48.0,False,NORMAL
2025-06-02 20:00:00+00:00,LUCKNOW_001,31.3,985.8,50.0,False,NORMAL
2025-06-02 21:00:00+00:00,LUCKNOW_001,31.3,985.8,51.0,False,NORMAL
2025-06-02 22:00:00+00:00,LUCKNOW_001,30.3,985.1,50.0,False,NORMAL
2025-06-02 23:00:00+00:00,LUCKNOW_001,29.8,985.3,53.0,False,NORMAL
2025-06-03 00:00:00+00:00,LUCKNOW_001,30.3,986.4,52.0,False,NORMAL
2025-06-03 01:00:00+00:00,LUCKNOW_001,30.1,986.8,55.0,False,NORMAL
2025-06-03 02:00:00+00:00,LUCKNOW_001,30.2,987.5,59.0,False,NORMAL
2025-06-03 03:00:00+00:00,LUCKNOW_001,29.4,987.7,63.0,False,NORMAL
2025-06-03 04:00:00+00:00,LUCKNOW_001,28.9,988.1,66.0,False,NORMAL
2025-06-03 05:00:00+00:00,LUCKNOW_001,29.9,989.1,61.0,False,NORMAL
2025-06-03 06:00:00+00:00,LUCKNOW_001,31.1,989.4,56.0,False,NORMAL
2025-06-03 07:00:00+00:00,LUCKNOW_001,31.7,989.2,52.0,False,NORMAL
2025-06-03 08:00:00+00:00,LUCKNOW_001,32.9,988.5,48.0,False,NORMAL
2025-06-03 09:00:00+00:00,LUCKNOW_001,34.4,987.7,42.0,False,NORMAL
2025-06-03 10:00:00+00:00,LUCKNOW_001,32.2,987.4,51.0,False,NORMAL
2025-06-03 11:00:00+00:00,LUCKNOW_001,33.0,986.7,47.0,False,NORMAL
2025-06-03 12:00:00+00:00,LUCKNOW_001,32.9,987.3,46.0,False,NORMAL
2025-06-03 13:00:00+00:00,LUCKNOW_001,32.3,987.6,48.0,False,NORMAL
2025-06-03 14:00:00+00:00,LUCKNOW_001,32.0,988.2,49.0,False,NORMAL
2025-06-03 15:00:00+00:00,LUCKNOW_001,29.5,989.0,56.0,False,NORMAL
2025-06-03 16:00:00+00:00,LUCKNOW_001,28.5,989.5,62.0,False,NORMAL
2025-06-03 17:00:00+00:00,LUCKNOW_001,27.4,990.0,70.0,False,NORMAL
2025-06-03 18:00:00+00:00,LUCKNOW_001,27.1,989.8,72.0,False,NORMAL
2025-06-03 19:00:00+00:00,LUCKNOW_001,26.6,989.4,75.0,False,NORMAL
2025-06-03 20:00:00+00:00,LUCKNOW_001,25.8,989.1,79.0,False,NORMAL
2025-06-03 21:00:00+00:00,LUCKNOW_001,26.0,989.0,78.0,False,NORMAL
2025-06-03 22:00:00+00:00,LUCKNOW_001,24.5,988.5,87.0,False,NORMAL
2025-06-03 23:00:00+00:00,LUCKNOW_001,24.7,988.3,86.0,False,NORMAL
2025-06-04 00:00:00+00:00,LUCKNOW_001,26.4,988.9,79.0,False,NORMAL
2025-06-04 01:00:00+00:00,LUCKNOW_001,27.1,990.0,75.0,False,NORMAL
2025-06-04 02:00:00+00:00,LUCKNOW_001,29.8,990.9,62.0,False,NORMAL
2025-06-04 03:00:00+00:00,LUCKNOW_001,30.1,991.0,60.0,False,NORMAL
2025-06-04 04:00:00+00:00,LUCKNOW_001,30.6,991.0,58.0,False,NORMAL
2025-06-04 05:00:00+00:00,LUCKNOW_001,33.6,991.0,46.0,False,NORMAL
2025-06-04 06:00:00+00:00,LUCKNOW_001,36.0,991.1,40.0,False,NORMAL
2025-06-04 07:00:00+00:00,LUCKNOW_001,36.6,990.9,36.0,False,NORMAL
2025-06-04 08:00:00+00:00,LUCKNOW_001,37.6,990.0,31.0,False,NORMAL
2025-06-04 09:00:00+00:00,LUCKNOW_001,38.0,989.4,30.0,False,NORMAL
2025-06-04 10:00:00+00:00,LUCKNOW_001,36.0,989.4,40.0,False,NORMAL
2025-06-04 11:00:00+00:00,LUCKNOW_001,34.0,989.4,43.0,False,NORMAL
2025-06-04 12:00:00+00:00,LUCKNOW_001,30.4,989.3,58.0,False,NORMAL
2025-06-04 13:00:00+00:00,LUCKNOW_001,31.5,990.0,52.0,False,NORMAL
2025-06-04 14:00:00+00:00,LUCKNOW_001,30.3,990.6,57.0,False,NORMAL
2025-06-04 15:00:00+00:00,LUCKNOW_001,29.0,991.1,62.0,False,NORMAL
2025-06-04 16:00:00+00:00,LUCKNOW_001,28.6,991.6,64.0,False,NORMAL
2025-06-04 17:00:00+00:00,LUCKNOW_001,27.7,992.0,67.0,False,NORMAL
2025-06-04 18:00:00+00:00,LUCKNOW_001,27.5,992.1,68.0,False,NORMAL
2025-06-04 19:00:00+00:00,LUCKNOW_001,28.1,992.0,64.0,False,NORMAL
2025-06-04 20:00:00+00:00,LUCKNOW_001,27.5,991.7,66.0,False,NORMAL
2025-06-04 21:00:00+00:00,LUCKNOW_001,27.2,991.6,67.0,False,NORMAL
2025-06-04 22:00:00+00:00,LUCKNOW_001,24.9,991.8,74.0,False,NORMAL
2025-06-04 23:00:00+00:00,LUCKNOW_001,25.2,991.8,72.0,False,NORMAL
2025-06-05 00:00:00+00:00,LUCKNOW_001,27.1,992.8,67.0,False,NORMAL
2025-06-05 01:00:00+00:00,LUCKNOW_001,27.6,994.0,68.0,False,NORMAL
2025-06-05 02:00:00+00:00,LUCKNOW_001,29.7,994.7,66.0,False,NORMAL
2025-06-05 03:00:00+00:00,LUCKNOW_001,30.2,994.4,64.0,False,NORMAL
2025-06-05 04:00:00+00:00,LUCKNOW_001,30.7,994.5,60.0,False,NORMAL
2025-06-05 05:00:00+00:00,LUCKNOW_001,33.1,994.5,51.0,False,NORMAL
2025-06-05 06:00:00+00:00,LUCKNOW_001,35.1,994.3,43.0,False,NORMAL
2025-06-05 07:00:00+00:00,LUCKNOW_001,35.7,993.6,41.0,False,NORMAL
2025-06-05 08:00:00+00:00,LUCKNOW_001,37.8,993.1,33.0,False,NORMAL
2025-06-05 09:00:00+00:00,LUCKNOW_001,38.2,991.9,31.0,False,NORMAL
2025-06-05 10:00:00+00:00,LUCKNOW_001,35.6,991.0,40.0,False,NORMAL
2025-06-05 11:00:00+00:00,LUCKNOW_001,35.7,990.2,38.0,False,NORMAL
2025-06-05 12:00:00+00:00,LUCKNOW_001,35.7,991.0,38.0,False,NORMAL
2025-06-05 13:00:00+00:00,LUCKNOW_001,35.6,991.0,37.0,False,NORMAL
2025-06-05 14:00:00+00:00,LUCKNOW_001,33.7,991.8,41.0,False,NORMAL
2025-06-05 15:00:00+00:00,LUCKNOW_001,32.1,992.7,42.0,False,NORMAL
2025-06-05 16:00:00+00:00,LUCKNOW_001,31.5,993.4,45.0,False,NORMAL
2025-06-05 17:00:00+00:00,LUCKNOW_001,29.3,993.6,53.0,False,NORMAL
2025-06-05 18:00:00+00:00,LUCKNOW_001,29.0,993.7,58.0,False,NORMAL
2025-06-05 19:00:00+00:00,LUCKNOW_001,29.7,993.3,52.0,False,NORMAL
2025-06-05 20:00:00+00:00,LUCKNOW_001,28.9,993.3,55.0,False,NORMAL
2025-06-05 21:00:00+00:00,LUCKNOW_001,27.9,992.7,61.0,False,NORMAL
2025-06-05 22:00:00+00:00,LUCKNOW_001,26.3,992.5,74.0,False,NORMAL
2025-06-05 23:00:00+00:00,LUCKNOW_001,26.1,992.5,75.0,False,NORMAL
2025-06-06 00:00:00+00:00,LUCKNOW_001,28.0,992.8,73.0,False,NORMAL
2025-06-06 01:00:00+00:00,LUCKNOW_001,28.6,993.4,68.0,False,NORMAL
2025-06-06 02:00:00+00:00,LUCKNOW_001,31.1,993.9,57.0,False,NORMAL
2025-06-06 03:00:00+00:00,LUCKNOW_001,31.3,994.1,56.0,False,NORMAL
2025-06-06 04:00:00+00:00,LUCKNOW_001,31.8,994.0,52.0,False,NORMAL
2025-06-06 05:00:00+00:00,LUCKNOW_001,34.6,994.0,45.0,False,NORMAL
2025-06-06 06:00:00+00:00,LUCKNOW_001,36.1,993.8,39.0,False,NORMAL
2025-06-06 07:00:00+00:00,LUCKNOW_001,36.5,993.1,37.0,False,NORMAL
2025-06-06 08:00:00+00:00,LUCKNOW_001,37.8,992.6,32.0,False,NORMAL
2025-06-06 09:00:00+00:00,LUCKNOW_001,38.0,991.7,32.0,False,NORMAL
2025-06-06 10:00:00+00:00,LUCKNOW_001,36.5,990.5,37.0,False,NORMAL
2025-06-06 11:00:00+00:00,LUCKNOW_001,36.8,989.7,36.0,False,NORMAL
2025-06-06 12:00:00+00:00,LUCKNOW_001,36.9,989.8,35.0,False,NORMAL
2025-06-06 13:00:00+00:00,LUCKNOW_001,36.8,990.1,32.0,False,NORMAL
2025-06-06 14:00:00+00:00,LUCKNOW_001,35.2,990.5,38.0,False,NORMAL
2025-06-06 15:00:00+00:00,LUCKNOW_001,33.1,990.9,42.0,False,NORMAL
2025-06-06 16:00:00+00:00,LUCKNOW_001,32.2,991.7,46.0,False,NORMAL
2025-06-06 17:00:00+00:00,LUCKNOW_001,30.6,991.4,53.0,False,NORMAL
2025-06-06 18:00:00+00:00,LUCKNOW_001,31.0,991.5,50.0,False,NORMAL
2025-06-06 19:00:00+00:00,LUCKNOW_001,31.1,990.9,50.0,False,NORMAL
2025-06-06 20:00:00+00:00,LUCKNOW_001,30.2,990.9,54.0,False,NORMAL
2025-06-06 21:00:00+00:00,LUCKNOW_001,30.1,990.7,54.0,False,NORMAL
2025-06-06 22:00:00+00:00,LUCKNOW_001,27.3,990.7,68.0,False,NORMAL
2025-06-06 23:00:00+00:00,LUCKNOW_001,27.4,991.0,67.0,False,NORMAL
2025-06-07 00:00:00+00:00,LUCKNOW_001,29.6,991.4,63.0,False,NORMAL
2025-06-07 01:00:00+00:00,LUCKNOW_001,30.0,992.1,60.0,False,NORMAL
2025-06-07 02:00:00+00:00,LUCKNOW_001,32.4,992.9,51.0,False,NORMAL
2025-06-07 03:00:00+00:00,LUCKNOW_001,32.7,993.1,50.0,False,NORMAL
2025-06-07 04:00:00+00:00,LUCKNOW_001,33.3,992.9,48.0,False,NORMAL
2025-06-07 05:00:00+00:00,LUCKNOW_001,36.1,992.5,40.0,False,NORMAL
2025-06-07 06:00:00+00:00,LUCKNOW_001,38.5,992.1,35.0,False,NORMAL
2025-06-07 07:00:00+00:00,LUCKNOW_001,38.7,991.5,34.0,False,NORMAL
2025-06-07 08:00:00+00:00,LUCKNOW_001,40.3,990.9,31.0,False,NORMAL
2025-06-07 09:00:00+00:00,LUCKNOW_001,40.4,989.6,30.0,False,NORMAL
2025-06-07 10:00:00+00:00,LUCKNOW_001,39.5,988.7,34.0,False,NORMAL
2025-06-07 11:00:00+00:00,LUCKNOW_001,39.5,988.1,33.0,False,NORMAL
2025-06-07 12:00:00+00:00,LUCKNOW_001,39.6,987.8,32.0,False,NORMAL
2025-06-07 13:00:00+00:00,LUCKNOW_001,38.9,988.0,35.0,False,NORMAL
2025-06-07 14:00:00+00:00,LUCKNOW_001,37.6,988.3,37.0,False,NORMAL
2025-06-07 15:00:00+00:00,LUCKNOW_001,34.7,988.5,43.0,False,NORMAL
2025-06-07 16:00:00+00:00,LUCKNOW_001,34.1,989.2,47.0,False,NORMAL
2025-06-07 17:00:00+00:00,LUCKNOW_001,31.8,989.6,54.0,False,NORMAL
2025-06-07 18:00:00+00:00,LUCKNOW_001,31.6,989.4,56.0,False,NORMAL
2025-06-07 19:00:00+00:00,LUCKNOW_001,31.2,989.0,58.0,False,NORMAL
2025-06-07 20:00:00+00:00,LUCKNOW_001,30.1,989.1,60.0,False,NORMAL
2025-06-07 21:00:00+00:00,LUCKNOW_001,30.0,988.9,61.0,False,NORMAL
2025-06-07 22:00:00+00:00,LUCKNOW_001,29.1,989.6,63.0,False,NORMAL
2025-06-07 23:00:00+00:00,LUCKNOW_001,29.0,989.9,62.0,False,NORMAL
2025-06-08 00:00:00+00:00,LUCKNOW_001,30.9,989.9,59.0,False,NORMAL
2025-06-08 01:00:00+00:00,LUCKNOW_001,31.2,990.8,57.0,False,NORMAL
2025-06-08 02:00:00+00:00,LUCKNOW_001,33.4,990.9,52.0,False,NORMAL
2025-06-08 03:00:00+00:00,LUCKNOW_001,33.8,990.9,51.0,False,NORMAL
2025-06-08 04:00:00+00:00,LUCKNOW_001,34.2,990.7,50.0,False,NORMAL
2025-06-08 05:00:00+00:00,LUCKNOW_001,37.5,990.5,40.0,False,NORMAL
2025-06-08 06:00:00+00:00,LUCKNOW_001,40.1,990.1,33.0,False,NORMAL
2025-06-08 07:00:00+00:00,LUCKNOW_001,40.2,989.4,32.0,False,NORMAL
2025-06-08 08:00:00+00:00,LUCKNOW_001,41.4,988.6,29.0,False,NORMAL
2025-06-08 09:00:00+00:00,LUCKNOW_001,41.7,987.5,28.0,False,NORMAL
2025-06-08 10:00:00+00:00,LUCKNOW_001,40.6,986.5,35.0,False,NORMAL
2025-06-08 11:00:00+00:00,LUCKNOW_001,40.7,986.3,34.0,False,NORMAL
2025-06-08 12:00:00+00:00,LUCKNOW_001,40.4,985.9,33.0,False,NORMAL
2025-06-08 13:00:00+00:00,LUCKNOW_001,40.7,986.5,30.0,False,NORMAL
2025-06-08 14:00:00+00:00,LUCKNOW_001,40.0,986.6,33.0,False,NORMAL
2025-06-08 15:00:00+00:00,LUCKNOW_001,37.5,987.0,37.0,False,NORMAL
2025-06-08 16:00:00+00:00,LUCKNOW_001,36.5,987.4,41.0,False,NORMAL
2025-06-08 17:00:00+00:00,LUCKNOW_001,35.5,987.6,44.0,False,NORMAL
2025-06-08 18:00:00+00:00,LUCKNOW_001,34.2,987.4,49.0,False,NORMAL
2025-06-08 19:00:00+00:00,LUCKNOW_001,33.0,987.2,53.0,False,NORMAL
2025-06-08 20:00:00+00:00,LUCKNOW_001,32.1,986.9,54.0,False,NORMAL
2025-06-08 21:00:00+00:00,LUCKNOW_001,32.4,987.1,53.0,False,NORMAL
2025-06-08 22:00:00+00:00,LUCKNOW_001,32.3,987.5,52.0,False,NORMAL
2025-06-08 23:00:00+00:00,LUCKNOW_001,32.1,987.9,53.0,False,NORMAL
2025-06-09 00:00:00+00:00,LUCKNOW_001,33.1,988.1,51.0,False,NORMAL
2025-06-09 01:00:00+00:00,LUCKNOW_001,32.9,989.1,53.0,False,NORMAL
2025-06-09 02:00:00+00:00,LUCKNOW_001,34.2,989.1,52.0,False,NORMAL
2025-06-09 03:00:00+00:00,LUCKNOW_001,34.5,989.6,53.0,False,NORMAL
2025-06-09 04:00:00+00:00,LUCKNOW_001,35.2,989.4,50.0,False,NORMAL
2025-06-09 05:00:00+00:00,LUCKNOW_001,38.2,989.3,41.0,False,NORMAL
2025-06-09 06:00:00+00:00,LUCKNOW_001,40.0,988.4,37.0,False,NORMAL
2025-06-09 07:00:00+00:00,LUCKNOW_001,40.2,987.8,36.0,False,NORMAL
2025-06-09 08:00:00+00:00,LUCKNOW_001,42.1,986.8,33.0,False,NORMAL
2025-06-09 09:00:00+00:00,LUCKNOW_001,42.1,985.7,34.0,False,NORMAL
2025-06-09 10:00:00+00:00,LUCKNOW_001,41.0,984.9,35.0,False,NORMAL
2025-06-09 11:00:00+00:00,LUCKNOW_001,40.7,983.7,36.0,False,NORMAL
2025-06-09 12:00:00+00:00,LUCKNOW_001,40.9,983.4,35.0,False,NORMAL
2025-06-09 13:00:00+00:00,LUCKNOW_001,41.0,983.8,34.0,False,NORMAL
2025-06-09 14:00:00+00:00,LUCKNOW_001,38.7,983.9,42.0,False,NORMAL
2025-06-09 15:00:00+00:00,LUCKNOW_001,36.3,984.5,48.0,False,NORMAL
2025-06-09 16:00:00+00:00,LUCKNOW_001,35.7,985.2,48.0,False,NORMAL
2025-06-09 17:00:00+00:00,LUCKNOW_001,34.4,985.4,51.0,False,NORMAL
2025-06-09 18:00:00+00:00,LUCKNOW_001,33.8,985.7,54.0,False,NORMAL
2025-06-09 19:00:00+00:00,LUCKNOW_001,33.8,985.7,54.0,False,NORMAL
2025-06-09 20:00:00+00:00,LUCKNOW_001,32.8,985.6,56.0,False,NORMAL
2025-06-09 21:00:00+00:00,LUCKNOW_001,32.8,985.7,56.0,False,NORMAL
2025-06-09 22:00:00+00:00,LUCKNOW_001,32.4,985.9,58.0,False,NORMAL
2025-06-09 23:00:00+00:00,LUCKNOW_001,32.6,985.7,58.0,False,NORMAL
2025-06-10 00:00:00+00:00,LUCKNOW_001,34.1,986.2,56.0,False,NORMAL
2025-06-10 01:00:00+00:00,LUCKNOW_001,34.4,986.9,56.0,False,NORMAL
2025-06-10 02:00:00+00:00,LUCKNOW_001,35.5,987.2,54.0,False,NORMAL
2025-06-10 03:00:00+00:00,LUCKNOW_001,36.0,987.5,53.0,False,NORMAL
2025-06-10 04:00:00+00:00,LUCKNOW_001,36.3,987.5,51.0,False,NORMAL
2025-06-10 05:00:00+00:00,LUCKNOW_001,38.9,987.6,43.0,False,NORMAL
2025-06-10 06:00:00+00:00,LUCKNOW_001,40.4,987.2,40.0,False,NORMAL
2025-06-10 07:00:00+00:00,LUCKNOW_001,40.5,986.7,39.0,False,NORMAL
2025-06-10 08:00:00+00:00,LUCKNOW_001,42.1,986.1,36.0,False,NORMAL
2025-06-10 09:00:00+00:00,LUCKNOW_001,42.0,985.2,36.0,False,NORMAL
2025-06-10 10:00:00+00:00,LUCKNOW_001,40.4,984.7,40.0,False,NORMAL
2025-06-10 11:00:00+00:00,LUCKNOW_001,40.4,983.5,40.0,False,NORMAL
2025-06-10 12:00:00+00:00,LUCKNOW_001,40.6,983.7,40.0,False,NORMAL
2025-06-10 13:00:00+00:00,LUCKNOW_001,40.5,984.2,39.0,False,NORMAL
2025-06-10 14:00:00+00:00,LUCKNOW_001,39.7,984.9,43.0,False,NORMAL
2025-06-10 15:00:00+00:00,LUCKNOW_001,38.2,985.5,46.0,False,NORMAL
2025-06-10 16:00:00+00:00,LUCKNOW_001,37.3,985.9,49.0,False,NORMAL
2025-06-10 17:00:00+00:00,LUCKNOW_001,35.4,986.1,54.0,False,NORMAL
2025-06-10 18:00:00+00:00,LUCKNOW_001,35.3,986.2,53.0,False,NORMAL
2025-06-10 19:00:00+00:00,LUCKNOW_001,35.3,986.0,53.0,False,NORMAL
2025-06-10 20:00:00+00:00,LUCKNOW_001,34.5,985.9,54.0,False,NORMAL
2025-06-10 21:00:00+00:00,LUCKNOW_001,34.6,985.9,53.0,False,NORMAL
2025-06-10 22:00:00+00:00,LUCKNOW_001,33.2,986.5,57.0,False,NORMAL
2025-06-10 23:00:00+00:00,LUCKNOW_001,33.0,985.8,56.0,False,NORMAL
2025-06-11 00:00:00+00:00,LUCKNOW_001,34.2,987.4,53.0,False,NORMAL
2025-06-11 01:00:00+00:00,LUCKNOW_001,34.0,988.2,54.0,False,NORMAL
2025-06-11 02:00:00+00:00,LUCKNOW_001,34.5,988.7,53.0,False,NORMAL
2025-06-11 03:00:00+00:00,LUCKNOW_001,34.6,989.2,53.0,False,NORMAL
2025-06-11 04:00:00+00:00,LUCKNOW_001,35.1,989.1,51.0,False,NORMAL
2025-06-11 05:00:00+00:00,LUCKNOW_001,37.8,988.7,45.0,False,NORMAL
2025-06-11 06:00:00+00:00,LUCKNOW_001,39.6,988.6,39.0,False,NORMAL
2025-06-11 07:00:00+00:00,LUCKNOW_001,39.5,987.6,40.0,False,NORMAL
2025-06-11 08:00:00+00:00,LUCKNOW_001,41.1,986.9,36.0,False,NORMAL
2025-06-11 09:00:00+00:00,LUCKNOW_001,41.6,986.1,35.0,False,NORMAL
2025-06-11 10:00:00+00:00,LUCKNOW_001,40.6,985.7,39.0,False,NORMAL
2025-06-11 11:00:00+00:00,LUCKNOW_001,40.1,985.2,40.0,False,NORMAL
2025-06-11 12:00:00+00:00,LUCKNOW_001,39.7,985.1,41.0,False,NORMAL
2025-06-11 13:00:00+00:00,LUCKNOW_001,40.3,985.5,39.0,False,NORMAL
2025-06-11 14:00:00+00:00,LUCKNOW_001,39.2,985.4,43.0,False,NORMAL
2025-06-11 15:00:00+00:00,LUCKNOW_001,37.2,986.3,46.0,False,NORMAL
2025-06-11 16:00:00+00:00,LUCKNOW_001,36.7,986.9,48.0,False,NORMAL
2025-06-11 17:00:00+00:00,LUCKNOW_001,35.4,986.9,52.0,False,NORMAL
2025-06-11 18:00:00+00:00,LUCKNOW_001,35.2,986.7,53.0,False,NORMAL
2025-06-11 19:00:00+00:00,LUCKNOW_001,35.2,986.4,52.0,False,NORMAL
2025-06-11 20:00:00+00:00,LUCKNOW_001,34.6,986.4,54.0,False,NORMAL
2025-06-11 21:00:00+00:00,LUCKNOW_001,34.2,986.3,54.0,False,NORMAL
2025-06-11 22:00:00+00:00,LUCKNOW_001,33.4,986.5,60.0,False,NORMAL
2025-06-11 23:00:00+00:00,LUCKNOW_001,33.6,986.5,59.0,False,NORMAL
2025-06-12 00:00:00+00:00,LUCKNOW_001,34.7,987.0,57.0,False,NORMAL
2025-06-12 01:00:00+00:00,LUCKNOW_001,34.5,987.5,57.0,False,NORMAL
2025-06-12 02:00:00+00:00,LUCKNOW_001,36.3,987.9,51.0,False,NORMAL
2025-06-12 03:00:00+00:00,LUCKNOW_001,36.6,988.0,51.0,False,NORMAL
2025-06-12 04:00:00+00:00,LUCKNOW_001,36.8,988.1,50.0,False,NORMAL
2025-06-12 05:00:00+00:00,LUCKNOW_001,39.3,988.2,44.0,False,NORMAL
2025-06-12 06:00:00+00:00,LUCKNOW_001,41.8,988.0,38.0,False,NORMAL
2025-06-12 07:00:00+00:00,LUCKNOW_001,41.8,987.2,38.0,False,NORMAL
2025-06-12 08:00:00+00:00,LUCKNOW_001,42.4,986.5,36.0,False,NORMAL
2025-06-12 09:00:00+00:00,LUCKNOW_001,42.2,985.7,36.0,False,NORMAL
2025-06-12 10:00:00+00:00,LUCKNOW_001,39.2,985.6,42.0,False,NORMAL
2025-06-12 11:00:00+00:00,LUCKNOW_001,39.5,985.0,42.0,False,NORMAL
2025-06-12 12:00:00+00:00,LUCKNOW_001,40.0,985.0,40.0,False,NORMAL
2025-06-12 13:00:00+00:00,LUCKNOW_001,39.6,985.3,42.0,False,NORMAL
2025-06-12 14:00:00+00:00,LUCKNOW_001,38.4,985.6,46.0,False,NORMAL
2025-06-12 15:00:00+00:00,LUCKNOW_001,36.6,986.3,51.0,False,NORMAL
2025-06-12 16:00:00+00:00,LUCKNOW_001,36.4,986.6,52.0,False,NORMAL
2025-06-12 17:00:00+00:00,LUCKNOW_001,35.1,987.0,56.0,False,NORMAL
2025-06-12 18:00:00+00:00,LUCKNOW_001,35.0,987.0,57.0,False,NORMAL
2025-06-12 19:00:00+00:00,LUCKNOW_001,34.6,986.9,58.0,False,NORMAL
2025-06-12 20:00:00+00:00,LUCKNOW_001,33.6,987.1,62.0,False,NORMAL
2025-06-12 21:00:00+00:00,LUCKNOW_001,33.6,987.0,62.0,False,NORMAL
2025-06-12 22:00:00+00:00,LUCKNOW_001,33.0,987.0,65.0,False,NORMAL
2025-06-12 23:00:00+00:00,LUCKNOW_001,33.0,987.1,64.0,False,NORMAL
2025-06-13 00:00:00+00:00,LUCKNOW_001,34.0,987.6,62.0,False,NORMAL
2025-06-13 01:00:00+00:00,LUCKNOW_001,34.3,988.2,60.0,False,NORMAL
2025-06-13 02:00:00+00:00,LUCKNOW_001,35.1,989.0,57.0,False,NORMAL
2025-06-13 03:00:00+00:00,LUCKNOW_001,35.6,989.1,55.0,False,NORMAL
2025-06-13 04:00:00+00:00,LUCKNOW_001,36.1,989.3,53.0,False,NORMAL
2025-06-13 05:00:00+00:00,LUCKNOW_001,38.1,989.3,47.0,False,NORMAL
2025-06-13 06:00:00+00:00,LUCKNOW_001,39.7,989.0,42.0,False,NORMAL
2025-06-13 07:00:00+00:00,LUCKNOW_001,39.8,988.7,43.0,False,NORMAL
2025-06-13 08:00:00+00:00,LUCKNOW_001,40.2,988.4,40.0,False,NORMAL
2025-06-13 09:00:00+00:00,LUCKNOW_001,39.9,987.3,41.0,False,NORMAL
2025-06-13 10:00:00+00:00,LUCKNOW_001,37.4,986.6,51.0,False,NORMAL
2025-06-13 11:00:00+00:00,LUCKNOW_001,38.0,985.8,49.0,False,NORMAL
2025-06-13 12:00:00+00:00,LUCKNOW_001,38.5,985.5,48.0,False,NORMAL
2025-06-13 13:00:00+00:00,LUCKNOW_001,38.6,986.1,46.0,False,NORMAL
2025-06-13 14:00:00+00:00,LUCKNOW_001,37.3,986.0,50.0,False,NORMAL
2025-06-13 15:00:00+00:00,LUCKNOW_001,33.8,986.4,60.0,False,NORMAL
2025-06-13 16:00:00+00:00,LUCKNOW_001,33.6,986.7,61.0,False,NORMAL
2025-06-13 17:00:00+00:00,LUCKNOW_001,32.4,986.7,66.0,False,NORMAL
2025-06-13 18:00:00+00:00,LUCKNOW_001,32.3,986.8,66.0,False,NORMAL
2025-06-13 19:00:00+00:00,LUCKNOW_001,32.2,986.7,68.0,False,NORMAL
2025-06-13 20:00:00+00:00,LUCKNOW_001,31.7,986.8,70.0,False,NORMAL
2025-06-13 21:00:00+00:00,LUCKNOW_001,31.5,986.8,70.0,False,NORMAL
2025-06-13 22:00:00+00:00,LUCKNOW_001,31.3,987.1,74.0,False,NORMAL
2025-06-13 23:00:00+00:00,LUCKNOW_001,31.2,986.9,74.0,False,NORMAL
2025-06-14 00:00:00+00:00,LUCKNOW_001,32.5,986.9,70.0,False,NORMAL
2025-06-14 01:00:00+00:00,LUCKNOW_001,32.3,987.2,70.0,False,NORMAL
2025-06-14 02:00:00+00:00,LUCKNOW_001,34.0,987.5,65.0,False,NORMAL
2025-06-14 03:00:00+00:00,LUCKNOW_001,34.5,987.6,63.0,False,NORMAL
2025-06-14 04:00:00+00:00,LUCKNOW_001,34.9,987.2,61.0,False,NORMAL
2025-06-14 05:00:00+00:00,LUCKNOW_001,37.5,986.9,52.0,False,NORMAL
2025-06-14 06:00:00+00:00,LUCKNOW_001,39.5,986.4,44.0,False,NORMAL
2025-06-14 07:00:00+00:00,LUCKNOW_001,39.8,985.7,43.0,False,NORMAL
2025-06-14 08:00:00+00:00,LUCKNOW_001,40.6,985.1,41.0,False,NORMAL
2025-06-14 09:00:00+00:00,LUCKNOW_001,41.1,984.3,39.0,False,NORMAL
2025-06-14 10:00:00+00:00,LUCKNOW_001,40.1,982.8,43.0,False,NORMAL
2025-06-14 11:00:00+00:00,LUCKNOW_001,40.4,982.1,41.0,False,NORMAL
2025-06-14 12:00:00+00:00,LUCKNOW_001,40.9,981.2,39.0,False,NORMAL
2025-06-14 13:00:00+00:00,LUCKNOW_001,39.6,981.7,41.0,False,NORMAL
2025-06-14 14:00:00+00:00,LUCKNOW_001,37.5,982.3,50.0,False,NORMAL
2025-06-14 15:00:00+00:00,LUCKNOW_001,36.3,983.5,54.0,False,NORMAL
2025-06-14 16:00:00+00:00,LUCKNOW_001,36.4,984.4,52.0,False,NORMAL
2025-06-14 17:00:00+00:00,LUCKNOW_001,35.0,984.8,55.0,False,NORMAL
2025-06-14 18:00:00+00:00,LUCKNOW_001,34.8,984.9,56.0,False,NORMAL
2025-06-14 19:00:00+00:00,LUCKNOW_001,35.1,984.9,54.0,False,NORMAL
2025-06-14 20:00:00+00:00,LUCKNOW_001,34.1,984.8,58.0,False,NORMAL
2025-06-14 21:00:00+00:00,LUCKNOW_001,30.8,985.0,73.0,False,NORMAL
2025-06-14 22:00:00+00:00,LUCKNOW_001,31.3,985.2,69.0,False,NORMAL
2025-06-14 23:00:00+00:00,LUCKNOW_001,31.1,985.1,71.0,False,NORMAL
2025-06-15 00:00:00+00:00,LUCKNOW_001,30.6,985.7,74.0,False,NORMAL
2025-06-15 01:00:00+00:00,LUCKNOW_001,29.9,986.4,79.0,False,NORMAL
2025-06-15 02:00:00+00:00,LUCKNOW_001,30.6,986.5,74.0,False,NORMAL
2025-06-15 03:00:00+00:00,LUCKNOW_001,33.0,986.7,63.0,False,NORMAL
2025-06-15 04:00:00+00:00,LUCKNOW_001,33.5,986.7,62.0,False,NORMAL
2025-06-15 05:00:00+00:00,LUCKNOW_001,35.4,986.5,56.0,False,NORMAL
2025-06-15 06:00:00+00:00,LUCKNOW_001,36.6,986.2,52.0,False,NORMAL
2025-06-15 07:00:00+00:00,LUCKNOW_001,36.4,985.0,52.0,False,NORMAL
2025-06-15 08:00:00+00:00,LUCKNOW_001,37.9,984.4,49.0,False,NORMAL
2025-06-15 09:00:00+00:00,LUCKNOW_001,37.6,983.6,50.0,False,NORMAL
2025-06-15 10:00:00+00:00,LUCKNOW_001,35.4,982.8,58.0,False,NORMAL
2025-06-15 11:00:00+00:00,LUCKNOW_001,32.5,982.4,71.0,False,NORMAL
2025-06-15 12:00:00+00:00,LUCKNOW_001,33.0,982.2,69.0,False,NORMAL
2025-06-15 13:00:00+00:00,LUCKNOW_001,33.1,982.3,68.0,False,NORMAL
2025-06-15 14:00:00+00:00,LUCKNOW_001,32.9,982.9,69.0,False,NORMAL
2025-06-15 15:00:00+00:00,LUCKNOW_001,32.4,984.0,70.0,False,NORMAL
2025-06-15 16:00:00+00:00,LUCKNOW_001,33.1,984.9,65.0,False,NORMAL
2025-06-15 17:00:00+00:00,LUCKNOW_001,32.0,985.3,68.0,False,NORMAL
2025-06-15 18:00:00+00:00,LUCKNOW_001,31.9,985.3,69.0,False,NORMAL
2025-06-15 19:00:00+00:00,LUCKNOW_001,31.2,985.5,74.0,False,NORMAL
2025-06-15 20:00:00+00:00,LUCKNOW_001,29.7,986.1,81.0,False,NORMAL
2025-06-15 21:00:00+00:00,LUCKNOW_001,29.7,986.4,84.0,False,NORMAL
2025-06-15 22:00:00+00:00,LUCKNOW_001,28.5,985.2,87.0,False,NORMAL
2025-06-15 23:00:00+00:00,LUCKNOW_001,27.8,984.7,89.0,False,NORMAL
2025-06-16 00:00:00+00:00,LUCKNOW_001,28.3,985.6,85.0,False,NORMAL
2025-06-16 01:00:00+00:00,LUCKNOW_001,28.5,986.1,84.0,False,NORMAL
2025-06-16 02:00:00+00:00,LUCKNOW_001,29.2,986.7,81.0,False,NORMAL
2025-06-16 03:00:00+00:00,LUCKNOW_001,29.6,987.1,78.0,False,NORMAL
2025-06-16 04:00:00+00:00,LUCKNOW_001,29.9,987.0,76.0,False,NORMAL
2025-06-16 05:00:00+00:00,LUCKNOW_001,31.5,986.9,69.0,False,NORMAL
2025-06-16 06:00:00+00:00,LUCKNOW_001,32.8,986.7,67.0,False,NORMAL
2025-06-16 07:00:00+00:00,LUCKNOW_001,33.1,985.9,66.0,False,NORMAL
2025-06-16 08:00:00+00:00,LUCKNOW_001,35.2,985.0,60.0,False,NORMAL
2025-06-16 09:00:00+00:00,LUCKNOW_001,35.5,984.1,58.0,False,NORMAL
2025-06-16 10:00:00+00:00,LUCKNOW_001,34.8,983.4,61.0,False,NORMAL
2025-06-16 11:00:00+00:00,LUCKNOW_001,33.5,983.0,66.0,False,NORMAL
2025-06-16 12:00:00+00:00,LUCKNOW_001,33.4,982.5,67.0,False,NORMAL
2025-06-16 13:00:00+00:00,LUCKNOW_001,33.6,983.1,65.0,False,NORMAL
2025-06-16 14:00:00+00:00,LUCKNOW_001,32.3,983.9,68.0,False,NORMAL
2025-06-16 15:00:00+00:00,LUCKNOW_001,31.1,985.1,76.0,False,NORMAL
2025-06-16 16:00:00+00:00,LUCKNOW_001,31.5,985.6,72.0,False,NORMAL
2025-06-16 17:00:00+00:00,LUCKNOW_001,30.8,986.3,74.0,False,NORMAL
2025-06-16 18:00:00+00:00,LUCKNOW_001,30.7,986.5,75.0,False,NORMAL
2025-06-16 19:00:00+00:00,LUCKNOW_001,30.5,986.2,76.0,False,NORMAL
2025-06-16 20:00:00+00:00,LUCKNOW_001,29.9,986.1,78.0,False,NORMAL
2025-06-16 21:00:00+00:00,LUCKNOW_001,29.7,985.4,80.0,False,NORMAL
2025-06-16 22:00:00+00:00,LUCKNOW_001,29.4,985.4,79.0,False,NORMAL
2025-06-16 23:00:00+00:00,LUCKNOW_001,28.1,985.7,86.0,False,NORMAL
2025-06-17 00:00:00+00:00,LUCKNOW_001,28.7,985.6,86.0,False,NORMAL
2025-06-17 01:00:00+00:00,LUCKNOW_001,28.5,986.4,88.0,False,NORMAL
2025-06-17 02:00:00+00:00,LUCKNOW_001,29.7,986.7,81.0,False,NORMAL
2025-06-17 03:00:00+00:00,LUCKNOW_001,30.4,986.8,78.0,False,NORMAL
2025-06-17 04:00:00+00:00,LUCKNOW_001,30.9,986.9,76.0,False,NORMAL
2025-06-17 05:00:00+00:00,LUCKNOW_001,32.3,986.8,72.0,False,NORMAL
2025-06-17 06:00:00+00:00,LUCKNOW_001,33.5,986.6,69.0,False,NORMAL
2025-06-17 07:00:00+00:00,LUCKNOW_001,33.8,986.0,68.0,False,NORMAL
2025-06-17 08:00:00+00:00,LUCKNOW_001,36.1,985.1,60.0,False,NORMAL
2025-06-17 09:00:00+00:00,LUCKNOW_001,36.4,984.2,56.0,False,NORMAL
2025-06-17 10:00:00+00:00,LUCKNOW_001,35.1,983.1,61.0,False,NORMAL
2025-06-17 11:00:00+00:00,LUCKNOW_001,35.9,982.2,57.0,False,NORMAL
2025-06-17 12:00:00+00:00,LUCKNOW_001,35.4,982.9,58.0,False,NORMAL
2025-06-17 13:00:00+00:00,LUCKNOW_001,35.0,983.8,60.0,False,NORMAL
2025-06-17 14:00:00+00:00,LUCKNOW_001,34.3,984.5,63.0,False,NORMAL
2025-06-17 15:00:00+00:00,LUCKNOW_001,31.7,985.7,73.0,False,NORMAL
2025-06-17 16:00:00+00:00,LUCKNOW_001,31.5,986.1,75.0,False,NORMAL
2025-06-17 17:00:00+00:00,LUCKNOW_001,30.0,986.4,79.0,False,NORMAL
2025-06-17 18:00:00+00:00,LUCKNOW_001,29.7,986.5,81.0,False,NORMAL
2025-06-17 19:00:00+00:00,LUCKNOW_001,28.6,986.4,89.0,False,NORMAL
2025-06-17 20:00:00+00:00,LUCKNOW_001,27.4,986.0,94.0,False,NORMAL
2025-06-17 21:00:00+00:00,LUCKNOW_001,27.5,985.7,94.0,False,NORMAL
2025-06-17 22:00:00+00:00,LUCKNOW_001,26.6,985.0,98.0,False,NORMAL
2025-06-17 23:00:00+00:00,LUCKNOW_001,27.1,984.8,95.0,False,NORMAL
2025-06-18 00:00:00+00:00,LUCKNOW_001,28.1,985.1,88.0,False,NORMAL
2025-06-18 01:00:00+00:00,LUCKNOW_001,28.5,985.7,86.0,False,NORMAL
2025-06-18 02:00:00+00:00,LUCKNOW_001,29.6,986.4,80.0,False,NORMAL
2025-06-18 03:00:00+00:00,LUCKNOW_001,30.3,986.3,76.0,False,NORMAL
2025-06-18 04:00:00+00:00,LUCKNOW_001,30.6,986.5,75.0,False,NORMAL
2025-06-18 05:00:00+00:00,LUCKNOW_001,30.8,986.1,76.0,False,NORMAL
2025-06-18 06:00:00+00:00,LUCKNOW_001,32.2,985.4,72.0,False,NORMAL
2025-06-18 07:00:00+00:00,LUCKNOW_001,32.1,984.9,72.0,False,NORMAL
2025-06-18 08:00:00+00:00,LUCKNOW_001,33.3,984.5,67.0,False,NORMAL
2025-06-18 09:00:00+00:00,LUCKNOW_001,34.4,983.3,63.0,False,NORMAL
2025-06-18 10:00:00+00:00,LUCKNOW_001,34.7,982.7,60.0,False,NORMAL
2025-06-18 11:00:00+00:00,LUCKNOW_001,34.6,982.1,59.0,False,NORMAL
2025-06-18 12:00:00+00:00,LUCKNOW_001,35.0,982.1,56.0,False,NORMAL
2025-06-18 13:00:00+00:00,LUCKNOW_001,34.7,982.7,61.0,False,NORMAL
2025-06-18 14:00:00+00:00,LUCKNOW_001,34.7,983.2,56.0,False,NORMAL
2025-06-18 15:00:00+00:00,LUCKNOW_001,32.9,983.8,66.0,False,NORMAL
2025-06-18 16:00:00+00:00,LUCKNOW_001,32.2,984.1,71.0,False,NORMAL
2025-06-18 17:00:00+00:00,LUCKNOW_001,30.8,984.4,76.0,False,NORMAL
2025-06-18 18:00:00+00:00,LUCKNOW_001,30.2,984.0,81.0,False,NORMAL
2025-06-18 19:00:00+00:00,LUCKNOW_001,29.9,983.5,83.0,False,NORMAL
2025-06-18 20:00:00+00:00,LUCKNOW_001,29.3,983.0,86.0,False,NORMAL
2025-06-18 21:00:00+00:00,LUCKNOW_001,29.0,982.6,89.0,False,NORMAL
2025-06-18 22:00:00+00:00,LUCKNOW_001,28.8,982.6,86.0,False,NORMAL
2025-06-18 23:00:00+00:00,LUCKNOW_001,28.9,982.9,86.0,False,NORMAL
2025-06-19 00:00:00+00:00,LUCKNOW_001,30.4,983.2,82.0,False,NORMAL
2025-06-19 01:00:00+00:00,LUCKNOW_001,30.5,983.9,81.0,False,NORMAL
2025-06-19 02:00:00+00:00,LUCKNOW_001,31.8,984.2,76.0,False,NORMAL
2025-06-19 03:00:00+00:00,LUCKNOW_001,32.6,984.0,72.0,False,NORMAL
2025-06-19 04:00:00+00:00,LUCKNOW_001,33.3,984.1,67.0,False,NORMAL
2025-06-19 05:00:00+00:00,LUCKNOW_001,34.4,984.0,61.0,False,NORMAL
2025-06-19 06:00:00+00:00,LUCKNOW_001,36.1,983.9,54.0,False,NORMAL
2025-06-19 07:00:00+00:00,LUCKNOW_001,36.3,983.4,53.0,False,NORMAL
2025-06-19 08:00:00+00:00,LUCKNOW_001,36.2,983.0,54.0,False,NORMAL
2025-06-19 09:00:00+00:00,LUCKNOW_001,36.4,982.1,52.0,False,NORMAL
2025-06-19 10:00:00+00:00,LUCKNOW_001,35.8,981.0,51.0,False,NORMAL
2025-06-19 11:00:00+00:00,LUCKNOW_001,32.6,981.1,70.0,False,NORMAL
2025-06-19 12:00:00+00:00,LUCKNOW_001,32.3,981.8,74.0,False,NORMAL
2025-06-19 13:00:00+00:00,LUCKNOW_001,32.5,982.4,74.0,False,NORMAL
2025-06-19 14:00:00+00:00,LUCKNOW_001,31.8,983.1,75.0,False,NORMAL
2025-06-19 15:00:00+00:00,LUCKNOW_001,29.7,984.2,86.0,False,NORMAL
2025-06-19 16:00:00+00:00,LUCKNOW_001,28.9,985.4,90.0,False,NORMAL
2025-06-19 17:00:00+00:00,LUCKNOW_001,27.8,985.9,94.0,False,NORMAL
2025-06-19 18:00:00+00:00,LUCKNOW_001,27.7,985.5,94.0,False,NORMAL
2025-06-19 19:00:00+00:00,LUCKNOW_001,27.7,984.9,95.0,False,NORMAL
2025-06-19 20:00:00+00:00,LUCKNOW_001,26.9,984.5,97.0,False,NORMAL
2025-06-19 21:00:00+00:00,LUCKNOW_001,27.1,984.6,97.0,False,NORMAL
2025-06-19 22:00:00+00:00,LUCKNOW_001,26.9,985.7,95.0,False,NORMAL
2025-06-19 23:00:00+00:00,LUCKNOW_001,26.8,985.5,96.0,False,NORMAL
2025-06-20 00:00:00+00:00,LUCKNOW_001,27.2,985.7,95.0,False,NORMAL
2025-06-20 01:00:00+00:00,LUCKNOW_001,27.2,986.3,95.0,False,NORMAL
2025-06-20 02:00:00+00:00,LUCKNOW_001,27.8,986.8,93.0,False,NORMAL
2025-06-20 03:00:00+00:00,LUCKNOW_001,27.9,987.3,92.0,False,NORMAL
2025-06-20 04:00:00+00:00,LUCKNOW_001,28.7,987.2,87.0,False,NORMAL
2025-06-20 05:00:00+00:00,LUCKNOW_001,30.5,987.0,78.0,False,NORMAL
2025-06-20 06:00:00+00:00,LUCKNOW_001,31.7,986.5,74.0,False,NORMAL
2025-06-20 07:00:00+00:00,LUCKNOW_001,32.0,986.0,72.0,False,NORMAL
2025-06-20 08:00:00+00:00,LUCKNOW_001,33.3,985.6,69.0,False,NORMAL
2025-06-20 09:00:00+00:00,LUCKNOW_001,33.5,984.9,68.0,False,NORMAL
2025-06-20 10:00:00+00:00,LUCKNOW_001,32.7,984.4,67.0,False,NORMAL
2025-06-20 11:00:00+00:00,LUCKNOW_001,33.1,984.0,65.0,False,NORMAL
2025-06-20 12:00:00+00:00,LUCKNOW_001,32.9,984.1,65.0,False,NORMAL
2025-06-20 13:00:00+00:00,LUCKNOW_001,32.5,984.9,67.0,False,NORMAL
2025-06-20 14:00:00+00:00,LUCKNOW_001,31.7,985.5,70.0,False,NORMAL
2025-06-20 15:00:00+00:00,LUCKNOW_001,30.6,986.0,77.0,False,NORMAL
2025-06-20 16:00:00+00:00,LUCKNOW_001,30.4,986.4,79.0,False,NORMAL
2025-06-20 17:00:00+00:00,LUCKNOW_001,29.6,986.8,81.0,False,NORMAL
2025-06-20 18:00:00+00:00,LUCKNOW_001,29.4,986.9,82.0,False,NORMAL
2025-06-20 19:00:00+00:00,LUCKNOW_001,29.4,986.4,82.0,False,NORMAL
2025-06-20 20:00:00+00:00,LUCKNOW_001,28.9,986.2,85.0,False,NORMAL
2025-06-20 21:00:00+00:00,LUCKNOW_001,29.0,985.8,84.0,False,NORMAL
2025-06-20 22:00:00+00:00,LUCKNOW_001,28.5,986.3,89.0,False,NORMAL
2025-06-20 23:00:00+00:00,LUCKNOW_001,28.5,986.0,88.0,False,NORMAL
2025-06-21 00:00:00+00:00,LUCKNOW_001,29.1,986.2,84.0,False,NORMAL
2025-06-21 01:00:00+00:00,LUCKNOW_001,29.2,986.7,83.0,False,NORMAL
2025-06-21 02:00:00+00:00,LUCKNOW_001,30.3,987.2,79.0,False,NORMAL
2025-06-21 03:00:00+00:00,LUCKNOW_001,30.5,987.5,78.0,False,NORMAL
2025-06-21 04:00:00+00:00,LUCKNOW_001,30.6,987.8,77.0,False,NORMAL
2025-06-21 05:00:00+00:00,LUCKNOW_001,31.7,987.4,72.0,False,NORMAL
2025-06-21 06:00:00+00:00,LUCKNOW_001,32.8,986.7,69.0,False,NORMAL
2025-06-21 07:00:00+00:00,LUCKNOW_001,32.9,986.3,68.0,False,NORMAL
2025-06-21 08:00:00+00:00,LUCKNOW_001,34.1,985.9,65.0,False,NORMAL
2025-06-21 09:00:00+00:00,LUCKNOW_001,33.9,984.7,65.0,False,NORMAL
2025-06-21 10:00:00+00:00,LUCKNOW_001,34.2,984.3,64.0,False,NORMAL
2025-06-21 11:00:00+00:00,LUCKNOW_001,33.9,984.0,64.0,False,NORMAL
2025-06-21 12:00:00+00:00,LUCKNOW_001,33.4,983.7,66.0,False,NORMAL
2025-06-21 13:00:00+00:00,LUCKNOW_001,32.9,984.2,69.0,False,NORMAL
2025-06-21 14:00:00+00:00,LUCKNOW_001,32.4,984.9,71.0,False,NORMAL
2025-06-21 15:00:00+00:00,LUCKNOW_001,30.9,985.8,78.0,False,NORMAL
2025-06-21 16:00:00+00:00,LUCKNOW_001,30.5,986.2,81.0,False,NORMAL
2025-06-21 17:00:00+00:00,LUCKNOW_001,30.2,986.6,83.0,False,NORMAL
2025-06-21 18:00:00+00:00,LUCKNOW_001,30.2,986.4,84.0,False,NORMAL
2025-06-21 19:00:00+00:00,LUCKNOW_001,29.8,986.3,85.0,False,NORMAL
2025-06-21 20:00:00+00:00,LUCKNOW_001,28.6,985.9,91.0,False,NORMAL
2025-06-21 21:00:00+00:00,LUCKNOW_001,28.4,985.6,90.0,False,NORMAL
2025-06-21 22:00:00+00:00,LUCKNOW_001,27.8,985.5,95.0,False,NORMAL
2025-06-21 23:00:00+00:00,LUCKNOW_001,28.0,985.0,94.0,False,NORMAL
2025-06-22 00:00:00+00:00,LUCKNOW_001,28.6,985.4,92.0,False,NORMAL
2025-06-22 01:00:00+00:00,LUCKNOW_001,28.6,985.9,92.0,False,NORMAL
2025-06-22 02:00:00+00:00,LUCKNOW_001,28.8,986.5,91.0,False,NORMAL
2025-06-22 03:00:00+00:00,LUCKNOW_001,29.5,986.8,86.0,False,NORMAL
2025-06-22 04:00:00+00:00,LUCKNOW_001,30.2,986.8,83.0,False,NORMAL
2025-06-22 05:00:00+00:00,LUCKNOW_001,31.6,986.3,79.0,False,NORMAL
2025-06-22 06:00:00+00:00,LUCKNOW_001,32.7,985.7,74.0,False,NORMAL
2025-06-22 07:00:00+00:00,LUCKNOW_001,32.8,985.3,73.0,False,NORMAL
2025-06-22 08:00:00+00:00,LUCKNOW_001,33.0,984.8,74.0,False,NORMAL
2025-06-22 09:00:00+00:00,LUCKNOW_001,33.1,983.8,73.0,False,NORMAL
2025-06-22 10:00:00+00:00,LUCKNOW_001,32.6,982.8,72.0,False,NORMAL
2025-06-22 11:00:00+00:00,LUCKNOW_001,33.1,982.2,70.0,False,NORMAL
2025-06-22 12:00:00+00:00,LUCKNOW_001,32.6,982.4,72.0,False,NORMAL
2025-06-22 13:00:00+00:00,LUCKNOW_001,31.2,983.0,81.0,False,NORMAL
2025-06-22 14:00:00+00:00,LUCKNOW_001,31.0,983.8,84.0,False,NORMAL
2025-06-22 15:00:00+00:00,LUCKNOW_001,29.8,984.6,90.0,False,NORMAL
2025-06-22 16:00:00+00:00,LUCKNOW_001,29.8,985.1,92.0,False,NORMAL
2025-06-22 17:00:00+00:00,LUCKNOW_001,29.6,985.4,91.0,False,NORMAL
2025-06-22 18:00:00+00:00,LUCKNOW_001,29.4,985.3,91.0,False,NORMAL
2025-06-22 19:00:00+00:00,LUCKNOW_001,29.4,984.6,90.0,False,NORMAL
2025-06-22 20:00:00+00:00,LUCKNOW_001,28.2,984.3,94.0,False,NORMAL
2025-06-22 21:00:00+00:00,LUCKNOW_001,28.1,984.0,95.0,False,NORMAL
2025-06-22 22:00:00+00:00,LUCKNOW_001,27.8,983.2,93.0,False,NORMAL
2025-06-22 23:00:00+00:00,LUCKNOW_001,27.6,983.6,93.0,False,NORMAL
2025-06-23 00:00:00+00:00,LUCKNOW_001,27.8,984.0,94.0,False,NORMAL
2025-06-23 01:00:00+00:00,LUCKNOW_001,27.8,984.7,93.0,False,NORMAL
2025-06-23 02:00:00+00:00,LUCKNOW_001,28.4,984.9,90.0,False,NORMAL
2025-06-23 03:00:00+00:00,LUCKNOW_001,28.8,985.1,87.0,False,NORMAL
2025-06-23 04:00:00+00:00,LUCKNOW_001,29.3,985.2,84.0,False,NORMAL
2025-06-23 05:00:00+00:00,LUCKNOW_001,30.9,985.3,78.0,False,NORMAL
2025-06-23 06:00:00+00:00,LUCKNOW_001,31.8,984.9,76.0,False,NORMAL
2025-06-23 07:00:00+00:00,LUCKNOW_001,31.5,984.1,77.0,False,NORMAL
2025-06-23 08:00:00+00:00,LUCKNOW_001,32.3,983.4,72.0,False,NORMAL
2025-06-23 09:00:00+00:00,LUCKNOW_001,32.4,982.6,71.0,False,NORMAL
2025-06-23 10:00:00+00:00,LUCKNOW_001,32.4,982.2,73.0,False,NORMAL
2025-06-23 11:00:00+00:00,LUCKNOW_001,32.3,981.7,72.0,False,NORMAL
2025-06-23 12:00:00+00:00,LUCKNOW_001,32.1,981.8,73.0,False,NORMAL
2025-06-23 13:00:00+00:00,LUCKNOW_001,32.1,982.0,73.0,False,NORMAL
2025-06-23 14:00:00+00:00,LUCKNOW_001,31.6,982.9,75.0,False,NORMAL
2025-06-23 15:00:00+00:00,LUCKNOW_001,30.0,983.2,83.0,False,NORMAL
2025-06-23 16:00:00+00:00,LUCKNOW_001,29.7,983.7,86.0,False,NORMAL
2025-06-23 17:00:00+00:00,LUCKNOW_001,29.1,984.0,88.0,False,NORMAL
2025-06-23 18:00:00+00:00,LUCKNOW_001,29.0,983.8,89.0,False,NORMAL
2025-06-23 19:00:00+00:00,LUCKNOW_001,29.0,983.5,89.0,False,NORMAL
2025-06-23 20:00:00+00:00,LUCKNOW_001,28.7,982.9,91.0,False,NORMAL
2025-06-23 21:00:00+00:00,LUCKNOW_001,28.7,982.5,92.0,False,NORMAL
2025-06-23 22:00:00+00:00,LUCKNOW_001,28.3,982.8,91.0,False,NORMAL
2025-06-23 23:00:00+00:00,LUCKNOW_001,28.2,982.5,91.0,False,NORMAL
2025-06-24 00:00:00+00:00,LUCKNOW_001,29.3,982.6,86.0,False,NORMAL
2025-06-24 01:00:00+00:00,LUCKNOW_001,29.4,982.9,85.0,False,NORMAL
2025-06-24 02:00:00+00:00,LUCKNOW_001,30.4,983.8,81.0,False,NORMAL
2025-06-24 03:00:00+00:00,LUCKNOW_001,30.6,983.7,80.0,False,NORMAL
2025-06-24 04:00:00+00:00,LUCKNOW_001,30.4,984.0,81.0,False,NORMAL
2025-06-24 05:00:00+00:00,LUCKNOW_001,32.4,984.1,73.0,False,NORMAL
2025-06-24 06:00:00+00:00,LUCKNOW_001,34.2,983.7,69.0,False,NORMAL
2025-06-24 07:00:00+00:00,LUCKNOW_001,34.7,983.1,67.0,False,NORMAL
2025-06-24 08:00:00+00:00,LUCKNOW_001,35.0,982.7,66.0,False,NORMAL
2025-06-24 09:00:00+00:00,LUCKNOW_001,35.0,982.0,66.0,False,NORMAL
2025-06-24 10:00:00+00:00,LUCKNOW_001,33.5,981.8,72.0,False,NORMAL
2025-06-24 11:00:00+00:00,LUCKNOW_001,33.5,980.8,72.0,False,NORMAL
2025-06-24 12:00:00+00:00,LUCKNOW_001,34.0,980.6,69.0,False,NORMAL
2025-06-24 13:00:00+00:00,LUCKNOW_001,34.3,981.5,66.0,False,NORMAL
2025-06-24 14:00:00+00:00,LUCKNOW_001,32.8,982.7,72.0,False,NORMAL
2025-06-24 15:00:00+00:00,LUCKNOW_001,30.9,983.6,83.0,False,NORMAL
2025-06-24 16:00:00+00:00,LUCKNOW_001,30.5,984.9,86.0,False,NORMAL
2025-06-24 17:00:00+00:00,LUCKNOW_001,30.0,985.6,89.0,False,NORMAL
2025-06-24 18:00:00+00:00,LUCKNOW_001,29.9,985.5,90.0,False,NORMAL
2025-06-24 19:00:00+00:00,LUCKNOW_001,29.7,985.1,90.0,False,NORMAL
2025-06-24 20:00:00+00:00,LUCKNOW_001,29.4,985.0,90.0,False,NORMAL
2025-06-24 21:00:00+00:00,LUCKNOW_001,29.3,985.1,89.0,False,NORMAL
2025-06-24 22:00:00+00:00,LUCKNOW_001,29.1,985.2,87.0,False,NORMAL
2025-06-24 23:00:00+00:00,LUCKNOW_001,29.3,984.8,86.0,False,NORMAL
2025-06-25 00:00:00+00:00,LUCKNOW_001,30.0,985.1,82.0,False,NORMAL
2025-06-25 01:00:00+00:00,LUCKNOW_001,29.9,985.8,83.0,False,NORMAL
2025-06-25 02:00:00+00:00,LUCKNOW_001,30.3,985.9,81.0,False,NORMAL
2025-06-25 03:00:00+00:00,LUCKNOW_001,30.3,986.7,81.0,False,NORMAL
2025-06-25 04:00:00+00:00,LUCKNOW_001,30.3,987.3,81.0,False,NORMAL
2025-06-25 05:00:00+00:00,LUCKNOW_001,32.1,987.7,75.0,False,NORMAL
2025-06-25 06:00:00+00:00,LUCKNOW_001,33.2,987.3,72.0,False,NORMAL
2025-06-25 07:00:00+00:00,LUCKNOW_001,33.5,987.0,71.0,False,NORMAL
2025-06-25 08:00:00+00:00,LUCKNOW_001,34.5,986.1,69.0,False,NORMAL
2025-06-25 09:00:00+00:00,LUCKNOW_001,34.3,984.9,68.0,False,NORMAL
2025-06-25 10:00:00+00:00,LUCKNOW_001,34.2,983.9,65.0,False,NORMAL
2025-06-25 11:00:00+00:00,LUCKNOW_001,34.6,983.6,63.0,False,NORMAL
2025-06-25 12:00:00+00:00,LUCKNOW_001,34.4,984.0,62.0,False,NORMAL
2025-06-25 13:00:00+00:00,LUCKNOW_001,34.3,984.3,62.0,False,NORMAL
2025-06-25 14:00:00+00:00,LUCKNOW_001,33.4,985.6,64.0,False,NORMAL
2025-06-25 15:00:00+00:00,LUCKNOW_001,31.8,986.6,72.0,False,NORMAL
2025-06-25 16:00:00+00:00,LUCKNOW_001,31.5,987.4,75.0,False,NORMAL
2025-06-25 17:00:00+00:00,LUCKNOW_001,30.9,987.4,78.0,False,NORMAL
2025-06-25 18:00:00+00:00,LUCKNOW_001,30.7,987.7,80.0,False,NORMAL
2025-06-25 19:00:00+00:00,LUCKNOW_001,30.5,987.0,81.0,False,NORMAL
2025-06-25 20:00:00+00:00,LUCKNOW_001,29.7,986.6,84.0,False,NORMAL
2025-06-25 21:00:00+00:00,LUCKNOW_001,29.6,986.6,85.0,False,NORMAL
2025-06-25 22:00:00+00:00,LUCKNOW_001,29.4,987.0,85.0,False,NORMAL
2025-06-25 23:00:00+00:00,LUCKNOW_001,29.5,987.6,84.0,False,NORMAL
2025-06-26 00:00:00+00:00,LUCKNOW_001,30.5,987.7,80.0,False,NORMAL
2025-06-26 01:00:00+00:00,LUCKNOW_001,30.4,988.0,80.0,False,NORMAL
2025-06-26 02:00:00+00:00,LUCKNOW_001,31.7,988.7,74.0,False,NORMAL
2025-06-26 03:00:00+00:00,LUCKNOW_001,31.9,989.0,73.0,False,NORMAL
2025-06-26 04:00:00+00:00,LUCKNOW_001,32.1,988.9,72.0,False,NORMAL
2025-06-26 05:00:00+00:00,LUCKNOW_001,33.2,989.0,67.0,False,NORMAL
2025-06-26 06:00:00+00:00,LUCKNOW_001,34.1,988.7,65.0,False,NORMAL
2025-06-26 07:00:00+00:00,LUCKNOW_001,34.2,988.1,64.0,False,NORMAL
2025-06-26 08:00:00+00:00,LUCKNOW_001,34.7,987.5,61.0,False,NORMAL
2025-06-26 09:00:00+00:00,LUCKNOW_001,35.1,986.7,60.0,False,NORMAL
2025-06-26 10:00:00+00:00,LUCKNOW_001,35.5,985.3,57.0,False,NORMAL
2025-06-26 11:00:00+00:00,LUCKNOW_001,35.2,984.7,57.0,False,NORMAL
2025-06-26 12:00:00+00:00,LUCKNOW_001,35.4,985.0,55.0,False,NORMAL
2025-06-26 13:00:00+00:00,LUCKNOW_001,34.6,985.0,60.0,False,NORMAL
2025-06-26 14:00:00+00:00,LUCKNOW_001,33.5,985.9,65.0,False,NORMAL
2025-06-26 15:00:00+00:00,LUCKNOW_001,32.3,986.5,71.0,False,NORMAL
2025-06-26 16:00:00+00:00,LUCKNOW_001,32.0,986.9,72.0,False,NORMAL
2025-06-26 17:00:00+00:00,LUCKNOW_001,31.3,987.2,75.0,False,NORMAL
2025-06-26 18:00:00+00:00,LUCKNOW_001,31.0,987.1,76.0,False,NORMAL
2025-06-26 19:00:00+00:00,LUCKNOW_001,31.0,986.9,76.0,False,NORMAL
2025-06-26 20:00:00+00:00,LUCKNOW_001,30.6,986.3,77.0,False,NORMAL
2025-06-26 21:00:00+00:00,LUCKNOW_001,30.2,986.2,79.0,False,NORMAL
2025-06-26 22:00:00+00:00,LUCKNOW_001,30.1,986.0,80.0,False,NORMAL
2025-06-26 23:00:00+00:00,LUCKNOW_001,29.7,986.9,81.0,False,NORMAL
2025-06-27 00:00:00+00:00,LUCKNOW_001,30.4,986.8,80.0,False,NORMAL
2025-06-27 01:00:00+00:00,LUCKNOW_001,30.2,986.8,81.0,False,NORMAL
2025-06-27 02:00:00+00:00,LUCKNOW_001,31.7,987.2,74.0,False,NORMAL
2025-06-27 03:00:00+00:00,LUCKNOW_001,32.5,987.5,69.0,False,NORMAL
2025-06-27 04:00:00+00:00,LUCKNOW_001,32.9,987.6,68.0,False,NORMAL
2025-06-27 05:00:00+00:00,LUCKNOW_001,33.9,987.4,64.0,False,NORMAL
2025-06-27 06:00:00+00:00,LUCKNOW_001,34.5,987.2,62.0,False,NORMAL
2025-06-27 07:00:00+00:00,LUCKNOW_001,34.6,986.7,61.0,False,NORMAL
2025-06-27 08:00:00+00:00,LUCKNOW_001,35.4,985.9,58.0,False,NORMAL
2025-06-27 09:00:00+00:00,LUCKNOW_001,34.9,985.1,61.0,False,NORMAL
2025-06-27 10:00:00+00:00,LUCKNOW_001,34.4,984.0,62.0,False,NORMAL
2025-06-27 11:00:00+00:00,LUCKNOW_001,33.9,983.9,64.0,False,NORMAL
2025-06-27 12:00:00+00:00,LUCKNOW_001,34.4,983.6,62.0,False,NORMAL
2025-06-27 13:00:00+00:00,LUCKNOW_001,34.6,984.1,61.0,False,NORMAL
2025-06-27 14:00:00+00:00,LUCKNOW_001,33.9,985.7,63.0,False,NORMAL
2025-06-27 15:00:00+00:00,LUCKNOW_001,32.1,986.4,71.0,False,NORMAL
2025-06-27 16:00:00+00:00,LUCKNOW_001,31.4,986.7,76.0,False,NORMAL
2025-06-27 17:00:00+00:00,LUCKNOW_001,30.6,987.0,80.0,False,NORMAL
2025-06-27 18:00:00+00:00,LUCKNOW_001,30.5,987.0,81.0,False,NORMAL
2025-06-27 19:00:00+00:00,LUCKNOW_001,29.9,986.9,84.0,False,NORMAL
2025-06-27 20:00:00+00:00,LUCKNOW_001,29.1,987.0,89.0,False,NORMAL
2025-06-27 21:00:00+00:00,LUCKNOW_001,28.7,986.7,91.0,False,NORMAL
2025-06-27 22:00:00+00:00,LUCKNOW_001,28.9,986.2,91.0,False,NORMAL
2025-06-27 23:00:00+00:00,LUCKNOW_001,29.2,985.9,90.0,False,NORMAL
2025-06-28 00:00:00+00:00,LUCKNOW_001,29.9,985.9,85.0,False,NORMAL
2025-06-28 01:00:00+00:00,LUCKNOW_001,29.7,986.3,85.0,False,NORMAL
2025-06-28 02:00:00+00:00,LUCKNOW_001,30.6,986.4,80.0,False,NORMAL
2025-06-28 03:00:00+00:00,LUCKNOW_001,30.6,986.5,81.0,False,NORMAL
2025-06-28 04:00:00+00:00,LUCKNOW_001,31.3,986.4,78.0,False,NORMAL
2025-06-28 05:00:00+00:00,LUCKNOW_001,33.1,986.2,70.0,False,NORMAL
2025-06-28 06:00:00+00:00,LUCKNOW_001,33.9,985.7,68.0,False,NORMAL
2025-06-28 07:00:00+00:00,LUCKNOW_001,34.0,984.6,68.0,False,NORMAL
2025-06-28 08:00:00+00:00,LUCKNOW_001,34.0,984.1,67.0,False,NORMAL
2025-06-28 09:00:00+00:00,LUCKNOW_001,34.1,983.4,64.0,False,NORMAL
2025-06-28 10:00:00+00:00,LUCKNOW_001,33.0,982.7,69.0,False,NORMAL
2025-06-28 11:00:00+00:00,LUCKNOW_001,32.9,983.0,68.0,False,NORMAL
2025-06-28 12:00:00+00:00,LUCKNOW_001,30.8,983.1,79.0,False,NORMAL
2025-06-28 13:00:00+00:00,LUCKNOW_001,30.4,983.4,82.0,False,NORMAL
2025-06-28 14:00:00+00:00,LUCKNOW_001,30.0,984.1,84.0,False,NORMAL
2025-06-28 15:00:00+00:00,LUCKNOW_001,28.8,984.9,88.0,False,NORMAL
2025-06-28 16:00:00+00:00,LUCKNOW_001,29.1,985.4,90.0,False,NORMAL
2025-06-28 17:00:00+00:00,LUCKNOW_001,28.7,985.7,91.0,False,NORMAL
2025-06-28 18:00:00+00:00,LUCKNOW_001,28.8,985.9,91.0,False,NORMAL
2025-06-28 19:00:00+00:00,LUCKNOW_001,28.7,984.9,90.0,False,NORMAL
2025-06-28 20:00:00+00:00,LUCKNOW_001,28.0,984.4,91.0,False,NORMAL
2025-06-28 21:00:00+00:00,LUCKNOW_001,27.8,984.1,91.0,False,NORMAL
2025-06-28 22:00:00+00:00,LUCKNOW_001,27.3,983.9,95.0,False,NORMAL
2025-06-28 23:00:00+00:00,LUCKNOW_001,27.3,984.0,95.0,False,NORMAL
2025-06-29 00:00:00+00:00,LUCKNOW_001,28.0,983.9,91.0,False,NORMAL
2025-06-29 01:00:00+00:00,LUCKNOW_001,27.9,984.5,91.0,False,NORMAL
2025-06-29 02:00:00+00:00,LUCKNOW_001,29.0,984.3,87.0,False,NORMAL
2025-06-29 03:00:00+00:00,LUCKNOW_001,28.9,984.6,87.0,False,NORMAL
2025-06-29 04:00:00+00:00,LUCKNOW_001,28.7,984.7,88.0,False,NORMAL
2025-06-29 05:00:00+00:00,LUCKNOW_001,29.4,984.7,86.0,False,NORMAL
2025-06-29 06:00:00+00:00,LUCKNOW_001,30.4,984.1,84.0,False,NORMAL
2025-06-29 07:00:00+00:00,LUCKNOW_001,30.5,983.7,82.0,False,NORMAL
2025-06-29 08:00:00+00:00,LUCKNOW_001,31.0,982.8,79.0,False,NORMAL
2025-06-29 09:00:00+00:00,LUCKNOW_001,31.0,982.1,77.0,False,NORMAL
2025-06-29 10:00:00+00:00,LUCKNOW_001,31.0,980.7,73.0,False,NORMAL
2025-06-29 11:00:00+00:00,LUCKNOW_001,31.1,981.9,75.0,False,NORMAL
2025-06-29 12:00:00+00:00,LUCKNOW_001,30.4,982.0,79.0,False,NORMAL
2025-06-29 13:00:00+00:00,LUCKNOW_001,30.5,983.1,80.0,False,NORMAL
2025-06-29 14:00:00+00:00,LUCKNOW_001,29.7,983.6,86.0,False,NORMAL
2025-06-29 15:00:00+00:00,LUCKNOW_001,28.2,983.8,94.0,False,NORMAL
2025-06-29 16:00:00+00:00,LUCKNOW_001,28.1,984.3,95.0,False,NORMAL
2025-06-29 17:00:00+00:00,LUCKNOW_001,27.8,984.9,96.0,False,NORMAL
2025-06-29 18:00:00+00:00,LUCKNOW_001,27.9,984.9,96.0,False,NORMAL
2025-06-29 19:00:00+00:00,LUCKNOW_001,27.9,984.4,96.0,False,NORMAL
2025-06-29 20:00:00+00:00,LUCKNOW_001,27.4,984.2,99.0,False,NORMAL
2025-06-29 21:00:00+00:00,LUCKNOW_001,27.3,984.1,99.0,False,NORMAL
2025-06-29 22:00:00+00:00,LUCKNOW_001,27.3,983.0,95.0,False,NORMAL
2025-06-29 23:00:00+00:00,LUCKNOW_001,27.4,983.7,95.0,False,NORMAL
2025-06-30 00:00:00+00:00,LUCKNOW_001,27.8,983.5,92.0,False,NORMAL
2025-06-30 01:00:00+00:00,LUCKNOW_001,28.0,984.1,91.0,False,NORMAL
2025-06-30 02:00:00+00:00,LUCKNOW_001,29.2,984.8,86.0,False,NORMAL
2025-06-30 03:00:00+00:00,LUCKNOW_001,29.6,985.0,83.0,False,NORMAL
2025-06-30 04:00:00+00:00,LUCKNOW_001,29.7,985.6,82.0,False,NORMAL
2025-06-30 05:00:00+00:00,LUCKNOW_001,30.4,985.4,80.0,False,NORMAL
2025-06-30 06:00:00+00:00,LUCKNOW_001,31.0,985.1,80.0,False,NORMAL
2025-06-30 07:00:00+00:00,LUCKNOW_001,30.9,984.8,80.0,False,NORMAL
2025-06-30 08:00:00+00:00,LUCKNOW_001,31.1,984.2,80.0,False,NORMAL
2025-06-30 09:00:00+00:00,LUCKNOW_001,30.4,982.6,81.0,False,NORMAL
2025-06-30 10:00:00+00:00,LUCKNOW_001,28.6,984.2,87.0,False,NORMAL
2025-06-30 11:00:00+00:00,LUCKNOW_001,28.5,982.9,90.0,False,NORMAL
2025-06-30 12:00:00+00:00,LUCKNOW_001,27.4,983.1,93.0,False,NORMAL
2025-06-30 13:00:00+00:00,LUCKNOW_001,27.5,983.6,93.0,False,NORMAL
2025-06-30 14:00:00+00:00,LUCKNOW_001,27.6,983.8,92.0,False,NORMAL
2025-06-30 15:00:00+00:00,LUCKNOW_001,27.3,984.7,97.0,False,NORMAL
2025-06-30 16:00:00+00:00,LUCKNOW_001,27.0,984.8,97.0,False,NORMAL
2025-06-30 17:00:00+00:00,LUCKNOW_001,26.8,985.1,97.0,False,NORMAL
2025-06-30 18:00:00+00:00,LUCKNOW_001,26.9,985.4,96.0,False,NORMAL
2025-06-30 19:00:00+00:00,LUCKNOW_001,26.7,985.0,97.0,False,NORMAL
2025-06-30 20:00:00+00:00,LUCKNOW_001,26.6,985.0,97.0,False,NORMAL
2025-06-30 21:00:00+00:00,LUCKNOW_001,26.7,984.6,97.0,False,NORMAL
2025-06-30 22:00:00+00:00,LUCKNOW_001,26.2,984.6,97.0,False,NORMAL
2025-06-30 23:00:00+00:00,LUCKNOW_001,26.3,984.5,97.0,False,NORMAL
2025-07-01 00:00:00+00:00,LUCKNOW_001,27.1,984.6,94.0,False,NORMAL
2025-07-01 01:00:00+00:00,LUCKNOW_001,27.2,985.0,94.0,False,NORMAL
2025-07-01 02:00:00+00:00,LUCKNOW_001,28.4,985.6,89.0,False,NORMAL
2025-07-01 03:00:00+00:00,LUCKNOW_001,28.6,986.0,88.0,False,NORMAL
2025-07-01 04:00:00+00:00,LUCKNOW_001,28.8,986.1,88.0,False,NORMAL
2025-07-01 05:00:00+00:00,LUCKNOW_001,30.1,985.9,83.0,False,NORMAL
2025-07-01 06:00:00+00:00,LUCKNOW_001,29.4,985.5,88.0,False,NORMAL
2025-07-01 07:00:00+00:00,LUCKNOW_001,30.0,985.0,86.0,False,NORMAL
2025-07-01 08:00:00+00:00,LUCKNOW_001,30.6,984.0,82.0,False,NORMAL
2025-07-01 09:00:00+00:00,LUCKNOW_001,31.9,983.0,75.0,False,NORMAL
2025-07-01 10:00:00+00:00,LUCKNOW_001,30.9,983.1,77.0,False,NORMAL
2025-07-01 11:00:00+00:00,LUCKNOW_001,28.3,982.7,91.0,False,NORMAL
2025-07-01 12:00:00+00:00,LUCKNOW_001,28.8,982.5,88.0,False,NORMAL
2025-07-01 13:00:00+00:00,LUCKNOW_001,29.3,983.0,84.0,False,NORMAL
2025-07-01 14:00:00+00:00,LUCKNOW_001,29.1,983.8,87.0,False,NORMAL
2025-07-01 15:00:00+00:00,LUCKNOW_001,27.8,984.6,95.0,False,NORMAL
2025-07-01 16:00:00+00:00,LUCKNOW_001,28.0,985.2,94.0,False,NORMAL
2025-07-01 17:00:00+00:00,LUCKNOW_001,28.0,985.4,94.0,False,NORMAL
2025-07-01 18:00:00+00:00,LUCKNOW_001,28.0,985.4,94.0,False,NORMAL
2025-07-01 19:00:00+00:00,LUCKNOW_001,28.0,984.9,93.0,False,NORMAL
2025-07-01 20:00:00+00:00,LUCKNOW_001,27.5,984.7,94.0,False,NORMAL
2025-07-01 21:00:00+00:00,LUCKNOW_001,27.4,984.4,94.0,False,NORMAL
2025-07-01 22:00:00+00:00,LUCKNOW_001,27.2,984.4,97.0,False,NORMAL
2025-07-01 23:00:00+00:00,LUCKNOW_001,27.5,984.8,95.0,False,NORMAL
2025-07-02 00:00:00+00:00,LUCKNOW_001,28.3,984.8,90.0,False,NORMAL
2025-07-02 01:00:00+00:00,LUCKNOW_001,28.1,985.2,89.0,False,NORMAL
2025-07-02 02:00:00+00:00,LUCKNOW_001,29.2,985.4,86.0,False,NORMAL
2025-07-02 03:00:00+00:00,LUCKNOW_001,29.4,986.0,85.0,False,NORMAL
2025-07-02 04:00:00+00:00,LUCKNOW_001,29.7,985.9,84.0,False,NORMAL
2025-07-02 05:00:00+00:00,LUCKNOW_001,32.0,986.3,72.0,False,NORMAL
2025-07-02 06:00:00+00:00,LUCKNOW_001,33.2,986.1,70.0,False,NORMAL
2025-07-02 07:00:00+00:00,LUCKNOW_001,32.5,984.8,72.0,False,NORMAL
2025-07-02 08:00:00+00:00,LUCKNOW_001,33.4,984.3,68.0,False,NORMAL
2025-07-02 09:00:00+00:00,LUCKNOW_001,32.8,983.2,68.0,False,NORMAL
2025-07-02 10:00:00+00:00,LUCKNOW_001,32.8,982.9,71.0,False,NORMAL
2025-07-02 11:00:00+00:00,LUCKNOW_001,32.0,982.4,74.0,False,NORMAL
2025-07-02 12:00:00+00:00,LUCKNOW_001,31.5,983.1,79.0,False,NORMAL
2025-07-02 13:00:00+00:00,LUCKNOW_001,31.8,983.1,78.0,False,NORMAL
2025-07-02 14:00:00+00:00,LUCKNOW_001,31.5,983.5,78.0,False,NORMAL
2025-07-02 15:00:00+00:00,LUCKNOW_001,30.0,985.0,84.0,False,NORMAL
2025-07-02 16:00:00+00:00,LUCKNOW_001,30.0,985.5,83.0,False,NORMAL
2025-07-02 17:00:00+00:00,LUCKNOW_001,29.5,985.9,85.0,False,NORMAL
2025-07-02 18:00:00+00:00,LUCKNOW_001,29.4,985.8,85.0,False,NORMAL
2025-07-02 19:00:00+00:00,LUCKNOW_001,29.1,985.8,86.0,False,NORMAL
2025-07-02 20:00:00+00:00,LUCKNOW_001,28.8,985.3,89.0,False,NORMAL
2025-07-02 21:00:00+00:00,LUCKNOW_001,28.6,985.5,90.0,False,NORMAL
2025-07-02 22:00:00+00:00,LUCKNOW_001,28.2,985.8,91.0,False,NORMAL
2025-07-02 23:00:00+00:00,LUCKNOW_001,28.2,984.8,91.0,False,NORMAL
2025-07-03 00:00:00+00:00,LUCKNOW_001,29.0,985.4,86.0,False,NORMAL
2025-07-03 01:00:00+00:00,LUCKNOW_001,28.4,985.9,89.0,False,NORMAL
2025-07-03 02:00:00+00:00,LUCKNOW_001,29.8,986.5,85.0,False,NORMAL
2025-07-03 03:00:00+00:00,LUCKNOW_001,29.7,986.8,85.0,False,NORMAL
2025-07-03 04:00:00+00:00,LUCKNOW_001,30.0,986.7,83.0,False,NORMAL
2025-07-03 05:00:00+00:00,LUCKNOW_001,31.6,986.8,78.0,False,NORMAL
2025-07-03 06:00:00+00:00,LUCKNOW_001,32.9,986.6,74.0,False,NORMAL
2025-07-03 07:00:00+00:00,LUCKNOW_001,33.3,985.8,74.0,False,NORMAL
2025-07-03 08:00:00+00:00,LUCKNOW_001,34.5,985.3,66.0,False,NORMAL
2025-07-03 09:00:00+00:00,LUCKNOW_001,32.7,984.3,74.0,False,NORMAL
2025-07-03 10:00:00+00:00,LUCKNOW_001,33.4,983.7,69.0,False,NORMAL
2025-07-03 11:00:00+00:00,LUCKNOW_001,32.6,983.4,75.0,False,NORMAL
2025-07-03 12:00:00+00:00,LUCKNOW_001,31.9,983.6,77.0,False,NORMAL
2025-07-03 13:00:00+00:00,LUCKNOW_001,31.6,984.1,79.0,False,NORMAL
2025-07-03 14:00:00+00:00,LUCKNOW_001,31.1,984.6,80.0,False,NORMAL
2025-07-03 15:00:00+00:00,LUCKNOW_001,29.7,985.3,86.0,False,NORMAL
2025-07-03 16:00:00+00:00,LUCKNOW_001,29.7,986.2,86.0,False,NORMAL
2025-07-03 17:00:00+00:00,LUCKNOW_001,29.4,986.4,87.0,False,NORMAL
2025-07-03 18:00:00+00:00,LUCKNOW_001,29.6,986.4,87.0,False,NORMAL
2025-07-03 19:00:00+00:00,LUCKNOW_001,29.4,986.6,88.0,False,NORMAL
2025-07-03 20:00:00+00:00,LUCKNOW_001,28.4,986.1,91.0,False,NORMAL
2025-07-03 21:00:00+00:00,LUCKNOW_001,28.1,986.2,93.0,False,NORMAL
2025-07-03 22:00:00+00:00,LUCKNOW_001,28.0,985.9,94.0,False,NORMAL
2025-07-03 23:00:00+00:00,LUCKNOW_001,28.0,985.5,93.0,False,NORMAL
2025-07-04 00:00:00+00:00,LUCKNOW_001,28.7,986.0,88.0,False,NORMAL
2025-07-04 01:00:00+00:00,LUCKNOW_001,28.9,986.5,89.0,False,NORMAL
2025-07-04 02:00:00+00:00,LUCKNOW_001,30.1,986.6,83.0,False,NORMAL
2025-07-04 03:00:00+00:00,LUCKNOW_001,30.5,986.3,80.0,False,NORMAL
2025-07-04 04:00:00+00:00,LUCKNOW_001,30.9,986.1,78.0,False,NORMAL
2025-07-04 05:00:00+00:00,LUCKNOW_001,32.1,986.1,73.0,False,NORMAL
2025-07-04 06:00:00+00:00,LUCKNOW_001,33.9,986.1,68.0,False,NORMAL
2025-07-04 07:00:00+00:00,LUCKNOW_001,32.5,985.4,73.0,False,NORMAL
2025-07-04 08:00:00+00:00,LUCKNOW_001,31.9,984.7,76.0,False,NORMAL
2025-07-04 09:00:00+00:00,LUCKNOW_001,32.2,984.1,75.0,False,NORMAL
2025-07-04 10:00:00+00:00,LUCKNOW_001,31.7,983.1,75.0,False,NORMAL
2025-07-04 11:00:00+00:00,LUCKNOW_001,31.5,982.7,75.0,False,NORMAL
2025-07-04 12:00:00+00:00,LUCKNOW_001,31.6,983.1,75.0,False,NORMAL
2025-07-04 13:00:00+00:00,LUCKNOW_001,32.1,984.0,73.0,False,NORMAL
2025-07-04 14:00:00+00:00,LUCKNOW_001,30.9,985.1,80.0,False,NORMAL
2025-07-04 15:00:00+00:00,LUCKNOW_001,28.3,986.3,91.0,False,NORMAL
2025-07-04 16:00:00+00:00,LUCKNOW_001,28.1,986.0,94.0,False,NORMAL
2025-07-04 17:00:00+00:00,LUCKNOW_001,28.0,986.2,95.0,False,NORMAL
2025-07-04 18:00:00+00:00,LUCKNOW_001,28.1,986.9,95.0,False,NORMAL
2025-07-04 19:00:00+00:00,LUCKNOW_001,28.1,986.3,95.0,False,NORMAL
2025-07-04 20:00:00+00:00,LUCKNOW_001,28.2,985.7,92.0,False,NORMAL
2025-07-04 21:00:00+00:00,LUCKNOW_001,28.1,985.9,94.0,False,NORMAL
2025-07-04 22:00:00+00:00,LUCKNOW_001,27.5,984.7,96.0,False,NORMAL
2025-07-04 23:00:00+00:00,LUCKNOW_001,27.6,984.7,95.0,False,NORMAL
2025-07-05 00:00:00+00:00,LUCKNOW_001,28.6,984.8,91.0,False,NORMAL
2025-07-05 01:00:00+00:00,LUCKNOW_001,28.8,984.5,89.0,False,NORMAL
2025-07-05 02:00:00+00:00,LUCKNOW_001,30.1,985.1,83.0,False,NORMAL
2025-07-05 03:00:00+00:00,LUCKNOW_001,30.9,985.7,79.0,False,NORMAL
2025-07-05 04:00:00+00:00,LUCKNOW_001,31.4,986.0,76.0,False,NORMAL
2025-07-05 05:00:00+00:00,LUCKNOW_001,32.2,986.2,75.0,False,NORMAL
2025-07-05 06:00:00+00:00,LUCKNOW_001,33.1,985.6,75.0,False,NORMAL
2025-07-05 07:00:00+00:00,LUCKNOW_001,32.9,985.1,76.0,False,NORMAL
2025-07-05 08:00:00+00:00,LUCKNOW_001,33.0,984.1,73.0,False,NORMAL
2025-07-05 09:00:00+00:00,LUCKNOW_001,32.6,983.4,73.0,False,NORMAL
2025-07-05 10:00:00+00:00,LUCKNOW_001,32.1,982.8,74.0,False,NORMAL
2025-07-05 11:00:00+00:00,LUCKNOW_001,32.1,982.6,74.0,False,NORMAL
2025-07-05 12:00:00+00:00,LUCKNOW_001,32.3,982.4,72.0,False,NORMAL
2025-07-05 13:00:00+00:00,LUCKNOW_001,32.2,983.2,73.0,False,NORMAL
2025-07-05 14:00:00+00:00,LUCKNOW_001,31.5,983.8,78.0,False,NORMAL
2025-07-05 15:00:00+00:00,LUCKNOW_001,30.6,984.8,84.0,False,NORMAL
2025-07-05 16:00:00+00:00,LUCKNOW_001,30.1,985.5,87.0,False,NORMAL
2025-07-05 17:00:00+00:00,LUCKNOW_001,29.7,986.0,88.0,False,NORMAL
2025-07-05 18:00:00+00:00,LUCKNOW_001,29.7,985.9,88.0,False,NORMAL
2025-07-05 19:00:00+00:00,LUCKNOW_001,29.5,985.3,88.0,False,NORMAL
2025-07-05 20:00:00+00:00,LUCKNOW_001,29.0,985.0,90.0,False,NORMAL
2025-07-05 21:00:00+00:00,LUCKNOW_001,28.8,985.0,91.0,False,NORMAL
2025-07-05 22:00:00+00:00,LUCKNOW_001,28.8,985.0,90.0,False,NORMAL
2025-07-05 23:00:00+00:00,LUCKNOW_001,28.7,984.7,90.0,False,NORMAL
2025-07-06 00:00:00+00:00,LUCKNOW_001,29.7,984.0,86.0,False,NORMAL
2025-07-06 01:00:00+00:00,LUCKNOW_001,29.9,984.3,84.0,False,NORMAL
2025-07-06 02:00:00+00:00,LUCKNOW_001,31.1,984.6,80.0,False,NORMAL
2025-07-06 03:00:00+00:00,LUCKNOW_001,31.4,985.3,78.0,False,NORMAL
2025-07-06 04:00:00+00:00,LUCKNOW_001,31.6,985.9,77.0,False,NORMAL
2025-07-06 05:00:00+00:00,LUCKNOW_001,32.6,986.1,72.0,False,NORMAL
2025-07-06 06:00:00+00:00,LUCKNOW_001,33.6,986.0,68.0,False,NORMAL
2025-07-06 07:00:00+00:00,LUCKNOW_001,33.6,985.4,67.0,False,NORMAL
2025-07-06 08:00:00+00:00,LUCKNOW_001,34.1,984.6,67.0,False,NORMAL
2025-07-06 09:00:00+00:00,LUCKNOW_001,34.1,983.6,67.0,False,NORMAL
2025-07-06 10:00:00+00:00,LUCKNOW_001,33.9,982.9,69.0,False,NORMAL
2025-07-06 11:00:00+00:00,LUCKNOW_001,33.9,981.8,69.0,False,NORMAL
2025-07-06 12:00:00+00:00,LUCKNOW_001,33.9,981.9,68.0,False,NORMAL
2025-07-06 13:00:00+00:00,LUCKNOW_001,33.9,982.2,68.0,False,NORMAL
2025-07-06 14:00:00+00:00,LUCKNOW_001,33.3,983.2,70.0,False,NORMAL
2025-07-06 15:00:00+00:00,LUCKNOW_001,31.9,984.2,80.0,False,NORMAL
2025-07-06 16:00:00+00:00,LUCKNOW_001,31.8,984.7,80.0,False,NORMAL
2025-07-06 17:00:00+00:00,LUCKNOW_001,31.1,985.1,81.0,False,NORMAL
2025-07-06 18:00:00+00:00,LUCKNOW_001,30.9,984.9,81.0,False,NORMAL
2025-07-06 19:00:00+00:00,LUCKNOW_001,30.9,984.6,80.0,False,NORMAL
2025-07-06 20:00:00+00:00,LUCKNOW_001,30.2,984.4,81.0,False,NORMAL
2025-07-06 21:00:00+00:00,LUCKNOW_001,29.9,984.5,83.0,False,NORMAL
2025-07-06 22:00:00+00:00,LUCKNOW_001,29.3,984.1,83.0,False,NORMAL
2025-07-06 23:00:00+00:00,LUCKNOW_001,29.2,984.5,85.0,False,NORMAL
2025-07-07 00:00:00+00:00,LUCKNOW_001,29.8,985.3,84.0,False,NORMAL
2025-07-07 01:00:00+00:00,LUCKNOW_001,30.0,985.4,84.0,False,NORMAL
2025-07-07 02:00:00+00:00,LUCKNOW_001,31.6,986.1,77.0,False,NORMAL
2025-07-07 03:00:00+00:00,LUCKNOW_001,31.7,986.1,74.0,False,NORMAL
2025-07-07 04:00:00+00:00,LUCKNOW_001,32.3,986.1,71.0,False,NORMAL
2025-07-07 05:00:00+00:00,LUCKNOW_001,33.0,986.2,68.0,False,NORMAL
2025-07-07 06:00:00+00:00,LUCKNOW_001,33.5,985.9,66.0,False,NORMAL
2025-07-07 07:00:00+00:00,LUCKNOW_001,33.5,985.3,67.0,False,NORMAL
2025-07-07 08:00:00+00:00,LUCKNOW_001,35.0,984.6,61.0,False,NORMAL
2025-07-07 09:00:00+00:00,LUCKNOW_001,35.0,983.6,61.0,False,NORMAL
2025-07-07 10:00:00+00:00,LUCKNOW_001,35.3,983.2,60.0,False,NORMAL
2025-07-07 11:00:00+00:00,LUCKNOW_001,35.6,982.5,59.0,False,NORMAL
2025-07-07 12:00:00+00:00,LUCKNOW_001,35.2,982.5,60.0,False,NORMAL
2025-07-07 13:00:00+00:00,LUCKNOW_001,35.1,982.5,62.0,False,NORMAL
2025-07-07 14:00:00+00:00,LUCKNOW_001,34.0,983.2,69.0,False,NORMAL
2025-07-07 15:00:00+00:00,LUCKNOW_001,32.6,983.9,75.0,False,NORMAL
2025-07-07 16:00:00+00:00,LUCKNOW_001,32.6,984.8,74.0,False,NORMAL
2025-07-07 17:00:00+00:00,LUCKNOW_001,31.7,985.6,77.0,False,NORMAL
2025-07-07 18:00:00+00:00,LUCKNOW_001,30.5,986.2,84.0,False,NORMAL
2025-07-07 19:00:00+00:00,LUCKNOW_001,30.0,985.7,87.0,False,NORMAL
2025-07-07 20:00:00+00:00,LUCKNOW_001,29.2,985.0,91.0,False,NORMAL
2025-07-07 21:00:00+00:00,LUCKNOW_001,29.3,984.8,91.0,False,NORMAL
2025-07-07 22:00:00+00:00,LUCKNOW_001,29.1,984.9,92.0,False,NORMAL
2025-07-07 23:00:00+00:00,LUCKNOW_001,29.3,984.7,92.0,False,NORMAL
2025-07-08 00:00:00+00:00,LUCKNOW_001,30.5,985.3,85.0,False,NORMAL
2025-07-08 01:00:00+00:00,LUCKNOW_001,30.7,985.1,85.0,False,NORMAL
2025-07-08 02:00:00+00:00,LUCKNOW_001,32.2,985.9,76.0,False,NORMAL
2025-07-08 03:00:00+00:00,LUCKNOW_001,32.0,986.0,77.0,False,NORMAL
2025-07-08 04:00:00+00:00,LUCKNOW_001,31.9,986.1,77.0,False,NORMAL
2025-07-08 05:00:00+00:00,LUCKNOW_001,33.8,986.3,71.0,False,NORMAL
2025-07-08 06:00:00+00:00,LUCKNOW_001,35.2,986.0,68.0,False,NORMAL
2025-07-08 07:00:00+00:00,LUCKNOW_001,35.2,985.5,67.0,False,NORMAL
2025-07-08 08:00:00+00:00,LUCKNOW_001,36.1,984.8,64.0,False,NORMAL
2025-07-08 09:00:00+00:00,LUCKNOW_001,36.1,983.8,63.0,False,NORMAL
2025-07-08 10:00:00+00:00,LUCKNOW_001,34.4,982.9,63.0,False,NORMAL
2025-07-08 11:00:00+00:00,LUCKNOW_001,35.1,983.3,60.0,False,NORMAL
2025-07-08 12:00:00+00:00,LUCKNOW_001,33.7,983.4,65.0,False,NORMAL
2025-07-08 13:00:00+00:00,LUCKNOW_001,32.2,984.0,74.0,False,NORMAL
2025-07-08 14:00:00+00:00,LUCKNOW_001,31.9,984.3,78.0,False,NORMAL
2025-07-08 15:00:00+00:00,LUCKNOW_001,30.4,985.7,86.0,False,NORMAL
2025-07-08 16:00:00+00:00,LUCKNOW_001,30.4,986.0,87.0,False,NORMAL
2025-07-08 17:00:00+00:00,LUCKNOW_001,30.1,986.3,89.0,False,NORMAL
2025-07-08 18:00:00+00:00,LUCKNOW_001,30.3,986.9,89.0,False,NORMAL
2025-07-08 19:00:00+00:00,LUCKNOW_001,30.0,986.6,90.0,False,NORMAL
2025-07-08 20:00:00+00:00,LUCKNOW_001,29.5,986.3,91.0,False,NORMAL
2025-07-08 21:00:00+00:00,LUCKNOW_001,29.2,986.5,91.0,False,NORMAL
2025-07-08 22:00:00+00:00,LUCKNOW_001,29.3,984.8,91.0,False,NORMAL
2025-07-08 23:00:00+00:00,LUCKNOW_001,29.3,984.9,91.0,False,NORMAL
2025-07-09 00:00:00+00:00,LUCKNOW_001,29.1,986.0,90.0,False,NORMAL
2025-07-09 01:00:00+00:00,LUCKNOW_001,29.1,986.7,87.0,False,NORMAL
2025-07-09 02:00:00+00:00,LUCKNOW_001,28.4,987.7,89.0,False,NORMAL
2025-07-09 03:00:00+00:00,LUCKNOW_001,28.1,988.0,90.0,False,NORMAL
2025-07-09 04:00:00+00:00,LUCKNOW_001,28.6,988.5,86.0,False,NORMAL
2025-07-09 05:00:00+00:00,LUCKNOW_001,29.9,989.1,80.0,False,NORMAL
2025-07-09 06:00:00+00:00,LUCKNOW_001,30.3,988.3,82.0,False,NORMAL
2025-07-09 07:00:00+00:00,LUCKNOW_001,30.3,988.3,82.0,False,NORMAL
2025-07-09 08:00:00+00:00,LUCKNOW_001,31.0,987.4,77.0,False,NORMAL
2025-07-09 09:00:00+00:00,LUCKNOW_001,31.0,986.7,77.0,False,NORMAL
2025-07-09 10:00:00+00:00,LUCKNOW_001,30.1,987.0,80.0,False,NORMAL
2025-07-09 11:00:00+00:00,LUCKNOW_001,29.9,986.9,80.0,False,NORMAL
2025-07-09 12:00:00+00:00,LUCKNOW_001,29.8,986.3,79.0,False,NORMAL
2025-07-09 13:00:00+00:00,LUCKNOW_001,30.0,986.1,77.0,False,NORMAL
2025-07-09 14:00:00+00:00,LUCKNOW_001,29.4,987.1,79.0,False,NORMAL
2025-07-09 15:00:00+00:00,LUCKNOW_001,28.9,988.0,83.0,False,NORMAL
2025-07-09 16:00:00+00:00,LUCKNOW_001,28.8,989.0,85.0,False,NORMAL
2025-07-09 17:00:00+00:00,LUCKNOW_001,28.5,989.5,86.0,False,NORMAL
2025-07-09 18:00:00+00:00,LUCKNOW_001,28.2,989.4,87.0,False,NORMAL
2025-07-09 19:00:00+00:00,LUCKNOW_001,28.0,989.2,88.0,False,NORMAL
2025-07-09 20:00:00+00:00,LUCKNOW_001,27.9,988.8,89.0,False,NORMAL
2025-07-09 21:00:00+00:00,LUCKNOW_001,27.8,988.6,90.0,False,NORMAL
2025-07-09 22:00:00+00:00,LUCKNOW_001,26.9,987.5,94.0,False,NORMAL
2025-07-09 23:00:00+00:00,LUCKNOW_001,26.7,987.6,95.0,False,NORMAL
2025-07-10 00:00:00+00:00,LUCKNOW_001,27.8,988.6,90.0,False,NORMAL
2025-07-10 01:00:00+00:00,LUCKNOW_001,27.8,988.8,90.0,False,NORMAL
2025-07-10 02:00:00+00:00,LUCKNOW_001,29.1,989.5,84.0,False,NORMAL
2025-07-10 03:00:00+00:00,LUCKNOW_001,29.7,989.7,80.0,False,NORMAL
2025-07-10 04:00:00+00:00,LUCKNOW_001,30.5,990.2,77.0,False,NORMAL
2025-07-10 05:00:00+00:00,LUCKNOW_001,31.9,990.1,73.0,False,NORMAL
2025-07-10 06:00:00+00:00,LUCKNOW_001,32.7,989.8,69.0,False,NORMAL
2025-07-10 07:00:00+00:00,LUCKNOW_001,32.5,989.5,69.0,False,NORMAL
2025-07-10 08:00:00+00:00,LUCKNOW_001,33.0,988.3,68.0,False,NORMAL
2025-07-10 09:00:00+00:00,LUCKNOW_001,33.0,987.9,68.0,False,NORMAL
2025-07-10 10:00:00+00:00,LUCKNOW_001,32.3,986.8,70.0,False,NORMAL
2025-07-10 11:00:00+00:00,LUCKNOW_001,31.6,986.5,71.0,False,NORMAL
2025-07-10 12:00:00+00:00,LUCKNOW_001,32.2,986.6,68.0,False,NORMAL
2025-07-10 13:00:00+00:00,LUCKNOW_001,32.2,987.4,67.0,False,NORMAL
2025-07-10 14:00:00+00:00,LUCKNOW_001,31.7,988.3,68.0,False,NORMAL
2025-07-10 15:00:00+00:00,LUCKNOW_001,30.1,988.6,78.0,False,NORMAL
2025-07-10 16:00:00+00:00,LUCKNOW_001,29.6,988.9,81.0,False,NORMAL
2025-07-10 17:00:00+00:00,LUCKNOW_001,29.3,988.9,81.0,False,NORMAL
2025-07-10 18:00:00+00:00,LUCKNOW_001,29.1,989.0,82.0,False,NORMAL
2025-07-10 19:00:00+00:00,LUCKNOW_001,29.1,988.6,82.0,False,NORMAL
2025-07-10 20:00:00+00:00,LUCKNOW_001,28.8,988.8,84.0,False,NORMAL
2025-07-10 21:00:00+00:00,LUCKNOW_001,28.8,988.0,84.0,False,NORMAL
2025-07-10 22:00:00+00:00,LUCKNOW_001,28.2,988.0,87.0,False,NORMAL
2025-07-10 23:00:00+00:00,LUCKNOW_001,28.4,987.6,87.0,False,NORMAL
2025-07-11 00:00:00+00:00,LUCKNOW_001,29.3,987.5,84.0,False,NORMAL
2025-07-11 01:00:00+00:00,LUCKNOW_001,29.5,988.3,83.0,False,NORMAL
2025-07-11 02:00:00+00:00,LUCKNOW_001,30.4,988.6,78.0,False,NORMAL
2025-07-11 03:00:00+00:00,LUCKNOW_001,30.8,988.8,76.0,False,NORMAL
2025-07-11 04:00:00+00:00,LUCKNOW_001,31.1,989.1,73.0,False,NORMAL
2025-07-11 05:00:00+00:00,LUCKNOW_001,33.0,989.2,66.0,False,NORMAL
2025-07-11 06:00:00+00:00,LUCKNOW_001,33.6,989.2,66.0,False,NORMAL
2025-07-11 07:00:00+00:00,LUCKNOW_001,33.3,988.6,67.0,False,NORMAL
2025-07-11 08:00:00+00:00,LUCKNOW_001,33.7,988.0,67.0,False,NORMAL
2025-07-11 09:00:00+00:00,LUCKNOW_001,33.9,987.0,67.0,False,NORMAL
2025-07-11 10:00:00+00:00,LUCKNOW_001,32.9,986.1,67.0,False,NORMAL
2025-07-11 11:00:00+00:00,LUCKNOW_001,33.1,986.3,67.0,False,NORMAL
2025-07-11 12:00:00+00:00,LUCKNOW_001,31.8,985.9,73.0,False,NORMAL
2025-07-11 13:00:00+00:00,LUCKNOW_001,31.2,986.8,77.0,False,NORMAL
2025-07-11 14:00:00+00:00,LUCKNOW_001,30.0,987.0,83.0,False,NORMAL
2025-07-11 15:00:00+00:00,LUCKNOW_001,28.8,987.6,92.0,False,NORMAL
2025-07-11 16:00:00+00:00,LUCKNOW_001,28.6,988.1,93.0,False,NORMAL
2025-07-11 17:00:00+00:00,LUCKNOW_001,28.0,988.0,94.0,False,NORMAL
2025-07-11 18:00:00+00:00,LUCKNOW_001,28.0,988.0,94.0,False,NORMAL
2025-07-11 19:00:00+00:00,LUCKNOW_001,28.0,987.8,93.0,False,NORMAL
2025-07-11 20:00:00+00:00,LUCKNOW_001,27.8,987.4,93.0,False,NORMAL
2025-07-11 21:00:00+00:00,LUCKNOW_001,27.9,987.1,93.0,False,NORMAL
2025-07-11 22:00:00+00:00,LUCKNOW_001,28.5,987.2,94.0,False,NORMAL
2025-07-11 23:00:00+00:00,LUCKNOW_001,28.6,987.1,94.0,False,NORMAL
2025-07-12 00:00:00+00:00,LUCKNOW_001,28.8,987.0,90.0,False,NORMAL
2025-07-12 01:00:00+00:00,LUCKNOW_001,29.1,987.8,88.0,False,NORMAL
2025-07-12 02:00:00+00:00,LUCKNOW_001,30.3,987.9,81.0,False,NORMAL
2025-07-12 03:00:00+00:00,LUCKNOW_001,30.6,988.3,78.0,False,NORMAL
2025-07-12 04:00:00+00:00,LUCKNOW_001,30.6,988.5,77.0,False,NORMAL
2025-07-12 05:00:00+00:00,LUCKNOW_001,31.9,988.9,72.0,False,NORMAL
2025-07-12 06:00:00+00:00,LUCKNOW_001,33.3,988.4,70.0,False,NORMAL
2025-07-12 07:00:00+00:00,LUCKNOW_001,33.9,987.9,68.0,False,NORMAL
2025-07-12 08:00:00+00:00,LUCKNOW_001,34.2,986.9,67.0,False,NORMAL
2025-07-12 09:00:00+00:00,LUCKNOW_001,33.8,985.9,65.0,False,NORMAL
2025-07-12 10:00:00+00:00,LUCKNOW_001,31.4,985.7,75.0,False,NORMAL
2025-07-12 11:00:00+00:00,LUCKNOW_001,31.5,985.4,77.0,False,NORMAL
2025-07-12 12:00:00+00:00,LUCKNOW_001,31.1,985.2,78.0,False,NORMAL
2025-07-12 13:00:00+00:00,LUCKNOW_001,30.9,985.7,81.0,False,NORMAL
2025-07-12 14:00:00+00:00,LUCKNOW_001,30.2,986.1,84.0,False,NORMAL
2025-07-12 15:00:00+00:00,LUCKNOW_001,29.1,987.2,90.0,False,NORMAL
2025-07-12 16:00:00+00:00,LUCKNOW_001,28.6,987.6,92.0,False,NORMAL
2025-07-12 17:00:00+00:00,LUCKNOW_001,27.9,988.1,95.0,False,NORMAL
2025-07-12 18:00:00+00:00,LUCKNOW_001,27.7,988.3,95.0,False,NORMAL
2025-07-12 19:00:00+00:00,LUCKNOW_001,27.7,988.1,94.0,False,NORMAL
2025-07-12 20:00:00+00:00,LUCKNOW_001,27.3,987.9,95.0,False,NORMAL
2025-07-12 21:00:00+00:00,LUCKNOW_001,27.4,987.5,95.0,False,NORMAL
2025-07-12 22:00:00+00:00,LUCKNOW_001,26.4,987.3,97.0,False,NORMAL
2025-07-12 23:00:00+00:00,LUCKNOW_001,26.5,987.2,97.0,False,NORMAL
2025-07-13 00:00:00+00:00,LUCKNOW_001,26.9,987.4,94.0,False,NORMAL
2025-07-13 01:00:00+00:00,LUCKNOW_001,26.8,987.9,94.0,False,NORMAL
2025-07-13 02:00:00+00:00,LUCKNOW_001,28.2,988.1,88.0,False,NORMAL
2025-07-13 03:00:00+00:00,LUCKNOW_001,28.7,988.4,86.0,False,NORMAL
2025-07-13 04:00:00+00:00,LUCKNOW_001,28.7,988.4,87.0,False,NORMAL
2025-07-13 05:00:00+00:00,LUCKNOW_001,30.4,988.4,80.0,False,NORMAL
2025-07-13 06:00:00+00:00,LUCKNOW_001,31.2,988.3,79.0,False,NORMAL
2025-07-13 07:00:00+00:00,LUCKNOW_001,31.8,987.4,75.0,False,NORMAL
2025-07-13 08:00:00+00:00,LUCKNOW_001,33.5,986.6,69.0,False,NORMAL
2025-07-13 09:00:00+00:00,LUCKNOW_001,34.1,985.4,66.0,False,NORMAL
2025-07-13 10:00:00+00:00,LUCKNOW_001,32.1,984.4,77.0,False,NORMAL
2025-07-13 11:00:00+00:00,LUCKNOW_001,31.1,983.8,81.0,False,NORMAL
2025-07-13 12:00:00+00:00,LUCKNOW_001,30.7,983.4,83.0,False,NORMAL
2025-07-13 13:00:00+00:00,LUCKNOW_001,31.0,984.7,81.0,False,NORMAL
2025-07-13 14:00:00+00:00,LUCKNOW_001,30.9,985.6,83.0,False,NORMAL
2025-07-13 15:00:00+00:00,LUCKNOW_001,29.8,986.7,91.0,False,NORMAL
2025-07-13 16:00:00+00:00,LUCKNOW_001,29.5,987.3,92.0,False,NORMAL
2025-07-13 17:00:00+00:00,LUCKNOW_001,27.4,987.9,94.0,False,NORMAL
2025-07-13 18:00:00+00:00,LUCKNOW_001,27.3,987.8,95.0,False,NORMAL
2025-07-13 19:00:00+00:00,LUCKNOW_001,27.0,987.3,95.0,False,NORMAL
2025-07-13 20:00:00+00:00,LUCKNOW_001,26.8,987.2,94.0,False,NORMAL
2025-07-13 21:00:00+00:00,LUCKNOW_001,26.8,986.9,94.0,False,NORMAL
2025-07-13 22:00:00+00:00,LUCKNOW_001,26.2,987.6,97.0,False,NORMAL
2025-07-13 23:00:00+00:00,LUCKNOW_001,26.1,987.5,97.0,False,NORMAL
2025-07-14 00:00:00+00:00,LUCKNOW_001,27.0,987.5,93.0,False,NORMAL
2025-07-14 01:00:00+00:00,LUCKNOW_001,27.1,987.6,92.0,False,NORMAL
2025-07-14 02:00:00+00:00,LUCKNOW_001,28.6,988.0,85.0,False,NORMAL
2025-07-14 03:00:00+00:00,LUCKNOW_001,29.1,988.4,83.0,False,NORMAL
2025-07-14 04:00:00+00:00,LUCKNOW_001,29.2,988.6,83.0,False,NORMAL
2025-07-14 05:00:00+00:00,LUCKNOW_001,31.7,988.7,73.0,False,NORMAL
2025-07-14 06:00:00+00:00,LUCKNOW_001,33.5,988.2,70.0,False,NORMAL
2025-07-14 07:00:00+00:00,LUCKNOW_001,34.1,987.6,64.0,False,NORMAL
2025-07-14 08:00:00+00:00,LUCKNOW_001,32.6,987.0,71.0,False,NORMAL
2025-07-14 09:00:00+00:00,LUCKNOW_001,32.1,986.0,73.0,False,NORMAL
2025-07-14 10:00:00+00:00,LUCKNOW_001,32.0,984.9,72.0,False,NORMAL
2025-07-14 11:00:00+00:00,LUCKNOW_001,30.8,984.7,76.0,False,NORMAL
2025-07-14 12:00:00+00:00,LUCKNOW_001,31.0,985.5,77.0,False,NORMAL
2025-07-14 13:00:00+00:00,LUCKNOW_001,31.0,986.4,76.0,False,NORMAL
2025-07-14 14:00:00+00:00,LUCKNOW_001,30.1,986.7,81.0,False,NORMAL
2025-07-14 15:00:00+00:00,LUCKNOW_001,28.6,987.9,89.0,False,NORMAL
2025-07-14 16:00:00+00:00,LUCKNOW_001,28.4,988.4,92.0,False,NORMAL
2025-07-14 17:00:00+00:00,LUCKNOW_001,35.8,988.3,95.0,True,STEP_CHANGE
2025-07-14 18:00:00+00:00,LUCKNOW_001,35.4,988.1,95.0,True,STEP_CHANGE
2025-07-14 19:00:00+00:00,LUCKNOW_001,35.3,987.8,96.0,True,STEP_CHANGE
2025-07-14 20:00:00+00:00,LUCKNOW_001,34.7,987.7,97.0,True,STEP_CHANGE
2025-07-14 21:00:00+00:00,LUCKNOW_001,34.8,987.1,97.0,True,STEP_CHANGE
2025-07-14 22:00:00+00:00,LUCKNOW_001,34.7,986.5,97.0,True,STEP_CHANGE
2025-07-14 23:00:00+00:00,LUCKNOW_001,35.0,986.6,97.0,True,STEP_CHANGE
2025-07-15 00:00:00+00:00,LUCKNOW_001,35.4,986.8,93.0,True,STEP_CHANGE
2025-07-15 01:00:00+00:00,LUCKNOW_001,35.4,987.4,93.0,True,STEP_CHANGE
2025-07-15 02:00:00+00:00,LUCKNOW_001,36.7,987.7,88.0,True,STEP_CHANGE
2025-07-15 03:00:00+00:00,LUCKNOW_001,28.5,988.2,86.0,False,NORMAL
2025-07-15 04:00:00+00:00,LUCKNOW_001,28.7,988.3,87.0,False,NORMAL
2025-07-15 05:00:00+00:00,LUCKNOW_001,30.6,988.4,81.0,False,NORMAL
2025-07-15 06:00:00+00:00,LUCKNOW_001,32.4,988.2,74.0,False,NORMAL
2025-07-15 07:00:00+00:00,LUCKNOW_001,32.6,987.3,72.0,False,NORMAL
2025-07-15 08:00:00+00:00,LUCKNOW_001,33.6,986.8,68.0,False,NORMAL
2025-07-15 09:00:00+00:00,LUCKNOW_001,33.6,985.6,69.0,False,NORMAL
2025-07-15 10:00:00+00:00,LUCKNOW_001,32.7,984.9,73.0,False,NORMAL
2025-07-15 11:00:00+00:00,LUCKNOW_001,32.9,984.8,70.0,False,NORMAL
2025-07-15 12:00:00+00:00,LUCKNOW_001,32.8,984.8,70.0,False,NORMAL
2025-07-15 13:00:00+00:00,LUCKNOW_001,32.7,985.5,70.0,False,NORMAL
2025-07-15 14:00:00+00:00,LUCKNOW_001,31.6,986.6,71.0,False,NORMAL
2025-07-15 15:00:00+00:00,LUCKNOW_001,30.1,987.2,79.0,False,NORMAL
2025-07-15 16:00:00+00:00,LUCKNOW_001,29.5,987.8,82.0,False,NORMAL
2025-07-15 17:00:00+00:00,LUCKNOW_001,29.3,987.7,84.0,False,NORMAL
2025-07-15 18:00:00+00:00,LUCKNOW_001,29.1,988.2,84.0,False,NORMAL
2025-07-15 19:00:00+00:00,LUCKNOW_001,29.0,987.9,84.0,False,NORMAL
2025-07-15 20:00:00+00:00,LUCKNOW_001,28.1,987.4,86.0,False,NORMAL
2025-07-15 21:00:00+00:00,LUCKNOW_001,28.4,986.7,86.0,False,NORMAL
2025-07-15 22:00:00+00:00,LUCKNOW_001,27.3,986.6,96.0,False,NORMAL
2025-07-15 23:00:00+00:00,LUCKNOW_001,27.5,987.2,95.0,False,NORMAL
2025-07-16 00:00:00+00:00,LUCKNOW_001,28.5,987.0,88.0,False,NORMAL
2025-07-16 01:00:00+00:00,LUCKNOW_001,28.4,987.4,88.0,False,NORMAL
2025-07-16 02:00:00+00:00,LUCKNOW_001,29.0,987.8,86.0,False,NORMAL
2025-07-16 03:00:00+00:00,LUCKNOW_001,28.5,988.2,86.0,False,NORMAL
2025-07-16 04:00:00+00:00,LUCKNOW_001,29.1,988.7,81.0,False,NORMAL
2025-07-16 05:00:00+00:00,LUCKNOW_001,30.6,988.5,75.0,False,NORMAL
2025-07-16 06:00:00+00:00,LUCKNOW_001,32.0,988.2,71.0,False,NORMAL
2025-07-16 07:00:00+00:00,LUCKNOW_001,32.1,987.6,70.0,False,NORMAL
2025-07-16 08:00:00+00:00,LUCKNOW_001,32.3,987.1,71.0,False,NORMAL
2025-07-16 09:00:00+00:00,LUCKNOW_001,32.3,986.1,71.0,False,NORMAL
2025-07-16 10:00:00+00:00,LUCKNOW_001,31.4,985.0,74.0,False,NORMAL
2025-07-16 11:00:00+00:00,LUCKNOW_001,30.1,985.3,81.0,False,NORMAL
2025-07-16 12:00:00+00:00,LUCKNOW_001,29.8,985.4,83.0,False,NORMAL
2025-07-16 13:00:00+00:00,LUCKNOW_001,30.7,986.5,74.0,False,NORMAL
2025-07-16 14:00:00+00:00,LUCKNOW_001,30.4,986.9,73.0,False,NORMAL
2025-07-16 15:00:00+00:00,LUCKNOW_001,28.7,987.9,78.0,False,NORMAL
2025-07-16 16:00:00+00:00,LUCKNOW_001,28.5,988.0,79.0,False,NORMAL
2025-07-16 17:00:00+00:00,LUCKNOW_001,28.2,988.3,81.0,False,NORMAL
2025-07-16 18:00:00+00:00,LUCKNOW_001,28.0,988.0,83.0,False,NORMAL
2025-07-16 19:00:00+00:00,LUCKNOW_001,27.9,987.6,84.0,False,NORMAL
2025-07-16 20:00:00+00:00,LUCKNOW_001,27.6,987.6,86.0,False,NORMAL
2025-07-16 21:00:00+00:00,LUCKNOW_001,27.8,987.1,86.0,False,NORMAL
2025-07-16 22:00:00+00:00,LUCKNOW_001,27.7,987.1,84.0,False,NORMAL
2025-07-16 23:00:00+00:00,LUCKNOW_001,27.7,986.8,84.0,False,NORMAL
2025-07-17 00:00:00+00:00,LUCKNOW_001,27.9,986.9,84.0,False,NORMAL
2025-07-17 01:00:00+00:00,LUCKNOW_001,27.9,987.4,84.0,False,NORMAL
2025-07-17 02:00:00+00:00,LUCKNOW_001,28.1,987.4,84.0,False,NORMAL
2025-07-17 03:00:00+00:00,LUCKNOW_001,28.0,987.4,84.0,False,NORMAL
2025-07-17 04:00:00+00:00,LUCKNOW_001,26.9,987.6,91.0,False,NORMAL
2025-07-17 05:00:00+00:00,LUCKNOW_001,26.8,987.7,96.0,False,NORMAL
2025-07-17 06:00:00+00:00,LUCKNOW_001,28.5,987.2,90.0,False,NORMAL
2025-07-17 07:00:00+00:00,LUCKNOW_001,28.5,986.8,89.0,False,NORMAL
2025-07-17 08:00:00+00:00,LUCKNOW_001,27.8,986.3,90.0,False,NORMAL
2025-07-17 09:00:00+00:00,LUCKNOW_001,28.3,985.4,86.0,False,NORMAL
2025-07-17 10:00:00+00:00,LUCKNOW_001,29.9,984.5,79.0,False,NORMAL
2025-07-17 11:00:00+00:00,LUCKNOW_001,30.3,984.3,77.0,False,NORMAL
2025-07-17 12:00:00+00:00,LUCKNOW_001,29.4,984.7,80.0,False,NORMAL
2025-07-17 13:00:00+00:00,LUCKNOW_001,28.8,984.9,83.0,False,NORMAL
2025-07-17 14:00:00+00:00,LUCKNOW_001,28.4,986.0,84.0,False,NORMAL
2025-07-17 15:00:00+00:00,LUCKNOW_001,27.0,986.9,90.0,False,NORMAL
2025-07-17 16:00:00+00:00,LUCKNOW_001,26.9,987.7,92.0,False,NORMAL
2025-07-17 17:00:00+00:00,LUCKNOW_001,26.4,987.7,94.0,False,NORMAL
2025-07-17 18:00:00+00:00,LUCKNOW_001,25.9,988.0,98.0,False,NORMAL
2025-07-17 19:00:00+00:00,LUCKNOW_001,26.0,987.5,98.0,False,NORMAL
2025-07-17 20:00:00+00:00,LUCKNOW_001,26.3,987.4,96.0,False,NORMAL
2025-07-17 21:00:00+00:00,LUCKNOW_001,26.3,987.2,95.0,False,NORMAL
2025-07-17 22:00:00+00:00,LUCKNOW_001,26.7,987.3,95.0,False,NORMAL
2025-07-17 23:00:00+00:00,LUCKNOW_001,26.6,987.6,95.0,False,NORMAL
2025-07-18 00:00:00+00:00,LUCKNOW_001,27.1,988.3,93.0,False,NORMAL
2025-07-18 01:00:00+00:00,LUCKNOW_001,27.2,988.7,92.0,False,NORMAL
2025-07-18 02:00:00+00:00,LUCKNOW_001,28.8,989.1,88.0,False,NORMAL
2025-07-18 03:00:00+00:00,LUCKNOW_001,29.4,989.6,83.0,False,NORMAL
2025-07-18 04:00:00+00:00,LUCKNOW_001,29.8,990.0,79.0,False,NORMAL
2025-07-18 05:00:00+00:00,LUCKNOW_001,32.0,990.2,70.0,False,NORMAL
2025-07-18 06:00:00+00:00,LUCKNOW_001,33.2,989.9,65.0,False,NORMAL
2025-07-18 07:00:00+00:00,LUCKNOW_001,33.5,989.7,63.0,False,NORMAL
2025-07-18 08:00:00+00:00,LUCKNOW_001,34.2,989.1,58.0,False,NORMAL
2025-07-18 09:00:00+00:00,LUCKNOW_001,34.0,988.2,59.0,False,NORMAL
2025-07-18 10:00:00+00:00,LUCKNOW_001,33.9,987.9,60.0,False,NORMAL
2025-07-18 11:00:00+00:00,LUCKNOW_001,34.0,986.6,59.0,False,NORMAL
2025-07-18 12:00:00+00:00,LUCKNOW_001,33.8,986.2,62.0,False,NORMAL
2025-07-18 13:00:00+00:00,LUCKNOW_001,33.3,987.0,64.0,False,NORMAL
2025-07-18 14:00:00+00:00,LUCKNOW_001,32.1,987.4,68.0,False,NORMAL
2025-07-18 15:00:00+00:00,LUCKNOW_001,30.1,988.3,76.0,False,NORMAL
2025-07-18 16:00:00+00:00,LUCKNOW_001,29.5,988.7,80.0,False,NORMAL
2025-07-18 17:00:00+00:00,LUCKNOW_001,28.6,988.8,83.0,False,NORMAL
2025-07-18 18:00:00+00:00,LUCKNOW_001,28.3,988.3,85.0,False,NORMAL
2025-07-18 19:00:00+00:00,LUCKNOW_001,27.9,987.9,85.0,False,NORMAL
2025-07-18 20:00:00+00:00,LUCKNOW_001,27.5,987.4,87.0,False,NORMAL
2025-07-18 21:00:00+00:00,LUCKNOW_001,27.3,987.2,88.0,False,NORMAL
2025-07-18 22:00:00+00:00,LUCKNOW_001,26.7,987.5,90.0,False,NORMAL
2025-07-18 23:00:00+00:00,LUCKNOW_001,26.6,987.2,90.0,False,NORMAL
2025-07-19 00:00:00+00:00,LUCKNOW_001,28.2,987.5,85.0,False,NORMAL
2025-07-19 01:00:00+00:00,LUCKNOW_001,28.3,987.7,84.0,False,NORMAL
2025-07-19 02:00:00+00:00,LUCKNOW_001,29.7,988.1,76.0,False,NORMAL
2025-07-19 03:00:00+00:00,LUCKNOW_001,29.9,988.2,75.0,False,NORMAL
2025-07-19 04:00:00+00:00,LUCKNOW_001,30.1,988.0,76.0,False,NORMAL
2025-07-19 05:00:00+00:00,LUCKNOW_001,31.6,987.9,71.0,False,NORMAL
2025-07-19 06:00:00+00:00,LUCKNOW_001,32.8,987.5,67.0,False,NORMAL
2025-07-19 07:00:00+00:00,LUCKNOW_001,33.0,986.8,67.0,False,NORMAL
2025-07-19 08:00:00+00:00,LUCKNOW_001,34.6,985.9,59.0,False,NORMAL
2025-07-19 09:00:00+00:00,LUCKNOW_001,34.8,985.2,58.0,False,NORMAL
2025-07-19 10:00:00+00:00,LUCKNOW_001,33.9,984.4,61.0,False,NORMAL
2025-07-19 11:00:00+00:00,LUCKNOW_001,34.0,983.9,62.0,False,NORMAL
2025-07-19 12:00:00+00:00,LUCKNOW_001,33.8,983.6,64.0,False,NORMAL
2025-07-19 13:00:00+00:00,LUCKNOW_001,33.7,983.6,64.0,False,NORMAL
2025-07-19 14:00:00+00:00,LUCKNOW_001,33.2,984.1,66.0,False,NORMAL
2025-07-19 15:00:00+00:00,LUCKNOW_001,31.2,984.7,78.0,False,NORMAL
2025-07-19 16:00:00+00:00,LUCKNOW_001,31.2,985.2,78.0,False,NORMAL
2025-07-19 17:00:00+00:00,LUCKNOW_001,30.3,985.7,82.0,False,NORMAL
2025-07-19 18:00:00+00:00,LUCKNOW_001,30.0,985.8,84.0,False,NORMAL
2025-07-19 19:00:00+00:00,LUCKNOW_001,29.7,985.6,86.0,False,NORMAL
2025-07-19 20:00:00+00:00,LUCKNOW_001,29.2,985.2,88.0,False,NORMAL
2025-07-19 21:00:00+00:00,LUCKNOW_001,29.1,984.8,89.0,False,NORMAL
2025-07-19 22:00:00+00:00,LUCKNOW_001,28.7,985.3,89.0,False,NORMAL
2025-07-19 23:00:00+00:00,LUCKNOW_001,28.7,984.9,89.0,False,NORMAL
2025-07-20 00:00:00+00:00,LUCKNOW_001,29.8,985.0,83.0,False,NORMAL
2025-07-20 01:00:00+00:00,LUCKNOW_001,29.8,985.8,83.0,False,NORMAL
2025-07-20 02:00:00+00:00,LUCKNOW_001,30.7,986.2,80.0,False,NORMAL
2025-07-20 03:00:00+00:00,LUCKNOW_001,31.0,986.8,79.0,False,NORMAL
2025-07-20 04:00:00+00:00,LUCKNOW_001,31.2,986.9,78.0,False,NORMAL
2025-07-20 05:00:00+00:00,LUCKNOW_001,31.9,987.2,74.0,False,NORMAL
2025-07-20 06:00:00+00:00,LUCKNOW_001,32.9,986.9,71.0,False,NORMAL
2025-07-20 07:00:00+00:00,LUCKNOW_001,33.0,986.8,71.0,False,NORMAL
2025-07-20 08:00:00+00:00,LUCKNOW_001,33.7,986.4,67.0,False,NORMAL
2025-07-20 09:00:00+00:00,LUCKNOW_001,33.6,985.8,67.0,False,NORMAL
2025-07-20 10:00:00+00:00,LUCKNOW_001,32.3,985.0,73.0,False,NORMAL
2025-07-20 11:00:00+00:00,LUCKNOW_001,32.3,984.8,73.0,False,NORMAL
2025-07-20 12:00:00+00:00,LUCKNOW_001,32.3,984.7,72.0,False,NORMAL
2025-07-20 13:00:00+00:00,LUCKNOW_001,31.6,985.4,76.0,False,NORMAL
2025-07-20 14:00:00+00:00,LUCKNOW_001,31.1,986.3,80.0,False,NORMAL
2025-07-20 15:00:00+00:00,LUCKNOW_001,30.1,986.6,85.0,False,NORMAL
2025-07-20 16:00:00+00:00,LUCKNOW_001,29.9,987.1,86.0,False,NORMAL
2025-07-20 17:00:00+00:00,LUCKNOW_001,29.3,987.7,89.0,False,NORMAL
2025-07-20 18:00:00+00:00,LUCKNOW_001,29.3,987.5,89.0,False,NORMAL
2025-07-20 19:00:00+00:00,LUCKNOW_001,29.2,987.7,90.0,False,NORMAL
2025-07-20 20:00:00+00:00,LUCKNOW_001,28.7,987.3,92.0,False,NORMAL
2025-07-20 21:00:00+00:00,LUCKNOW_001,28.7,987.5,92.0,False,NORMAL
2025-07-20 22:00:00+00:00,LUCKNOW_001,28.4,987.3,92.0,False,NORMAL
2025-07-20 23:00:00+00:00,LUCKNOW_001,28.4,987.8,94.0,False,NORMAL
2025-07-21 00:00:00+00:00,LUCKNOW_001,29.4,987.6,87.0,False,NORMAL
2025-07-21 01:00:00+00:00,LUCKNOW_001,29.5,989.0,88.0,False,NORMAL
2025-07-21 02:00:00+00:00,LUCKNOW_001,30.4,989.2,84.0,False,NORMAL
2025-07-21 03:00:00+00:00,LUCKNOW_001,29.8,989.6,85.0,False,NORMAL
2025-07-21 04:00:00+00:00,LUCKNOW_001,29.7,989.9,85.0,False,NORMAL
2025-07-21 05:00:00+00:00,LUCKNOW_001,31.0,989.6,80.0,False,NORMAL
2025-07-21 06:00:00+00:00,LUCKNOW_001,32.0,989.4,76.0,False,NORMAL
2025-07-21 07:00:00+00:00,LUCKNOW_001,32.8,988.7,74.0,False,NORMAL
2025-07-21 08:00:00+00:00,LUCKNOW_001,33.9,988.1,71.0,False,NORMAL
2025-07-21 09:00:00+00:00,LUCKNOW_001,34.5,986.8,70.0,False,NORMAL
2025-07-21 10:00:00+00:00,LUCKNOW_001,32.7,986.5,71.0,False,NORMAL
2025-07-21 11:00:00+00:00,LUCKNOW_001,33.1,986.0,69.0,False,NORMAL
2025-07-21 12:00:00+00:00,LUCKNOW_001,33.2,985.7,69.0,False,NORMAL
2025-07-21 13:00:00+00:00,LUCKNOW_001,33.0,986.2,71.0,False,NORMAL
2025-07-21 14:00:00+00:00,LUCKNOW_001,32.2,986.6,73.0,False,NORMAL
2025-07-21 15:00:00+00:00,LUCKNOW_001,31.0,987.3,78.0,False,NORMAL
2025-07-21 16:00:00+00:00,LUCKNOW_001,30.6,987.2,82.0,False,NORMAL
2025-07-21 17:00:00+00:00,LUCKNOW_001,29.8,987.7,86.0,False,NORMAL
2025-07-21 18:00:00+00:00,LUCKNOW_001,29.7,987.8,86.0,False,NORMAL
2025-07-21 19:00:00+00:00,LUCKNOW_001,29.3,987.6,88.0,False,NORMAL
2025-07-21 20:00:00+00:00,LUCKNOW_001,29.0,987.4,90.0,False,NORMAL
2025-07-21 21:00:00+00:00,LUCKNOW_001,29.0,987.1,90.0,False,NORMAL
2025-07-21 22:00:00+00:00,LUCKNOW_001,28.5,987.2,88.0,False,NORMAL
2025-07-21 23:00:00+00:00,LUCKNOW_001,28.5,987.4,88.0,False,NORMAL
2025-07-22 00:00:00+00:00,LUCKNOW_001,29.3,987.3,83.0,False,NORMAL
2025-07-22 01:00:00+00:00,LUCKNOW_001,29.3,987.7,83.0,False,NORMAL
2025-07-22 02:00:00+00:00,LUCKNOW_001,30.8,988.0,78.0,False,NORMAL
2025-07-22 03:00:00+00:00,LUCKNOW_001,31.2,988.0,76.0,False,NORMAL
2025-07-22 04:00:00+00:00,LUCKNOW_001,31.4,987.9,75.0,False,NORMAL
2025-07-22 05:00:00+00:00,LUCKNOW_001,33.2,987.5,66.0,False,NORMAL
2025-07-22 06:00:00+00:00,LUCKNOW_001,34.5,987.2,61.0,False,NORMAL
2025-07-22 07:00:00+00:00,LUCKNOW_001,34.8,986.7,60.0,False,NORMAL
2025-07-22 08:00:00+00:00,LUCKNOW_001,35.6,985.9,58.0,False,NORMAL
2025-07-22 09:00:00+00:00,LUCKNOW_001,35.9,984.9,57.0,False,NORMAL
2025-07-22 10:00:00+00:00,LUCKNOW_001,34.4,984.0,64.0,False,NORMAL
2025-07-22 11:00:00+00:00,LUCKNOW_001,34.8,983.1,61.0,False,NORMAL
2025-07-22 12:00:00+00:00,LUCKNOW_001,34.6,983.1,62.0,False,NORMAL
2025-07-22 13:00:00+00:00,LUCKNOW_001,34.4,983.8,64.0,False,NORMAL
2025-07-22 14:00:00+00:00,LUCKNOW_001,33.3,984.2,66.0,False,NORMAL
2025-07-22 15:00:00+00:00,LUCKNOW_001,31.3,984.9,75.0,False,NORMAL
2025-07-22 16:00:00+00:00,LUCKNOW_001,30.9,985.0,77.0,False,NORMAL
2025-07-22 17:00:00+00:00,LUCKNOW_001,30.2,985.0,80.0,False,NORMAL
2025-07-22 18:00:00+00:00,LUCKNOW_001,29.8,985.0,83.0,False,NORMAL
2025-07-22 19:00:00+00:00,LUCKNOW_001,29.6,984.9,84.0,False,NORMAL
2025-07-22 20:00:00+00:00,LUCKNOW_001,29.0,984.4,86.0,False,NORMAL
2025-07-22 21:00:00+00:00,LUCKNOW_001,28.9,984.3,87.0,False,NORMAL
2025-07-22 22:00:00+00:00,LUCKNOW_001,28.4,983.8,87.0,False,NORMAL
2025-07-22 23:00:00+00:00,LUCKNOW_001,28.5,984.1,87.0,False,NORMAL
2025-07-23 00:00:00+00:00,LUCKNOW_001,29.5,984.0,84.0,False,NORMAL
2025-07-23 01:00:00+00:00,LUCKNOW_001,29.8,984.3,83.0,False,NORMAL
2025-07-23 02:00:00+00:00,LUCKNOW_001,31.5,984.6,76.0,False,NORMAL
2025-07-23 03:00:00+00:00,LUCKNOW_001,32.1,984.8,74.0,False,NORMAL
2025-07-23 04:00:00+00:00,LUCKNOW_001,32.4,984.9,70.0,False,NORMAL
2025-07-23 05:00:00+00:00,LUCKNOW_001,33.7,984.3,63.0,False,NORMAL
2025-07-23 06:00:00+00:00,LUCKNOW_001,34.5,983.8,62.0,False,NORMAL
2025-07-23 07:00:00+00:00,LUCKNOW_001,34.2,983.4,64.0,False,NORMAL
2025-07-23 08:00:00+00:00,LUCKNOW_001,34.5,982.8,64.0,False,NORMAL
2025-07-23 09:00:00+00:00,LUCKNOW_001,34.8,981.4,64.0,False,NORMAL
2025-07-23 10:00:00+00:00,LUCKNOW_001,33.2,980.7,71.0,False,NORMAL
2025-07-23 11:00:00+00:00,LUCKNOW_001,33.8,980.6,71.0,False,NORMAL
2025-07-23 12:00:00+00:00,LUCKNOW_001,33.1,980.7,72.0,False,NORMAL
2025-07-23 13:00:00+00:00,LUCKNOW_001,33.1,980.7,73.0,False,NORMAL
2025-07-23 14:00:00+00:00,LUCKNOW_001,32.2,981.2,77.0,False,NORMAL
2025-07-23 15:00:00+00:00,LUCKNOW_001,31.2,981.8,83.0,False,NORMAL
2025-07-23 16:00:00+00:00,LUCKNOW_001,30.9,982.6,85.0,False,NORMAL
2025-07-23 17:00:00+00:00,LUCKNOW_001,29.7,983.3,89.0,False,NORMAL
2025-07-23 18:00:00+00:00,LUCKNOW_001,29.7,983.3,89.0,False,NORMAL
2025-07-23 19:00:00+00:00,LUCKNOW_001,29.7,983.2,88.0,False,NORMAL
2025-07-23 20:00:00+00:00,LUCKNOW_001,29.1,982.8,90.0,False,NORMAL
2025-07-23 21:00:00+00:00,LUCKNOW_001,29.0,982.5,91.0,False,NORMAL
2025-07-23 22:00:00+00:00,LUCKNOW_001,28.5,981.8,90.0,False,NORMAL
2025-07-23 23:00:00+00:00,LUCKNOW_001,28.4,982.0,91.0,False,NORMAL
2025-07-24 00:00:00+00:00,LUCKNOW_001,29.5,982.1,88.0,False,NORMAL
2025-07-24 01:00:00+00:00,LUCKNOW_001,29.5,982.3,88.0,False,NORMAL
2025-07-24 02:00:00+00:00,LUCKNOW_001,30.7,983.0,83.0,False,NORMAL
2025-07-24 03:00:00+00:00,LUCKNOW_001,31.0,983.4,81.0,False,NORMAL
2025-07-24 04:00:00+00:00,LUCKNOW_001,31.3,983.4,80.0,False,NORMAL
2025-07-24 05:00:00+00:00,LUCKNOW_001,32.9,983.3,71.0,False,NORMAL
2025-07-24 06:00:00+00:00,LUCKNOW_001,33.5,983.0,69.0,False,NORMAL
2025-07-24 07:00:00+00:00,LUCKNOW_001,33.7,982.3,68.0,False,NORMAL
2025-07-24 08:00:00+00:00,LUCKNOW_001,35.3,981.3,62.0,False,NORMAL
2025-07-24 09:00:00+00:00,LUCKNOW_001,35.9,980.6,61.0,False,NORMAL
2025-07-24 10:00:00+00:00,LUCKNOW_001,34.1,979.9,68.0,False,NORMAL
2025-07-24 11:00:00+00:00,LUCKNOW_001,34.3,979.3,67.0,False,NORMAL
2025-07-24 12:00:00+00:00,LUCKNOW_001,34.5,979.1,66.0,False,NORMAL
2025-07-24 13:00:00+00:00,LUCKNOW_001,34.1,979.4,68.0,False,NORMAL
2025-07-24 14:00:00+00:00,LUCKNOW_001,33.0,980.3,73.0,False,NORMAL
2025-07-24 15:00:00+00:00,LUCKNOW_001,31.4,981.3,82.0,False,NORMAL
2025-07-24 16:00:00+00:00,LUCKNOW_001,31.2,981.7,84.0,False,NORMAL
2025-07-24 17:00:00+00:00,LUCKNOW_001,30.4,982.2,88.0,False,NORMAL
2025-07-24 18:00:00+00:00,LUCKNOW_001,30.2,982.1,90.0,False,NORMAL
2025-07-24 19:00:00+00:00,LUCKNOW_001,29.6,982.0,92.0,False,NORMAL
2025-07-24 20:00:00+00:00,LUCKNOW_001,28.8,981.2,94.0,False,NORMAL
2025-07-24 21:00:00+00:00,LUCKNOW_001,28.9,980.9,93.0,False,NORMAL
2025-07-24 22:00:00+00:00,LUCKNOW_001,,,,True,MISSING_DATA
2025-07-24 23:00:00+00:00,LUCKNOW_001,,,,True,MISSING_DATA
2025-07-25 00:00:00+00:00,LUCKNOW_001,,,,True,MISSING_DATA
2025-07-25 01:00:00+00:00,LUCKNOW_001,,,,True,MISSING_DATA
2025-07-25 02:00:00+00:00,LUCKNOW_001,,,,True,MISSING_DATA
2025-07-25 03:00:00+00:00,LUCKNOW_001,32.0,981.6,81.0,False,NORMAL
2025-07-25 04:00:00+00:00,LUCKNOW_001,32.4,982.1,78.0,False,NORMAL
2025-07-25 05:00:00+00:00,LUCKNOW_001,34.0,982.1,71.0,False,NORMAL
2025-07-25 06:00:00+00:00,LUCKNOW_001,35.0,982.2,69.0,False,NORMAL
2025-07-25 07:00:00+00:00,LUCKNOW_001,34.5,981.6,71.0,False,NORMAL
2025-07-25 08:00:00+00:00,LUCKNOW_001,33.3,981.2,72.0,False,NORMAL
2025-07-25 09:00:00+00:00,LUCKNOW_001,33.3,980.5,70.0,False,NORMAL
2025-07-25 10:00:00+00:00,LUCKNOW_001,32.1,980.1,77.0,False,NORMAL
2025-07-25 11:00:00+00:00,LUCKNOW_001,31.2,980.9,77.0,False,NORMAL
2025-07-25 12:00:00+00:00,LUCKNOW_001,30.6,981.1,81.0,False,NORMAL
2025-07-25 13:00:00+00:00,LUCKNOW_001,30.1,981.1,85.0,False,NORMAL
2025-07-25 14:00:00+00:00,LUCKNOW_001,29.8,982.1,87.0,False,NORMAL
2025-07-25 15:00:00+00:00,LUCKNOW_001,27.6,982.8,96.0,False,NORMAL
2025-07-25 16:00:00+00:00,LUCKNOW_001,27.2,983.2,97.0,False,NORMAL
2025-07-25 17:00:00+00:00,LUCKNOW_001,27.0,983.6,99.0,False,NORMAL
2025-07-25 18:00:00+00:00,LUCKNOW_001,27.2,983.4,99.0,False,NORMAL
2025-07-25 19:00:00+00:00,LUCKNOW_001,27.5,983.3,98.0,False,NORMAL
2025-07-25 20:00:00+00:00,LUCKNOW_001,27.5,982.6,97.0,False,NORMAL
2025-07-25 21:00:00+00:00,LUCKNOW_001,27.7,982.6,96.0,False,NORMAL
2025-07-25 22:00:00+00:00,LUCKNOW_001,27.6,981.6,96.0,False,NORMAL
2025-07-25 23:00:00+00:00,LUCKNOW_001,27.7,981.8,96.0,False,NORMAL
2025-07-26 00:00:00+00:00,LUCKNOW_001,28.3,981.9,92.0,False,NORMAL
2025-07-26 01:00:00+00:00,LUCKNOW_001,28.4,982.5,90.0,False,NORMAL
2025-07-26 02:00:00+00:00,LUCKNOW_001,30.2,983.3,82.0,False,NORMAL
2025-07-26 03:00:00+00:00,LUCKNOW_001,30.7,983.6,78.0,False,NORMAL
2025-07-26 04:00:00+00:00,LUCKNOW_001,30.8,983.8,76.0,False,NORMAL
2025-07-26 05:00:00+00:00,LUCKNOW_001,32.2,983.6,70.0,False,NORMAL
2025-07-26 06:00:00+00:00,LUCKNOW_001,33.5,983.5,67.0,False,NORMAL
2025-07-26 07:00:00+00:00,LUCKNOW_001,32.7,982.8,71.0,False,NORMAL
2025-07-26 08:00:00+00:00,LUCKNOW_001,33.3,982.1,69.0,False,NORMAL
2025-07-26 09:00:00+00:00,LUCKNOW_001,33.2,981.2,68.0,False,NORMAL
2025-07-26 10:00:00+00:00,LUCKNOW_001,31.8,980.2,74.0,False,NORMAL
2025-07-26 11:00:00+00:00,LUCKNOW_001,31.9,979.9,73.0,False,NORMAL
2025-07-26 12:00:00+00:00,LUCKNOW_001,32.5,980.3,70.0,False,NORMAL
2025-07-26 13:00:00+00:00,LUCKNOW_001,32.2,980.7,69.0,False,NORMAL
2025-07-26 14:00:00+00:00,LUCKNOW_001,31.9,981.6,69.0,False,NORMAL
2025-07-26 15:00:00+00:00,LUCKNOW_001,30.7,982.3,73.0,False,NORMAL
2025-07-26 16:00:00+00:00,LUCKNOW_001,30.2,982.9,76.0,False,NORMAL
2025-07-26 17:00:00+00:00,LUCKNOW_001,29.8,982.9,79.0,False,NORMAL
2025-07-26 18:00:00+00:00,LUCKNOW_001,29.7,983.0,80.0,False,NORMAL
2025-07-26 19:00:00+00:00,LUCKNOW_001,29.5,982.7,81.0,False,NORMAL
2025-07-26 20:00:00+00:00,LUCKNOW_001,28.7,982.2,84.0,False,NORMAL
2025-07-26 21:00:00+00:00,LUCKNOW_001,28.7,981.9,85.0,False,NORMAL
2025-07-26 22:00:00+00:00,LUCKNOW_001,28.1,982.6,86.0,False,NORMAL
2025-07-26 23:00:00+00:00,LUCKNOW_001,27.9,982.2,87.0,False,NORMAL
2025-07-27 00:00:00+00:00,LUCKNOW_001,28.6,982.5,85.0,False,NORMAL
2025-07-27 01:00:00+00:00,LUCKNOW_001,28.8,983.2,85.0,False,NORMAL
2025-07-27 02:00:00+00:00,LUCKNOW_001,29.8,983.3,81.0,False,NORMAL
2025-07-27 03:00:00+00:00,LUCKNOW_001,30.0,983.5,81.0,False,NORMAL
2025-07-27 04:00:00+00:00,LUCKNOW_001,30.3,983.5,79.0,False,NORMAL
2025-07-27 05:00:00+00:00,LUCKNOW_001,31.2,983.5,76.0,False,NORMAL
2025-07-27 06:00:00+00:00,LUCKNOW_001,32.3,983.4,72.0,False,NORMAL
2025-07-27 07:00:00+00:00,LUCKNOW_001,32.4,983.0,73.0,False,NORMAL
2025-07-27 08:00:00+00:00,LUCKNOW_001,32.5,982.4,72.0,False,NORMAL
2025-07-27 09:00:00+00:00,LUCKNOW_001,32.5,982.1,71.0,False,NORMAL
2025-07-27 10:00:00+00:00,LUCKNOW_001,31.8,981.4,74.0,False,NORMAL
2025-07-27 11:00:00+00:00,LUCKNOW_001,31.1,981.2,78.0,False,NORMAL
2025-07-27 12:00:00+00:00,LUCKNOW_001,31.4,981.0,77.0,False,NORMAL
2025-07-27 13:00:00+00:00,LUCKNOW_001,31.5,981.3,76.0,False,NORMAL
2025-07-27 14:00:00+00:00,LUCKNOW_001,31.1,982.0,78.0,False,NORMAL
2025-07-27 15:00:00+00:00,LUCKNOW_001,29.9,983.0,85.0,False,NORMAL
2025-07-27 16:00:00+00:00,LUCKNOW_001,29.7,983.7,86.0,False,NORMAL
2025-07-27 17:00:00+00:00,LUCKNOW_001,29.2,983.7,88.0,False,NORMAL
2025-07-27 18:00:00+00:00,LUCKNOW_001,29.2,983.8,89.0,False,NORMAL
2025-07-27 19:00:00+00:00,LUCKNOW_001,29.1,983.1,89.0,False,NORMAL
2025-07-27 20:00:00+00:00,LUCKNOW_001,28.9,982.7,90.0,False,NORMAL
2025-07-27 21:00:00+00:00,LUCKNOW_001,28.8,982.4,91.0,False,NORMAL
2025-07-27 22:00:00+00:00,LUCKNOW_001,28.4,982.5,91.0,False,NORMAL
2025-07-27 23:00:00+00:00,LUCKNOW_001,28.5,982.5,91.0,False,NORMAL
2025-07-28 00:00:00+00:00,LUCKNOW_001,28.9,982.6,90.0,False,NORMAL
2025-07-28 01:00:00+00:00,LUCKNOW_001,28.9,983.3,89.0,False,NORMAL
2025-07-28 02:00:00+00:00,LUCKNOW_001,29.7,984.1,87.0,False,NORMAL
2025-07-28 03:00:00+00:00,LUCKNOW_001,29.1,984.2,91.0,False,NORMAL
2025-07-28 04:00:00+00:00,LUCKNOW_001,29.3,984.6,90.0,False,NORMAL
2025-07-28 05:00:00+00:00,LUCKNOW_001,29.7,984.3,86.0,False,NORMAL
2025-07-28 06:00:00+00:00,LUCKNOW_001,30.5,984.3,82.0,False,NORMAL
2025-07-28 07:00:00+00:00,LUCKNOW_001,30.6,983.8,81.0,False,NORMAL
2025-07-28 08:00:00+00:00,LUCKNOW_001,30.6,983.9,80.0,False,NORMAL
2025-07-28 09:00:00+00:00,LUCKNOW_001,30.5,983.0,80.0,False,NORMAL
2025-07-28 10:00:00+00:00,LUCKNOW_001,30.2,982.6,81.0,False,NORMAL
2025-07-28 11:00:00+00:00,LUCKNOW_001,30.4,982.5,80.0,False,NORMAL
2025-07-28 12:00:00+00:00,LUCKNOW_001,30.1,982.3,84.0,False,NORMAL
2025-07-28 13:00:00+00:00,LUCKNOW_001,30.0,983.0,84.0,False,NORMAL
2025-07-28 14:00:00+00:00,LUCKNOW_001,29.2,983.8,88.0,False,NORMAL
2025-07-28 15:00:00+00:00,LUCKNOW_001,28.3,984.6,93.0,False,NORMAL
2025-07-28 16:00:00+00:00,LUCKNOW_001,28.3,985.1,92.0,False,NORMAL
2025-07-28 17:00:00+00:00,LUCKNOW_001,28.0,985.3,95.0,False,NORMAL
2025-07-28 18:00:00+00:00,LUCKNOW_001,27.9,984.9,96.0,False,NORMAL
2025-07-28 19:00:00+00:00,LUCKNOW_001,27.8,984.6,96.0,False,NORMAL
2025-07-28 20:00:00+00:00,LUCKNOW_001,27.6,984.2,97.0,False,NORMAL
2025-07-28 21:00:00+00:00,LUCKNOW_001,27.4,983.5,97.0,False,NORMAL
2025-07-28 22:00:00+00:00,LUCKNOW_001,27.1,983.1,96.0,False,NORMAL
2025-07-28 23:00:00+00:00,LUCKNOW_001,27.2,983.5,95.0,False,NORMAL
2025-07-29 00:00:00+00:00,LUCKNOW_001,27.7,984.0,93.0,False,NORMAL
2025-07-29 01:00:00+00:00,LUCKNOW_001,27.5,984.4,94.0,False,NORMAL
2025-07-29 02:00:00+00:00,LUCKNOW_001,28.1,984.9,91.0,False,NORMAL
2025-07-29 03:00:00+00:00,LUCKNOW_001,28.2,984.7,90.0,False,NORMAL
2025-07-29 04:00:00+00:00,LUCKNOW_001,28.9,985.1,85.0,False,NORMAL
2025-07-29 05:00:00+00:00,LUCKNOW_001,30.7,985.3,77.0,False,NORMAL
2025-07-29 06:00:00+00:00,LUCKNOW_001,31.7,985.2,73.0,False,NORMAL
2025-07-29 07:00:00+00:00,LUCKNOW_001,32.0,984.8,72.0,False,NORMAL
2025-07-29 08:00:00+00:00,LUCKNOW_001,33.5,984.0,66.0,False,NORMAL
2025-07-29 09:00:00+00:00,LUCKNOW_001,33.6,983.9,65.0,False,NORMAL
2025-07-29 10:00:00+00:00,LUCKNOW_001,30.3,982.8,81.0,False,NORMAL
2025-07-29 11:00:00+00:00,LUCKNOW_001,30.6,982.5,77.0,False,NORMAL
2025-07-29 12:00:00+00:00,LUCKNOW_001,30.5,982.5,77.0,False,NORMAL
2025-07-29 13:00:00+00:00,LUCKNOW_001,30.6,983.3,77.0,False,NORMAL
2025-07-29 14:00:00+00:00,LUCKNOW_001,30.5,983.8,77.0,False,NORMAL
2025-07-29 15:00:00+00:00,LUCKNOW_001,28.8,984.4,85.0,False,NORMAL
2025-07-29 16:00:00+00:00,LUCKNOW_001,28.4,984.9,87.0,False,NORMAL
2025-07-29 17:00:00+00:00,LUCKNOW_001,27.9,985.1,88.0,False,NORMAL
2025-07-29 18:00:00+00:00,LUCKNOW_001,27.6,985.1,90.0,False,NORMAL
2025-07-29 19:00:00+00:00,LUCKNOW_001,27.5,985.1,91.0,False,NORMAL
2025-07-29 20:00:00+00:00,LUCKNOW_001,27.6,984.4,89.0,False,NORMAL
2025-07-29 21:00:00+00:00,LUCKNOW_001,27.4,984.3,90.0,False,NORMAL
2025-07-29 22:00:00+00:00,LUCKNOW_001,27.3,984.3,95.0,False,NORMAL
2025-07-29 23:00:00+00:00,LUCKNOW_001,27.2,984.0,95.0,False,NORMAL
2025-07-30 00:00:00+00:00,LUCKNOW_001,27.7,984.1,92.0,False,NORMAL
2025-07-30 01:00:00+00:00,LUCKNOW_001,27.6,984.6,92.0,False,NORMAL
2025-07-30 02:00:00+00:00,LUCKNOW_001,28.0,985.3,91.0,False,NORMAL
2025-07-30 03:00:00+00:00,LUCKNOW_001,28.1,985.4,92.0,False,NORMAL
2025-07-30 04:00:00+00:00,LUCKNOW_001,28.8,986.1,88.0,False,NORMAL
2025-07-30 05:00:00+00:00,LUCKNOW_001,30.8,985.8,80.0,False,NORMAL
2025-07-30 06:00:00+00:00,LUCKNOW_001,32.1,986.0,78.0,False,NORMAL
2025-07-30 07:00:00+00:00,LUCKNOW_001,32.3,985.1,75.0,False,NORMAL
2025-07-30 08:00:00+00:00,LUCKNOW_001,32.3,984.5,75.0,False,NORMAL
2025-07-30 09:00:00+00:00,LUCKNOW_001,29.9,984.1,87.0,False,NORMAL
2025-07-30 10:00:00+00:00,LUCKNOW_001,29.5,983.9,86.0,False,NORMAL
2025-07-30 11:00:00+00:00,LUCKNOW_001,29.6,983.7,87.0,False,NORMAL
2025-07-30 12:00:00+00:00,LUCKNOW_001,29.0,983.3,91.0,False,NORMAL
2025-07-30 13:00:00+00:00,LUCKNOW_001,28.8,984.0,91.0,False,NORMAL
2025-07-30 14:00:00+00:00,LUCKNOW_001,28.6,985.1,92.0,False,NORMAL
2025-07-30 15:00:00+00:00,LUCKNOW_001,27.8,985.7,97.0,False,NORMAL
2025-07-30 16:00:00+00:00,LUCKNOW_001,27.9,986.2,97.0,False,NORMAL
2025-07-30 17:00:00+00:00,LUCKNOW_001,27.3,986.4,98.0,False,NORMAL
2025-07-30 18:00:00+00:00,LUCKNOW_001,27.4,986.4,97.0,False,NORMAL
2025-07-30 19:00:00+00:00,LUCKNOW_001,27.1,986.2,99.0,False,NORMAL
2025-07-30 20:00:00+00:00,LUCKNOW_001,26.6,985.8,100.0,False,NORMAL
2025-07-30 21:00:00+00:00,LUCKNOW_001,26.6,985.5,100.0,False,NORMAL
2025-07-30 22:00:00+00:00,LUCKNOW_001,26.8,984.7,97.0,False,NORMAL
2025-07-30 23:00:00+00:00,LUCKNOW_001,26.8,985.0,97.0,False,NORMAL
2025-07-31 00:00:00+00:00,LUCKNOW_001,27.5,985.1,94.0,False,NORMAL
2025-07-31 01:00:00+00:00,LUCKNOW_001,27.4,985.6,95.0,False,NORMAL
2025-07-31 02:00:00+00:00,LUCKNOW_001,28.6,986.2,88.0,False,NORMAL
2025-07-31 03:00:00+00:00,LUCKNOW_001,29.0,986.3,86.0,False,NORMAL
2025-07-31 04:00:00+00:00,LUCKNOW_001,29.4,986.6,86.0,False,NORMAL
2025-07-31 05:00:00+00:00,LUCKNOW_001,30.1,986.6,84.0,False,NORMAL
2025-07-31 06:00:00+00:00,LUCKNOW_001,31.2,986.6,79.0,False,NORMAL
2025-07-31 07:00:00+00:00,LUCKNOW_001,31.7,986.1,77.0,False,NORMAL
2025-07-31 08:00:00+00:00,LUCKNOW_001,30.4,985.5,81.0,False,NORMAL
2025-07-31 09:00:00+00:00,LUCKNOW_001,30.7,985.2,83.0,False,NORMAL
2025-07-31 10:00:00+00:00,LUCKNOW_001,30.0,984.5,84.0,False,NORMAL
2025-07-31 11:00:00+00:00,LUCKNOW_001,30.2,984.8,83.0,False,NORMAL
2025-07-31 12:00:00+00:00,LUCKNOW_001,29.9,984.0,84.0,False,NORMAL
2025-07-31 13:00:00+00:00,LUCKNOW_001,29.7,985.0,85.0,False,NORMAL
2025-07-31 14:00:00+00:00,LUCKNOW_001,29.1,985.9,86.0,False,NORMAL
2025-07-31 15:00:00+00:00,LUCKNOW_001,28.0,986.7,93.0,False,NORMAL
2025-07-31 16:00:00+00:00,LUCKNOW_001,27.9,987.0,94.0,False,NORMAL
2025-07-31 17:00:00+00:00,LUCKNOW_001,27.4,987.3,96.0,False,NORMAL
2025-07-31 18:00:00+00:00,LUCKNOW_001,27.4,986.9,97.0,False,NORMAL
2025-07-31 19:00:00+00:00,LUCKNOW_001,27.2,986.6,97.0,False,NORMAL
2025-07-31 20:00:00+00:00,LUCKNOW_001,27.0,986.2,97.0,False,NORMAL
2025-07-31 21:00:00+00:00,LUCKNOW_001,26.8,986.0,98.0,False,NORMAL
2025-07-31 22:00:00+00:00,LUCKNOW_001,26.8,985.6,99.0,False,NORMAL
2025-07-31 23:00:00+00:00,LUCKNOW_001,26.9,986.1,98.0,False,NORMAL
2025-08-01 00:00:00+00:00,LUCKNOW_001,27.3,986.1,95.0,False,NORMAL
2025-08-01 01:00:00+00:00,LUCKNOW_001,27.2,986.5,95.0,False,NORMAL
2025-08-01 02:00:00+00:00,LUCKNOW_001,28.3,987.1,90.0,False,NORMAL
2025-08-01 03:00:00+00:00,LUCKNOW_001,28.5,987.4,89.0,False,NORMAL
2025-08-01 04:00:00+00:00,LUCKNOW_001,28.5,987.5,91.0,False,NORMAL
2025-08-01 05:00:00+00:00,LUCKNOW_001,29.8,987.9,84.0,False,NORMAL
2025-08-01 06:00:00+00:00,LUCKNOW_001,29.9,987.7,84.0,False,NORMAL
2025-08-01 07:00:00+00:00,LUCKNOW_001,29.9,987.0,85.0,False,NORMAL
2025-08-01 08:00:00+00:00,LUCKNOW_001,31.7,986.7,80.0,False,NORMAL
2025-08-01 09:00:00+00:00,LUCKNOW_001,31.8,985.9,79.0,False,NORMAL
2025-08-01 10:00:00+00:00,LUCKNOW_001,30.0,985.5,83.0,False,NORMAL
2025-08-01 11:00:00+00:00,LUCKNOW_001,30.0,985.5,84.0,False,NORMAL
2025-08-01 12:00:00+00:00,LUCKNOW_001,30.2,985.2,83.0,False,NORMAL
2025-08-01 13:00:00+00:00,LUCKNOW_001,30.2,985.7,82.0,False,NORMAL
2025-08-01 14:00:00+00:00,LUCKNOW_001,29.7,986.5,84.0,False,NORMAL
2025-08-01 15:00:00+00:00,LUCKNOW_001,28.9,987.7,91.0,False,NORMAL
2025-08-01 16:00:00+00:00,LUCKNOW_001,28.9,988.1,90.0,False,NORMAL
2025-08-01 17:00:00+00:00,LUCKNOW_001,28.3,987.9,92.0,False,NORMAL
2025-08-01 18:00:00+00:00,LUCKNOW_001,28.0,987.8,93.0,False,NORMAL
2025-08-01 19:00:00+00:00,LUCKNOW_001,27.8,987.4,95.0,False,NORMAL
2025-08-01 20:00:00+00:00,LUCKNOW_001,27.7,986.7,95.0,False,NORMAL
2025-08-01 21:00:00+00:00,LUCKNOW_001,27.8,986.6,94.0,False,NORMAL
2025-08-01 22:00:00+00:00,LUCKNOW_001,27.5,985.7,95.0,False,NORMAL
2025-08-01 23:00:00+00:00,LUCKNOW_001,27.6,986.2,95.0,False,NORMAL
2025-08-02 00:00:00+00:00,LUCKNOW_001,27.8,986.2,93.0,False,NORMAL
2025-08-02 01:00:00+00:00,LUCKNOW_001,28.0,987.0,92.0,False,NORMAL
2025-08-02 02:00:00+00:00,LUCKNOW_001,28.5,987.6,90.0,False,NORMAL
2025-08-02 03:00:00+00:00,LUCKNOW_001,28.5,987.9,91.0,False,NORMAL
2025-08-02 04:00:00+00:00,LUCKNOW_001,28.8,988.4,91.0,False,NORMAL
2025-08-02 05:00:00+00:00,LUCKNOW_001,30.1,988.7,87.0,False,NORMAL
2025-08-02 06:00:00+00:00,LUCKNOW_001,31.2,988.4,81.0,False,NORMAL
2025-08-02 07:00:00+00:00,LUCKNOW_001,29.9,987.5,87.0,False,NORMAL
2025-08-02 08:00:00+00:00,LUCKNOW_001,31.3,986.8,83.0,False,NORMAL
2025-08-02 09:00:00+00:00,LUCKNOW_001,31.4,986.1,82.0,False,NORMAL
2025-08-02 10:00:00+00:00,LUCKNOW_001,29.1,986.3,92.0,False,NORMAL
2025-08-02 11:00:00+00:00,LUCKNOW_001,28.9,985.7,93.0,False,NORMAL
2025-08-02 12:00:00+00:00,LUCKNOW_001,29.4,986.1,90.0,False,NORMAL
2025-08-02 13:00:00+00:00,LUCKNOW_001,29.6,986.4,89.0,False,NORMAL
2025-08-02 14:00:00+00:00,LUCKNOW_001,29.4,987.6,90.0,False,NORMAL
2025-08-02 15:00:00+00:00,LUCKNOW_001,28.7,988.1,94.0,False,NORMAL
2025-08-02 16:00:00+00:00,LUCKNOW_001,28.7,989.0,95.0,False,NORMAL
2025-08-02 17:00:00+00:00,LUCKNOW_001,28.1,989.3,97.0,False,NORMAL
2025-08-02 18:00:00+00:00,LUCKNOW_001,28.1,989.1,96.0,False,NORMAL
2025-08-02 19:00:00+00:00,LUCKNOW_001,27.7,988.7,97.0,False,NORMAL
2025-08-02 20:00:00+00:00,LUCKNOW_001,27.3,987.6,99.0,False,NORMAL
2025-08-02 21:00:00+00:00,LUCKNOW_001,27.4,987.7,99.0,False,NORMAL
2025-08-02 22:00:00+00:00,LUCKNOW_001,27.3,987.5,98.0,False,NORMAL
2025-08-02 23:00:00+00:00,LUCKNOW_001,27.2,987.5,97.0,False,NORMAL
2025-08-03 00:00:00+00:00,LUCKNOW_001,27.4,987.9,96.0,False,NORMAL
2025-08-03 01:00:00+00:00,LUCKNOW_001,27.3,988.7,96.0,False,NORMAL
2025-08-03 02:00:00+00:00,LUCKNOW_001,27.9,989.1,94.0,False,NORMAL
2025-08-03 03:00:00+00:00,LUCKNOW_001,28.0,989.3,94.0,False,NORMAL
2025-08-03 04:00:00+00:00,LUCKNOW_001,28.2,989.7,91.0,False,NORMAL
2025-08-03 05:00:00+00:00,LUCKNOW_001,28.6,989.8,89.0,False,NORMAL
2025-08-03 06:00:00+00:00,LUCKNOW_001,29.1,989.8,87.0,False,NORMAL
2025-08-03 07:00:00+00:00,LUCKNOW_001,29.3,989.6,86.0,False,NORMAL
2025-08-03 08:00:00+00:00,LUCKNOW_001,28.7,988.9,88.0,False,NORMAL
2025-08-03 09:00:00+00:00,LUCKNOW_001,27.8,988.7,90.0,False,NORMAL
2025-08-03 10:00:00+00:00,LUCKNOW_001,27.1,988.4,97.0,False,NORMAL
2025-08-03 11:00:00+00:00,LUCKNOW_001,27.4,988.4,96.0,False,NORMAL
2025-08-03 12:00:00+00:00,LUCKNOW_001,27.6,988.2,95.0,False,NORMAL
2025-08-03 13:00:00+00:00,LUCKNOW_001,27.8,988.6,94.0,False,NORMAL
2025-08-03 14:00:00+00:00,LUCKNOW_001,27.4,989.5,94.0,False,NORMAL
2025-08-03 15:00:00+00:00,LUCKNOW_001,27.0,990.7,97.0,False,NORMAL
2025-08-03 16:00:00+00:00,LUCKNOW_001,26.7,990.9,97.0,False,NORMAL
2025-08-03 17:00:00+00:00,LUCKNOW_001,26.6,990.9,96.0,False,NORMAL
2025-08-03 18:00:00+00:00,LUCKNOW_001,26.4,990.5,95.0,False,NORMAL
2025-08-03 19:00:00+00:00,LUCKNOW_001,26.2,990.3,94.0,False,NORMAL
2025-08-03 20:00:00+00:00,LUCKNOW_001,25.7,989.3,93.0,False,NORMAL
2025-08-03 21:00:00+00:00,LUCKNOW_001,25.7,989.6,93.0,False,NORMAL
2025-08-03 22:00:00+00:00,LUCKNOW_001,25.7,989.8,95.0,False,NORMAL
2025-08-03 23:00:00+00:00,LUCKNOW_001,25.8,989.4,96.0,False,NORMAL
2025-08-04 00:00:00+00:00,LUCKNOW_001,25.7,989.6,95.0,False,NORMAL
2025-08-04 01:00:00+00:00,LUCKNOW_001,26.1,990.6,97.0,False,NORMAL
2025-08-04 02:00:00+00:00,LUCKNOW_001,26.8,990.6,94.0,False,NORMAL
2025-08-04 03:00:00+00:00,LUCKNOW_001,26.9,991.0,94.0,False,NORMAL
2025-08-04 04:00:00+00:00,LUCKNOW_001,27.0,991.3,92.0,False,NORMAL
2025-08-04 05:00:00+00:00,LUCKNOW_001,27.4,991.4,91.0,False,NORMAL
2025-08-04 06:00:00+00:00,LUCKNOW_001,27.6,990.9,90.0,False,NORMAL
2025-08-04 07:00:00+00:00,LUCKNOW_001,27.0,990.5,95.0,False,NORMAL
2025-08-04 08:00:00+00:00,LUCKNOW_001,27.7,989.9,92.0,False,NORMAL
2025-08-04 09:00:00+00:00,LUCKNOW_001,27.8,989.4,92.0,False,NORMAL
2025-08-04 10:00:00+00:00,LUCKNOW_001,27.5,989.6,88.0,False,NORMAL
2025-08-04 11:00:00+00:00,LUCKNOW_001,27.5,988.9,88.0,False,NORMAL
2025-08-04 12:00:00+00:00,LUCKNOW_001,27.6,989.0,87.0,False,NORMAL
2025-08-04 13:00:00+00:00,LUCKNOW_001,27.4,989.0,88.0,False,NORMAL
2025-08-04 14:00:00+00:00,LUCKNOW_001,27.0,989.5,91.0,False,NORMAL
2025-08-04 15:00:00+00:00,LUCKNOW_001,26.7,989.6,95.0,False,NORMAL
2025-08-04 16:00:00+00:00,LUCKNOW_001,26.7,990.3,95.0,False,NORMAL
2025-08-04 17:00:00+00:00,LUCKNOW_001,26.5,990.6,97.0,False,NORMAL
2025-08-04 18:00:00+00:00,LUCKNOW_001,26.5,990.4,97.0,False,NORMAL
2025-08-04 19:00:00+00:00,LUCKNOW_001,26.5,989.9,98.0,False,NORMAL
2025-08-04 20:00:00+00:00,LUCKNOW_001,26.5,989.3,98.0,False,NORMAL
2025-08-04 21:00:00+00:00,LUCKNOW_001,26.6,989.1,97.0,False,NORMAL
2025-08-04 22:00:00+00:00,LUCKNOW_001,25.9,988.5,99.0,False,NORMAL
2025-08-04 23:00:00+00:00,LUCKNOW_001,26.0,989.0,98.0,False,NORMAL
2025-08-05 00:00:00+00:00,LUCKNOW_001,26.4,989.4,94.0,False,NORMAL
2025-08-05 01:00:00+00:00,LUCKNOW_001,26.4,989.9,94.0,False,NORMAL
2025-08-05 02:00:00+00:00,LUCKNOW_001,26.7,990.7,94.0,False,NORMAL
2025-08-05 03:00:00+00:00,LUCKNOW_001,27.2,991.0,95.0,False,NORMAL
2025-08-05 04:00:00+00:00,LUCKNOW_001,27.4,991.9,95.0,False,NORMAL
2025-08-05 05:00:00+00:00,LUCKNOW_001,28.7,991.9,89.0,False,NORMAL
2025-08-05 06:00:00+00:00,LUCKNOW_001,29.3,992.2,87.0,False,NORMAL
2025-08-05 07:00:00+00:00,LUCKNOW_001,29.7,991.6,85.0,False,NORMAL
2025-08-05 08:00:00+00:00,LUCKNOW_001,30.8,991.2,78.0,False,NORMAL
2025-08-05 09:00:00+00:00,LUCKNOW_001,31.2,990.5,75.0,False,NORMAL
2025-08-05 10:00:00+00:00,LUCKNOW_001,28.4,990.5,92.0,False,NORMAL
2025-08-05 11:00:00+00:00,LUCKNOW_001,28.4,990.3,92.0,False,NORMAL
2025-08-05 12:00:00+00:00,LUCKNOW_001,28.8,990.2,88.0,False,NORMAL
2025-08-05 13:00:00+00:00,LUCKNOW_001,28.6,990.7,85.0,False,NORMAL
2025-08-05 14:00:00+00:00,LUCKNOW_001,27.6,991.2,89.0,False,NORMAL
2025-08-05 15:00:00+00:00,LUCKNOW_001,26.6,991.6,93.0,False,NORMAL
2025-08-05 16:00:00+00:00,LUCKNOW_001,26.6,992.0,93.0,False,NORMAL
2025-08-05 17:00:00+00:00,LUCKNOW_001,26.2,991.8,95.0,False,NORMAL
2025-08-05 18:00:00+00:00,LUCKNOW_001,26.1,991.6,96.0,False,NORMAL
2025-08-05 19:00:00+00:00,LUCKNOW_001,26.2,991.0,96.0,False,NORMAL
2025-08-05 20:00:00+00:00,LUCKNOW_001,26.1,990.2,96.0,False,NORMAL
2025-08-05 21:00:00+00:00,LUCKNOW_001,26.2,990.0,96.0,False,NORMAL
2025-08-05 22:00:00+00:00,LUCKNOW_001,26.1,990.2,96.0,False,NORMAL
2025-08-05 23:00:00+00:00,LUCKNOW_001,26.1,990.7,96.0,False,NORMAL
2025-08-06 00:00:00+00:00,LUCKNOW_001,26.7,990.9,93.0,False,NORMAL
2025-08-06 01:00:00+00:00,LUCKNOW_001,27.0,991.5,92.0,False,NORMAL
2025-08-06 02:00:00+00:00,LUCKNOW_001,28.1,992.0,88.0,False,NORMAL
2025-08-06 03:00:00+00:00,LUCKNOW_001,28.8,992.3,86.0,False,NORMAL
2025-08-06 04:00:00+00:00,LUCKNOW_001,29.0,992.8,85.0,False,NORMAL
2025-08-06 05:00:00+00:00,LUCKNOW_001,30.5,992.7,79.0,False,NORMAL
2025-08-06 06:00:00+00:00,LUCKNOW_001,31.6,992.5,76.0,False,NORMAL
2025-08-06 07:00:00+00:00,LUCKNOW_001,31.9,991.5,75.0,False,NORMAL
2025-08-06 08:00:00+00:00,LUCKNOW_001,32.1,991.1,74.0,False,NORMAL
2025-08-06 09:00:00+00:00,LUCKNOW_001,31.1,990.1,77.0,False,NORMAL
2025-08-06 10:00:00+00:00,LUCKNOW_001,29.9,989.5,78.0,False,NORMAL
2025-08-06 11:00:00+00:00,LUCKNOW_001,30.4,989.7,76.0,False,NORMAL
2025-08-06 12:00:00+00:00,LUCKNOW_001,29.3,989.0,77.0,False,NORMAL
2025-08-06 13:00:00+00:00,LUCKNOW_001,29.3,988.9,79.0,False,NORMAL
2025-08-06 14:00:00+00:00,LUCKNOW_001,29.1,989.0,80.0,False,NORMAL
2025-08-06 15:00:00+00:00,LUCKNOW_001,27.9,990.2,88.0,False,NORMAL
2025-08-06 16:00:00+00:00,LUCKNOW_001,27.6,990.0,90.0,False,NORMAL
2025-08-06 17:00:00+00:00,LUCKNOW_001,27.5,990.1,90.0,False,NORMAL
2025-08-06 18:00:00+00:00,LUCKNOW_001,27.6,990.2,91.0,False,NORMAL
2025-08-06 19:00:00+00:00,LUCKNOW_001,27.3,990.3,93.0,False,NORMAL
2025-08-06 20:00:00+00:00,LUCKNOW_001,27.1,989.5,95.0,False,NORMAL
2025-08-06 21:00:00+00:00,LUCKNOW_001,27.0,989.6,95.0,False,NORMAL
2025-08-06 22:00:00+00:00,LUCKNOW_001,26.5,989.1,97.0,False,NORMAL
2025-08-06 23:00:00+00:00,LUCKNOW_001,26.7,988.8,96.0,False,NORMAL
2025-08-07 00:00:00+00:00,LUCKNOW_001,27.6,989.1,92.0,False,NORMAL
2025-08-07 01:00:00+00:00,LUCKNOW_001,27.6,989.3,91.0,False,NORMAL
2025-08-07 02:00:00+00:00,LUCKNOW_001,28.7,989.8,88.0,False,NORMAL
2025-08-07 03:00:00+00:00,LUCKNOW_001,28.8,989.9,87.0,False,NORMAL
2025-08-07 04:00:00+00:00,LUCKNOW_001,29.0,990.1,87.0,False,NORMAL
2025-08-07 05:00:00+00:00,LUCKNOW_001,30.8,990.0,80.0,False,NORMAL
2025-08-07 06:00:00+00:00,LUCKNOW_001,33.5,989.9,72.0,False,NORMAL
2025-08-07 07:00:00+00:00,LUCKNOW_001,33.9,989.3,72.0,False,NORMAL
2025-08-07 08:00:00+00:00,LUCKNOW_001,34.4,988.4,67.0,False,NORMAL
2025-08-07 09:00:00+00:00,LUCKNOW_001,34.2,987.8,67.0,False,NORMAL
2025-08-07 10:00:00+00:00,LUCKNOW_001,31.3,987.1,83.0,False,NORMAL
2025-08-07 11:00:00+00:00,LUCKNOW_001,29.9,986.7,85.0,False,NORMAL
2025-08-07 12:00:00+00:00,LUCKNOW_001,30.1,986.2,84.0,False,NORMAL
2025-08-07 13:00:00+00:00,LUCKNOW_001,30.2,986.6,84.0,False,NORMAL
2025-08-07 14:00:00+00:00,LUCKNOW_001,29.9,987.6,85.0,False,NORMAL
2025-08-07 15:00:00+00:00,LUCKNOW_001,28.7,988.0,92.0,False,NORMAL
2025-08-07 16:00:00+00:00,LUCKNOW_001,28.4,988.7,94.0,False,NORMAL
2025-08-07 17:00:00+00:00,LUCKNOW_001,28.0,988.5,95.0,False,NORMAL
2025-08-07 18:00:00+00:00,LUCKNOW_001,28.0,988.7,96.0,False,NORMAL
2025-08-07 19:00:00+00:00,LUCKNOW_001,28.1,988.3,97.0,False,NORMAL
2025-08-07 20:00:00+00:00,LUCKNOW_001,28.3,988.3,94.0,False,NORMAL
2025-08-07 21:00:00+00:00,LUCKNOW_001,28.1,988.1,95.0,False,NORMAL
2025-08-07 22:00:00+00:00,LUCKNOW_001,27.5,987.9,93.0,False,NORMAL
2025-08-07 23:00:00+00:00,LUCKNOW_001,27.3,987.9,94.0,False,NORMAL
2025-08-08 00:00:00+00:00,LUCKNOW_001,27.3,987.9,94.0,False,NORMAL
2025-08-08 01:00:00+00:00,LUCKNOW_001,27.3,988.4,93.0,False,NORMAL
2025-08-08 02:00:00+00:00,LUCKNOW_001,27.2,989.0,95.0,False,NORMAL
2025-08-08 03:00:00+00:00,LUCKNOW_001,26.8,989.6,98.0,False,NORMAL
2025-08-08 04:00:00+00:00,LUCKNOW_001,26.2,990.4,99.0,False,NORMAL
2025-08-08 05:00:00+00:00,LUCKNOW_001,26.6,991.2,98.0,False,NORMAL
2025-08-08 06:00:00+00:00,LUCKNOW_001,27.1,990.8,98.0,False,NORMAL
2025-08-08 07:00:00+00:00,LUCKNOW_001,27.5,990.6,95.0,False,NORMAL
2025-08-08 08:00:00+00:00,LUCKNOW_001,28.2,990.4,91.0,False,NORMAL
2025-08-08 09:00:00+00:00,LUCKNOW_001,29.0,989.6,90.0,False,NORMAL
2025-08-08 10:00:00+00:00,LUCKNOW_001,27.9,989.3,95.0,False,NORMAL
2025-08-08 11:00:00+00:00,LUCKNOW_001,27.7,989.4,93.0,False,NORMAL
2025-08-08 12:00:00+00:00,LUCKNOW_001,28.0,989.4,91.0,False,NORMAL
2025-08-08 13:00:00+00:00,LUCKNOW_001,28.3,989.7,89.0,False,NORMAL
2025-08-08 14:00:00+00:00,LUCKNOW_001,28.1,990.3,90.0,False,NORMAL
2025-08-08 15:00:00+00:00,LUCKNOW_001,27.7,991.4,94.0,False,NORMAL
2025-08-08 16:00:00+00:00,LUCKNOW_001,27.3,991.9,95.0,False,NORMAL
2025-08-08 17:00:00+00:00,LUCKNOW_001,27.1,992.2,97.0,False,NORMAL
2025-08-08 18:00:00+00:00,LUCKNOW_001,27.0,992.1,96.0,False,NORMAL
2025-08-08 19:00:00+00:00,LUCKNOW_001,26.9,991.9,95.0,False,NORMAL
2025-08-08 20:00:00+00:00,LUCKNOW_001,26.6,991.5,97.0,False,NORMAL
2025-08-08 21:00:00+00:00,LUCKNOW_001,26.5,990.9,95.0,False,NORMAL
2025-08-08 22:00:00+00:00,LUCKNOW_001,26.8,990.8,97.0,False,NORMAL
2025-08-08 23:00:00+00:00,LUCKNOW_001,26.7,991.1,97.0,False,NORMAL
2025-08-09 00:00:00+00:00,LUCKNOW_001,26.7,991.5,95.0,False,NORMAL
2025-08-09 01:00:00+00:00,LUCKNOW_001,26.6,992.4,95.0,False,NORMAL
2025-08-09 02:00:00+00:00,LUCKNOW_001,27.3,992.8,92.0,False,NORMAL
2025-08-09 03:00:00+00:00,LUCKNOW_001,27.7,993.3,91.0,False,NORMAL
2025-08-09 04:00:00+00:00,LUCKNOW_001,28.2,993.7,89.0,False,NORMAL
2025-08-09 05:00:00+00:00,LUCKNOW_001,30.1,993.3,82.0,False,NORMAL
2025-08-09 06:00:00+00:00,LUCKNOW_001,31.6,993.4,77.0,False,NORMAL
2025-08-09 07:00:00+00:00,LUCKNOW_001,32.0,992.8,74.0,False,NORMAL
2025-08-09 08:00:00+00:00,LUCKNOW_001,32.7,992.5,70.0,False,NORMAL
2025-08-09 09:00:00+00:00,LUCKNOW_001,33.4,991.3,68.0,False,NORMAL
2025-08-09 10:00:00+00:00,LUCKNOW_001,31.5,991.4,80.0,False,NORMAL
2025-08-09 11:00:00+00:00,LUCKNOW_001,29.9,989.7,85.0,False,NORMAL
2025-08-09 12:00:00+00:00,LUCKNOW_001,29.5,989.8,90.0,False,NORMAL
2025-08-09 13:00:00+00:00,LUCKNOW_001,29.7,990.6,88.0,False,NORMAL
2025-08-09 14:00:00+00:00,LUCKNOW_001,28.9,990.8,90.0,False,NORMAL
2025-08-09 15:00:00+00:00,LUCKNOW_001,27.9,991.5,96.0,False,NORMAL
2025-08-09 16:00:00+00:00,LUCKNOW_001,28.0,991.8,96.0,False,NORMAL
2025-08-09 17:00:00+00:00,LUCKNOW_001,27.7,991.6,97.0,False,NORMAL
2025-08-09 18:00:00+00:00,LUCKNOW_001,27.8,991.7,96.0,False,NORMAL
2025-08-09 19:00:00+00:00,LUCKNOW_001,27.7,991.4,97.0,False,NORMAL
2025-08-09 20:00:00+00:00,LUCKNOW_001,27.6,991.2,97.0,False,NORMAL
2025-08-09 21:00:00+00:00,LUCKNOW_001,27.4,990.8,97.0,False,NORMAL
2025-08-09 22:00:00+00:00,LUCKNOW_001,27.1,990.2,94.0,False,NORMAL
2025-08-09 23:00:00+00:00,LUCKNOW_001,27.0,990.8,94.0,False,NORMAL
2025-08-10 00:00:00+00:00,LUCKNOW_001,27.5,991.3,91.0,False,NORMAL
2025-08-10 01:00:00+00:00,LUCKNOW_001,27.8,991.6,91.0,False,NORMAL
2025-08-10 02:00:00+00:00,LUCKNOW_001,28.9,991.9,86.0,False,NORMAL
2025-08-10 03:00:00+00:00,LUCKNOW_001,29.9,992.2,82.0,False,NORMAL
2025-08-10 04:00:00+00:00,LUCKNOW_001,29.9,992.3,81.0,False,NORMAL
2025-08-10 05:00:00+00:00,LUCKNOW_001,31.7,992.0,72.0,False,NORMAL
2025-08-10 06:00:00+00:00,LUCKNOW_001,31.9,991.7,71.0,False,NORMAL
2025-08-10 07:00:00+00:00,LUCKNOW_001,31.9,990.8,69.0,False,NORMAL
2025-08-10 08:00:00+00:00,LUCKNOW_001,32.8,990.3,67.0,False,NORMAL
2025-08-10 09:00:00+00:00,LUCKNOW_001,32.8,989.5,69.0,False,NORMAL
2025-08-10 10:00:00+00:00,LUCKNOW_001,32.2,988.7,74.0,False,NORMAL
2025-08-10 11:00:00+00:00,LUCKNOW_001,32.4,987.1,73.0,False,NORMAL
2025-08-10 12:00:00+00:00,LUCKNOW_001,30.8,987.9,78.0,False,NORMAL
2025-08-10 13:00:00+00:00,LUCKNOW_001,30.9,988.2,77.0,False,NORMAL
2025-08-10 14:00:00+00:00,LUCKNOW_001,30.5,989.2,80.0,False,NORMAL
2025-08-10 15:00:00+00:00,LUCKNOW_001,29.3,989.6,90.0,False,NORMAL
2025-08-10 16:00:00+00:00,LUCKNOW_001,29.1,990.2,91.0,False,NORMAL
2025-08-10 17:00:00+00:00,LUCKNOW_001,28.3,990.1,93.0,False,NORMAL
2025-08-10 18:00:00+00:00,LUCKNOW_001,28.4,990.2,93.0,False,NORMAL
2025-08-10 19:00:00+00:00,LUCKNOW_001,28.2,990.1,94.0,False,NORMAL
2025-08-10 20:00:00+00:00,LUCKNOW_001,27.8,989.5,95.0,False,NORMAL
2025-08-10 21:00:00+00:00,LUCKNOW_001,27.8,989.0,95.0,False,NORMAL
2025-08-10 22:00:00+00:00,LUCKNOW_001,27.6,988.4,94.0,False,NORMAL
2025-08-10 23:00:00+00:00,LUCKNOW_001,27.6,988.3,93.0,False,NORMAL
2025-08-11 00:00:00+00:00,LUCKNOW_001,28.0,988.8,90.0,False,NORMAL
2025-08-11 01:00:00+00:00,LUCKNOW_001,28.0,989.5,90.0,False,NORMAL
2025-08-11 02:00:00+00:00,LUCKNOW_001,28.2,990.2,89.0,False,NORMAL
2025-08-11 03:00:00+00:00,LUCKNOW_001,29.3,990.4,86.0,False,NORMAL
2025-08-11 04:00:00+00:00,LUCKNOW_001,29.3,990.9,87.0,False,NORMAL
2025-08-11 05:00:00+00:00,LUCKNOW_001,29.6,990.7,87.0,False,NORMAL
2025-08-11 06:00:00+00:00,LUCKNOW_001,30.0,991.0,87.0,False,NORMAL
2025-08-11 07:00:00+00:00,LUCKNOW_001,30.0,989.5,87.0,False,NORMAL
2025-08-11 08:00:00+00:00,LUCKNOW_001,29.5,989.4,89.0,False,NORMAL
2025-08-11 09:00:00+00:00,LUCKNOW_001,30.4,988.9,86.0,False,NORMAL
2025-08-11 10:00:00+00:00,LUCKNOW_001,27.8,988.2,94.0,False,NORMAL
2025-08-11 11:00:00+00:00,LUCKNOW_001,28.2,987.9,91.0,False,NORMAL
2025-08-11 12:00:00+00:00,LUCKNOW_001,28.7,987.8,89.0,False,NORMAL
2025-08-11 13:00:00+00:00,LUCKNOW_001,28.8,988.0,89.0,False,NORMAL
2025-08-11 14:00:00+00:00,LUCKNOW_001,28.3,988.9,89.0,False,NORMAL
2025-08-11 15:00:00+00:00,LUCKNOW_001,27.9,989.0,94.0,False,NORMAL
2025-08-11 16:00:00+00:00,LUCKNOW_001,27.8,989.8,95.0,False,NORMAL
2025-08-11 17:00:00+00:00,LUCKNOW_001,27.6,989.8,97.0,False,NORMAL
2025-08-11 18:00:00+00:00,LUCKNOW_001,27.6,989.8,97.0,False,NORMAL
2025-08-11 19:00:00+00:00,LUCKNOW_001,27.6,989.5,97.0,False,NORMAL
2025-08-11 20:00:00+00:00,LUCKNOW_001,27.5,989.0,98.0,False,NORMAL
2025-08-11 21:00:00+00:00,LUCKNOW_001,27.2,988.5,98.0,False,NORMAL
2025-08-11 22:00:00+00:00,LUCKNOW_001,27.1,988.9,99.0,False,NORMAL
2025-08-11 23:00:00+00:00,LUCKNOW_001,27.2,987.9,98.0,False,NORMAL
2025-08-12 00:00:00+00:00,LUCKNOW_001,28.1,988.6,93.0,False,NORMAL
2025-08-12 01:00:00+00:00,LUCKNOW_001,28.1,989.2,93.0,False,NORMAL
2025-08-12 02:00:00+00:00,LUCKNOW_001,28.9,989.5,91.0,False,NORMAL
2025-08-12 03:00:00+00:00,LUCKNOW_001,29.6,989.5,91.0,False,NORMAL
2025-08-12 04:00:00+00:00,LUCKNOW_001,29.7,990.0,90.0,False,NORMAL
2025-08-12 05:00:00+00:00,LUCKNOW_001,31.7,989.9,77.0,False,NORMAL
2025-08-12 06:00:00+00:00,LUCKNOW_001,32.1,989.5,78.0,False,NORMAL
2025-08-12 07:00:00+00:00,LUCKNOW_001,32.8,988.8,76.0,False,NORMAL
2025-08-12 08:00:00+00:00,LUCKNOW_001,34.0,988.2,70.0,False,NORMAL
2025-08-12 09:00:00+00:00,LUCKNOW_001,34.3,987.3,68.0,False,NORMAL
2025-08-12 10:00:00+00:00,LUCKNOW_001,32.9,986.8,76.0,False,NORMAL
2025-08-12 11:00:00+00:00,LUCKNOW_001,32.8,985.4,76.0,False,NORMAL
2025-08-12 12:00:00+00:00,LUCKNOW_001,32.4,985.3,77.0,False,NORMAL
2025-08-12 13:00:00+00:00,LUCKNOW_001,32.1,986.2,77.0,False,NORMAL
2025-08-12 14:00:00+00:00,LUCKNOW_001,31.5,987.4,80.0,False,NORMAL
2025-08-12 15:00:00+00:00,LUCKNOW_001,29.8,987.8,89.0,False,NORMAL
2025-08-12 16:00:00+00:00,LUCKNOW_001,29.8,988.1,89.0,False,NORMAL
2025-08-12 17:00:00+00:00,LUCKNOW_001,29.5,988.1,91.0,False,NORMAL
2025-08-12 18:00:00+00:00,LUCKNOW_001,29.5,988.2,91.0,False,NORMAL
2025-08-12 19:00:00+00:00,LUCKNOW_001,29.2,987.9,92.0,False,NORMAL
2025-08-12 20:00:00+00:00,LUCKNOW_001,29.0,987.8,93.0,False,NORMAL
2025-08-12 21:00:00+00:00,LUCKNOW_001,28.9,987.3,93.0,False,NORMAL
2025-08-12 22:00:00+00:00,LUCKNOW_001,27.8,987.5,99.0,False,NORMAL
2025-08-12 23:00:00+00:00,LUCKNOW_001,27.7,986.9,99.0,False,NORMAL
2025-08-13 00:00:00+00:00,LUCKNOW_001,28.4,986.9,95.0,False,NORMAL
2025-08-13 01:00:00+00:00,LUCKNOW_001,28.4,987.9,95.0,False,NORMAL
2025-08-13 02:00:00+00:00,LUCKNOW_001,28.9,988.3,92.0,False,NORMAL
2025-08-13 03:00:00+00:00,LUCKNOW_001,28.7,988.9,93.0,False,NORMAL
2025-08-13 04:00:00+00:00,LUCKNOW_001,28.5,989.4,94.0,False,NORMAL
2025-08-13 05:00:00+00:00,LUCKNOW_001,29.5,989.5,90.0,False,NORMAL
2025-08-13 06:00:00+00:00,LUCKNOW_001,29.8,989.4,91.0,False,NORMAL
2025-08-13 07:00:00+00:00,LUCKNOW_001,30.1,988.9,90.0,False,NORMAL
2025-08-13 08:00:00+00:00,LUCKNOW_001,30.4,988.4,90.0,False,NORMAL
2025-08-13 09:00:00+00:00,LUCKNOW_001,31.2,987.9,85.0,False,NORMAL
2025-08-13 10:00:00+00:00,LUCKNOW_001,31.3,987.5,80.0,False,NORMAL
2025-08-13 11:00:00+00:00,LUCKNOW_001,31.3,987.1,80.0,False,NORMAL
2025-08-13 12:00:00+00:00,LUCKNOW_001,31.2,987.1,82.0,False,NORMAL
2025-08-13 13:00:00+00:00,LUCKNOW_001,30.9,987.9,87.0,False,NORMAL
2025-08-13 14:00:00+00:00,LUCKNOW_001,30.5,988.7,86.0,False,NORMAL
2025-08-13 15:00:00+00:00,LUCKNOW_001,29.5,989.2,92.0,False,NORMAL
2025-08-13 16:00:00+00:00,LUCKNOW_001,29.0,990.4,93.0,False,NORMAL
2025-08-13 17:00:00+00:00,LUCKNOW_001,27.5,990.8,97.0,False,NORMAL
2025-08-13 18:00:00+00:00,LUCKNOW_001,27.3,991.2,96.0,False,NORMAL
2025-08-13 19:00:00+00:00,LUCKNOW_001,27.1,990.9,95.0,False,NORMAL
2025-08-13 20:00:00+00:00,LUCKNOW_001,26.5,990.8,96.0,False,NORMAL
2025-08-13 21:00:00+00:00,LUCKNOW_001,26.2,990.7,97.0,False,NORMAL
2025-08-13 22:00:00+00:00,LUCKNOW_001,26.2,990.5,100.0,False,NORMAL
2025-08-13 23:00:00+00:00,LUCKNOW_001,26.4,991.1,99.0,False,NORMAL
2025-08-14 00:00:00+00:00,LUCKNOW_001,27.0,991.0,96.0,False,NORMAL
2025-08-14 01:00:00+00:00,LUCKNOW_001,27.2,991.9,96.0,False,NORMAL
2025-08-14 02:00:00+00:00,LUCKNOW_001,27.7,992.1,95.0,False,NORMAL
2025-08-14 03:00:00+00:00,LUCKNOW_001,27.7,992.5,97.0,False,NORMAL
2025-08-14 04:00:00+00:00,LUCKNOW_001,28.0,993.0,97.0,False,NORMAL
2025-08-14 05:00:00+00:00,LUCKNOW_001,29.4,992.8,91.0,False,NORMAL
2025-08-14 06:00:00+00:00,LUCKNOW_001,30.8,992.9,85.0,False,NORMAL
2025-08-14 07:00:00+00:00,LUCKNOW_001,31.5,992.0,79.0,False,NORMAL
2025-08-14 08:00:00+00:00,LUCKNOW_001,31.8,991.6,80.0,False,NORMAL
2025-08-14 09:00:00+00:00,LUCKNOW_001,32.6,990.4,77.0,False,NORMAL
2025-08-14 10:00:00+00:00,LUCKNOW_001,32.0,989.8,77.0,False,NORMAL
2025-08-14 11:00:00+00:00,LUCKNOW_001,32.0,988.8,75.0,False,NORMAL
2025-08-14 12:00:00+00:00,LUCKNOW_001,32.1,988.9,74.0,False,NORMAL
2025-08-14 13:00:00+00:00,LUCKNOW_001,31.7,989.0,74.0,False,NORMAL
2025-08-14 14:00:00+00:00,LUCKNOW_001,31.1,989.4,77.0,False,NORMAL
2025-08-14 15:00:00+00:00,LUCKNOW_001,29.1,989.9,87.0,False,NORMAL
2025-08-14 16:00:00+00:00,LUCKNOW_001,29.0,990.5,87.0,False,NORMAL
2025-08-14 17:00:00+00:00,LUCKNOW_001,28.6,990.9,89.0,False,NORMAL
2025-08-14 18:00:00+00:00,LUCKNOW_001,28.4,990.8,90.0,False,NORMAL
2025-08-14 19:00:00+00:00,LUCKNOW_001,28.3,990.6,90.0,False,NORMAL
2025-08-14 20:00:00+00:00,LUCKNOW_001,27.7,990.2,90.0,False,NORMAL
2025-08-14 21:00:00+00:00,LUCKNOW_001,27.6,990.0,90.0,False,NORMAL
2025-08-14 22:00:00+00:00,LUCKNOW_001,27.5,989.2,91.0,False,NORMAL
2025-08-14 23:00:00+00:00,LUCKNOW_001,27.4,989.5,92.0,False,NORMAL
2025-08-15 00:00:00+00:00,LUCKNOW_001,28.4,989.5,88.0,False,NORMAL
2025-08-15 01:00:00+00:00,LUCKNOW_001,28.5,989.6,88.0,False,NORMAL
2025-08-15 02:00:00+00:00,LUCKNOW_001,29.8,990.3,83.0,False,NORMAL
2025-08-15 03:00:00+00:00,LUCKNOW_001,30.0,990.4,84.0,False,NORMAL
2025-08-15 04:00:00+00:00,LUCKNOW_001,30.4,990.6,83.0,False,NORMAL
2025-08-15 05:00:00+00:00,LUCKNOW_001,32.1,990.8,75.0,False,NORMAL
2025-08-15 06:00:00+00:00,LUCKNOW_001,33.1,990.4,70.0,False,NORMAL
2025-08-15 07:00:00+00:00,LUCKNOW_001,33.3,989.9,70.0,False,NORMAL
2025-08-15 08:00:00+00:00,LUCKNOW_001,32.9,988.9,74.0,False,NORMAL
2025-08-15 09:00:00+00:00,LUCKNOW_001,32.7,988.0,74.0,False,NORMAL
2025-08-15 10:00:00+00:00,LUCKNOW_001,32.3,987.1,74.0,False,NORMAL
2025-08-15 11:00:00+00:00,LUCKNOW_001,31.9,986.9,77.0,False,NORMAL
2025-08-15 12:00:00+00:00,LUCKNOW_001,32.1,986.2,75.0,False,NORMAL
2025-08-15 13:00:00+00:00,LUCKNOW_001,32.1,986.3,76.0,False,NORMAL
2025-08-15 14:00:00+00:00,LUCKNOW_001,31.5,987.7,79.0,False,NORMAL
2025-08-15 15:00:00+00:00,LUCKNOW_001,30.4,988.3,84.0,False,NORMAL
2025-08-15 16:00:00+00:00,LUCKNOW_001,30.1,988.7,86.0,False,NORMAL
2025-08-15 17:00:00+00:00,LUCKNOW_001,29.4,988.7,90.0,False,NORMAL
2025-08-15 18:00:00+00:00,LUCKNOW_001,29.2,988.9,90.0,False,NORMAL
2025-08-15 19:00:00+00:00,LUCKNOW_001,29.2,988.7,90.0,False,NORMAL
2025-08-15 20:00:00+00:00,LUCKNOW_001,28.7,988.0,91.0,False,NORMAL
2025-08-15 21:00:00+00:00,LUCKNOW_001,28.5,988.3,91.0,False,NORMAL
2025-08-15 22:00:00+00:00,LUCKNOW_001,28.1,987.6,93.0,False,NORMAL
2025-08-15 23:00:00+00:00,LUCKNOW_001,28.2,988.0,94.0,False,NORMAL
2025-08-16 00:00:00+00:00,LUCKNOW_001,29.3,988.0,90.0,False,NORMAL
2025-08-16 01:00:00+00:00,LUCKNOW_001,29.3,988.7,89.0,False,NORMAL
2025-08-16 02:00:00+00:00,LUCKNOW_001,30.4,988.9,85.0,False,NORMAL
2025-08-16 03:00:00+00:00,LUCKNOW_001,30.7,988.9,84.0,False,NORMAL
2025-08-16 04:00:00+00:00,LUCKNOW_001,30.9,989.0,80.0,False,NORMAL
2025-08-16 05:00:00+00:00,LUCKNOW_001,32.6,989.2,72.0,False,NORMAL
2025-08-16 06:00:00+00:00,LUCKNOW_001,34.1,988.6,65.0,False,NORMAL
2025-08-16 07:00:00+00:00,LUCKNOW_001,34.1,988.2,65.0,False,NORMAL
2025-08-16 08:00:00+00:00,LUCKNOW_001,34.6,987.2,63.0,False,NORMAL
2025-08-16 09:00:00+00:00,LUCKNOW_001,34.4,986.5,64.0,False,NORMAL
2025-08-16 10:00:00+00:00,LUCKNOW_001,33.7,985.7,66.0,False,NORMAL
2025-08-16 11:00:00+00:00,LUCKNOW_001,33.6,985.2,66.0,False,NORMAL
2025-08-16 12:00:00+00:00,LUCKNOW_001,33.2,984.9,69.0,False,NORMAL
2025-08-16 13:00:00+00:00,LUCKNOW_001,33.2,985.7,68.0,False,NORMAL
2025-08-16 14:00:00+00:00,LUCKNOW_001,32.5,986.7,72.0,False,NORMAL
2025-08-16 15:00:00+00:00,LUCKNOW_001,30.7,987.5,81.0,False,NORMAL
2025-08-16 16:00:00+00:00,LUCKNOW_001,30.4,987.7,84.0,False,NORMAL
2025-08-16 17:00:00+00:00,LUCKNOW_001,29.8,988.1,88.0,False,NORMAL
2025-08-16 18:00:00+00:00,LUCKNOW_001,29.8,988.4,88.0,False,NORMAL
2025-08-16 19:00:00+00:00,LUCKNOW_001,29.7,988.2,89.0,False,NORMAL
2025-08-16 20:00:00+00:00,LUCKNOW_001,29.4,988.2,90.0,False,NORMAL
2025-08-16 21:00:00+00:00,LUCKNOW_001,29.2,988.1,89.0,False,NORMAL
2025-08-16 22:00:00+00:00,LUCKNOW_001,29.1,988.2,89.0,False,NORMAL
2025-08-16 23:00:00+00:00,LUCKNOW_001,29.0,988.1,89.0,False,NORMAL
2025-08-17 00:00:00+00:00,LUCKNOW_001,30.2,988.8,84.0,False,NORMAL
2025-08-17 01:00:00+00:00,LUCKNOW_001,30.1,989.0,85.0,False,NORMAL
2025-08-17 02:00:00+00:00,LUCKNOW_001,31.2,989.3,80.0,False,NORMAL
2025-08-17 03:00:00+00:00,LUCKNOW_001,31.3,989.6,78.0,False,NORMAL
2025-08-17 04:00:00+00:00,LUCKNOW_001,31.4,989.9,78.0,False,NORMAL
2025-08-17 05:00:00+00:00,LUCKNOW_001,33.1,990.0,72.0,False,NORMAL
2025-08-17 06:00:00+00:00,LUCKNOW_001,34.5,989.8,67.0,False,NORMAL
2025-08-17 07:00:00+00:00,LUCKNOW_001,34.7,989.3,67.0,False,NORMAL
2025-08-17 08:00:00+00:00,LUCKNOW_001,34.6,988.0,67.0,False,NORMAL
2025-08-17 09:00:00+00:00,LUCKNOW_001,35.2,987.3,66.0,False,NORMAL
2025-08-17 10:00:00+00:00,LUCKNOW_001,33.2,986.4,72.0,False,NORMAL
2025-08-17 11:00:00+00:00,LUCKNOW_001,32.6,986.8,75.0,False,NORMAL
2025-08-17 12:00:00+00:00,LUCKNOW_001,31.9,987.2,79.0,False,NORMAL
2025-08-17 13:00:00+00:00,LUCKNOW_001,32.0,987.7,78.0,False,NORMAL
2025-08-17 14:00:00+00:00,LUCKNOW_001,31.7,988.9,80.0,False,NORMAL
2025-08-17 15:00:00+00:00,LUCKNOW_001,30.4,989.8,86.0,False,NORMAL
2025-08-17 16:00:00+00:00,LUCKNOW_001,30.0,990.3,88.0,False,NORMAL
2025-08-17 17:00:00+00:00,LUCKNOW_001,29.0,990.3,91.0,False,NORMAL
2025-08-17 18:00:00+00:00,LUCKNOW_001,28.9,990.6,91.0,False,NORMAL
2025-08-17 19:00:00+00:00,LUCKNOW_001,28.6,990.9,90.0,False,NORMAL
2025-08-17 20:00:00+00:00,LUCKNOW_001,28.0,990.6,92.0,False,NORMAL
2025-08-17 21:00:00+00:00,LUCKNOW_001,27.8,990.7,92.0,False,NORMAL
2025-08-17 22:00:00+00:00,LUCKNOW_001,27.4,990.8,95.0,False,NORMAL
2025-08-17 23:00:00+00:00,LUCKNOW_001,27.4,990.7,94.0,False,NORMAL
2025-08-18 00:00:00+00:00,LUCKNOW_001,28.1,990.7,89.0,False,NORMAL
2025-08-18 01:00:00+00:00,LUCKNOW_001,28.1,991.3,89.0,False,NORMAL
2025-08-18 02:00:00+00:00,LUCKNOW_001,29.5,991.8,82.0,False,NORMAL
2025-08-18 03:00:00+00:00,LUCKNOW_001,29.8,991.8,81.0,False,NORMAL
2025-08-18 04:00:00+00:00,LUCKNOW_001,30.0,992.0,81.0,False,NORMAL
2025-08-18 05:00:00+00:00,LUCKNOW_001,32.0,991.8,76.0,False,NORMAL
2025-08-18 06:00:00+00:00,LUCKNOW_001,33.5,991.6,68.0,False,NORMAL
2025-08-18 07:00:00+00:00,LUCKNOW_001,33.1,990.8,70.0,False,NORMAL
2025-08-18 08:00:00+00:00,LUCKNOW_001,34.1,990.2,63.0,False,NORMAL
2025-08-18 09:00:00+00:00,LUCKNOW_001,33.4,988.8,65.0,False,NORMAL
2025-08-18 10:00:00+00:00,LUCKNOW_001,32.1,988.5,73.0,False,NORMAL
2025-08-18 11:00:00+00:00,LUCKNOW_001,31.8,988.4,75.0,False,NORMAL
2025-08-18 12:00:00+00:00,LUCKNOW_001,32.3,987.6,73.0,False,NORMAL
2025-08-18 13:00:00+00:00,LUCKNOW_001,32.3,987.9,73.0,False,NORMAL
2025-08-18 14:00:00+00:00,LUCKNOW_001,31.6,988.7,78.0,False,NORMAL
2025-08-18 15:00:00+00:00,LUCKNOW_001,30.5,989.5,85.0,False,NORMAL
2025-08-18 16:00:00+00:00,LUCKNOW_001,30.3,990.2,85.0,False,NORMAL
2025-08-18 17:00:00+00:00,LUCKNOW_001,29.7,990.0,87.0,False,NORMAL
2025-08-18 18:00:00+00:00,LUCKNOW_001,29.5,990.2,87.0,False,NORMAL
2025-08-18 19:00:00+00:00,LUCKNOW_001,29.3,989.9,88.0,False,NORMAL
2025-08-18 20:00:00+00:00,LUCKNOW_001,28.8,989.2,89.0,False,NORMAL
2025-08-18 21:00:00+00:00,LUCKNOW_001,28.8,989.1,88.0,False,NORMAL
2025-08-18 22:00:00+00:00,LUCKNOW_001,28.0,988.6,92.0,False,NORMAL
2025-08-18 23:00:00+00:00,LUCKNOW_001,27.9,989.1,92.0,False,NORMAL
2025-08-19 00:00:00+00:00,LUCKNOW_001,28.8,988.7,88.0,False,NORMAL
2025-08-19 01:00:00+00:00,LUCKNOW_001,28.7,989.3,88.0,False,NORMAL
2025-08-19 02:00:00+00:00,LUCKNOW_001,30.0,989.8,83.0,False,NORMAL
2025-08-19 03:00:00+00:00,LUCKNOW_001,30.1,990.0,83.0,False,NORMAL
2025-08-19 04:00:00+00:00,LUCKNOW_001,30.4,990.3,82.0,False,NORMAL
2025-08-19 05:00:00+00:00,LUCKNOW_001,32.1,990.2,75.0,False,NORMAL
2025-08-19 06:00:00+00:00,LUCKNOW_001,33.1,989.9,71.0,False,NORMAL
2025-08-19 07:00:00+00:00,LUCKNOW_001,34.0,989.3,68.0,False,NORMAL
2025-08-19 08:00:00+00:00,LUCKNOW_001,33.8,988.7,68.0,False,NORMAL
2025-08-19 09:00:00+00:00,LUCKNOW_001,33.5,987.9,68.0,False,NORMAL
2025-08-19 10:00:00+00:00,LUCKNOW_001,32.4,987.7,74.0,False,NORMAL
2025-08-19 11:00:00+00:00,LUCKNOW_001,32.2,986.4,73.0,False,NORMAL
2025-08-19 12:00:00+00:00,LUCKNOW_001,32.0,986.4,73.0,False,NORMAL
2025-08-19 13:00:00+00:00,LUCKNOW_001,31.8,987.4,74.0,False,NORMAL
2025-08-19 14:00:00+00:00,LUCKNOW_001,31.2,988.0,77.0,False,NORMAL
2025-08-19 15:00:00+00:00,LUCKNOW_001,29.8,988.9,83.0,False,NORMAL
2025-08-19 16:00:00+00:00,LUCKNOW_001,29.7,989.2,84.0,False,NORMAL
2025-08-19 17:00:00+00:00,LUCKNOW_001,29.2,988.9,85.0,False,NORMAL
2025-08-19 18:00:00+00:00,LUCKNOW_001,29.3,988.9,85.0,False,NORMAL
2025-08-19 19:00:00+00:00,LUCKNOW_001,29.1,988.8,85.0,False,NORMAL
2025-08-19 20:00:00+00:00,LUCKNOW_001,28.8,988.4,86.0,False,NORMAL
2025-08-19 21:00:00+00:00,LUCKNOW_001,28.6,988.3,87.0,False,NORMAL
2025-08-19 22:00:00+00:00,LUCKNOW_001,28.2,988.0,87.0,False,NORMAL
2025-08-19 23:00:00+00:00,LUCKNOW_001,28.3,988.5,87.0,False,NORMAL
2025-08-20 00:00:00+00:00,LUCKNOW_001,29.2,988.6,84.0,False,NORMAL
2025-08-20 01:00:00+00:00,LUCKNOW_001,29.2,989.1,84.0,False,NORMAL
2025-08-20 02:00:00+00:00,LUCKNOW_001,29.9,989.2,80.0,False,NORMAL
2025-08-20 03:00:00+00:00,LUCKNOW_001,29.7,989.3,81.0,False,NORMAL
2025-08-20 04:00:00+00:00,LUCKNOW_001,30.0,989.6,78.0,False,NORMAL
2025-08-20 05:00:00+00:00,LUCKNOW_001,30.7,989.9,75.0,False,NORMAL
2025-08-20 06:00:00+00:00,LUCKNOW_001,31.5,990.0,71.0,False,NORMAL
2025-08-20 07:00:00+00:00,LUCKNOW_001,31.4,988.9,73.0,False,NORMAL
2025-08-20 08:00:00+00:00,LUCKNOW_001,33.5,988.2,68.0,False,NORMAL
2025-08-20 09:00:00+00:00,LUCKNOW_001,33.6,987.3,68.0,False,NORMAL
2025-08-20 10:00:00+00:00,LUCKNOW_001,32.4,986.0,72.0,False,NORMAL
2025-08-20 11:00:00+00:00,LUCKNOW_001,33.0,985.9,68.0,False,NORMAL
2025-08-20 12:00:00+00:00,LUCKNOW_001,32.7,986.1,69.0,False,NORMAL
2025-08-20 13:00:00+00:00,LUCKNOW_001,32.6,986.5,69.0,False,NORMAL
2025-08-20 14:00:00+00:00,LUCKNOW_001,32.1,987.3,71.0,False,NORMAL
2025-08-20 15:00:00+00:00,LUCKNOW_001,30.1,988.5,80.0,False,NORMAL
2025-08-20 16:00:00+00:00,LUCKNOW_001,29.9,989.4,82.0,False,NORMAL
2025-08-20 17:00:00+00:00,LUCKNOW_001,29.3,989.6,83.0,False,NORMAL
2025-08-20 18:00:00+00:00,LUCKNOW_001,29.1,989.6,85.0,False,NORMAL
2025-08-20 19:00:00+00:00,LUCKNOW_001,28.7,989.5,87.0,False,NORMAL
2025-08-20 20:00:00+00:00,LUCKNOW_001,28.3,989.3,90.0,False,NORMAL
2025-08-20 21:00:00+00:00,LUCKNOW_001,28.0,989.2,91.0,False,NORMAL
2025-08-20 22:00:00+00:00,LUCKNOW_001,28.0,988.8,89.0,False,NORMAL
2025-08-20 23:00:00+00:00,LUCKNOW_001,28.0,988.6,90.0,False,NORMAL
2025-08-21 00:00:00+00:00,LUCKNOW_001,28.7,989.1,87.0,False,NORMAL
2025-08-21 01:00:00+00:00,LUCKNOW_001,28.2,989.1,89.0,False,NORMAL
2025-08-21 02:00:00+00:00,LUCKNOW_001,28.8,989.8,88.0,False,NORMAL
2025-08-21 03:00:00+00:00,LUCKNOW_001,28.4,990.1,90.0,False,NORMAL
2025-08-21 04:00:00+00:00,LUCKNOW_001,28.3,990.3,90.0,False,NORMAL
2025-08-21 05:00:00+00:00,LUCKNOW_001,30.5,989.9,80.0,False,NORMAL
2025-08-21 06:00:00+00:00,LUCKNOW_001,31.2,989.8,77.0,False,NORMAL
2025-08-21 07:00:00+00:00,LUCKNOW_001,31.3,988.7,77.0,False,NORMAL
2025-08-21 08:00:00+00:00,LUCKNOW_001,32.3,987.8,74.0,False,NORMAL
2025-08-21 09:00:00+00:00,LUCKNOW_001,32.7,986.8,72.0,False,NORMAL
2025-08-21 10:00:00+00:00,LUCKNOW_001,31.8,985.1,76.0,False,NORMAL
2025-08-21 11:00:00+00:00,LUCKNOW_001,30.8,985.8,81.0,False,NORMAL
2025-08-21 12:00:00+00:00,LUCKNOW_001,30.9,985.8,80.0,False,NORMAL
2025-08-21 13:00:00+00:00,LUCKNOW_001,30.8,986.5,81.0,False,NORMAL
2025-08-21 14:00:00+00:00,LUCKNOW_001,30.5,987.0,84.0,False,NORMAL
2025-08-21 15:00:00+00:00,LUCKNOW_001,29.4,988.2,88.0,False,NORMAL
2025-08-21 16:00:00+00:00,LUCKNOW_001,29.0,989.0,89.0,False,NORMAL
2025-08-21 17:00:00+00:00,LUCKNOW_001,28.2,989.4,91.0,False,NORMAL
2025-08-21 18:00:00+00:00,LUCKNOW_001,28.0,989.3,92.0,False,NORMAL
2025-08-21 19:00:00+00:00,LUCKNOW_001,27.6,988.6,93.0,False,NORMAL
2025-08-21 20:00:00+00:00,LUCKNOW_001,27.4,988.3,94.0,False,NORMAL
2025-08-21 21:00:00+00:00,LUCKNOW_001,27.4,987.7,95.0,False,NORMAL
2025-08-21 22:00:00+00:00,LUCKNOW_001,27.0,987.0,97.0,False,NORMAL
2025-08-21 23:00:00+00:00,LUCKNOW_001,27.0,987.2,97.0,False,NORMAL
2025-08-22 00:00:00+00:00,LUCKNOW_001,27.8,987.0,94.0,False,NORMAL
2025-08-22 01:00:00+00:00,LUCKNOW_001,27.9,987.5,94.0,False,NORMAL
2025-08-22 02:00:00+00:00,LUCKNOW_001,28.3,987.5,91.0,False,NORMAL
2025-08-22 03:00:00+00:00,LUCKNOW_001,28.3,987.9,91.0,False,NORMAL
2025-08-22 04:00:00+00:00,LUCKNOW_001,28.6,987.9,89.0,False,NORMAL
2025-08-22 05:00:00+00:00,LUCKNOW_001,30.5,987.7,79.0,False,NORMAL
2025-08-22 06:00:00+00:00,LUCKNOW_001,31.9,987.3,70.0,False,NORMAL
2025-08-22 07:00:00+00:00,LUCKNOW_001,32.3,986.6,68.0,False,NORMAL
2025-08-22 08:00:00+00:00,LUCKNOW_001,33.1,985.6,66.0,False,NORMAL
2025-08-22 09:00:00+00:00,LUCKNOW_001,33.7,985.1,65.0,False,NORMAL
2025-08-22 10:00:00+00:00,LUCKNOW_001,31.6,983.9,74.0,False,NORMAL
2025-08-22 11:00:00+00:00,LUCKNOW_001,30.7,983.8,78.0,False,NORMAL
2025-08-22 12:00:00+00:00,LUCKNOW_001,30.9,984.4,80.0,False,NORMAL
2025-08-22 13:00:00+00:00,LUCKNOW_001,30.8,985.0,81.0,False,NORMAL
2025-08-22 14:00:00+00:00,LUCKNOW_001,30.1,985.5,85.0,False,NORMAL
2025-08-22 15:00:00+00:00,LUCKNOW_001,28.7,986.5,90.0,False,NORMAL
2025-08-22 16:00:00+00:00,LUCKNOW_001,28.6,987.3,92.0,False,NORMAL
2025-08-22 17:00:00+00:00,LUCKNOW_001,27.6,986.8,94.0,False,NORMAL
2025-08-22 18:00:00+00:00,LUCKNOW_001,27.4,986.9,95.0,False,NORMAL
2025-08-22 19:00:00+00:00,LUCKNOW_001,27.4,986.3,94.0,False,NORMAL
2025-08-22 20:00:00+00:00,LUCKNOW_001,27.1,986.1,95.0,False,NORMAL
2025-08-22 21:00:00+00:00,LUCKNOW_001,27.1,985.4,95.0,False,NORMAL
2025-08-22 22:00:00+00:00,LUCKNOW_001,26.6,986.0,96.0,False,NORMAL
2025-08-22 23:00:00+00:00,LUCKNOW_001,26.5,985.7,96.0,False,NORMAL
2025-08-23 00:00:00+00:00,LUCKNOW_001,27.5,985.4,93.0,False,NORMAL
2025-08-23 01:00:00+00:00,LUCKNOW_001,27.5,986.1,92.0,False,NORMAL
2025-08-23 02:00:00+00:00,LUCKNOW_001,28.2,986.7,89.0,False,NORMAL
2025-08-23 03:00:00+00:00,LUCKNOW_001,28.5,987.4,89.0,False,NORMAL
2025-08-23 04:00:00+00:00,LUCKNOW_001,29.1,987.7,87.0,False,NORMAL
2025-08-23 05:00:00+00:00,LUCKNOW_001,30.5,987.4,79.0,False,NORMAL
2025-08-23 06:00:00+00:00,LUCKNOW_001,30.3,987.0,79.0,False,NORMAL
2025-08-23 07:00:00+00:00,LUCKNOW_001,31.2,986.6,78.0,False,NORMAL
2025-08-23 08:00:00+00:00,LUCKNOW_001,31.1,985.7,77.0,False,NORMAL
2025-08-23 09:00:00+00:00,LUCKNOW_001,30.5,985.7,78.0,False,NORMAL
2025-08-23 10:00:00+00:00,LUCKNOW_001,31.7,984.2,76.0,False,NORMAL
2025-08-23 11:00:00+00:00,LUCKNOW_001,30.6,983.9,80.0,False,NORMAL
2025-08-23 12:00:00+00:00,LUCKNOW_001,30.6,984.3,80.0,False,NORMAL
2025-08-23 13:00:00+00:00,LUCKNOW_001,30.7,985.0,79.0,False,NORMAL
2025-08-23 14:00:00+00:00,LUCKNOW_001,30.1,986.0,81.0,False,NORMAL
2025-08-23 15:00:00+00:00,LUCKNOW_001,28.4,986.9,89.0,False,NORMAL
2025-08-23 16:00:00+00:00,LUCKNOW_001,28.0,987.1,92.0,False,NORMAL
2025-08-23 17:00:00+00:00,LUCKNOW_001,27.4,987.2,95.0,False,NORMAL
2025-08-23 18:00:00+00:00,LUCKNOW_001,27.5,987.4,93.0,False,NORMAL
2025-08-23 19:00:00+00:00,LUCKNOW_001,27.4,987.1,93.0,False,NORMAL
2025-08-23 20:00:00+00:00,LUCKNOW_001,27.1,986.2,94.0,False,NORMAL
2025-08-23 21:00:00+00:00,LUCKNOW_001,26.9,985.7,95.0,False,NORMAL
2025-08-23 22:00:00+00:00,LUCKNOW_001,27.0,985.9,94.0,False,NORMAL
2025-08-23 23:00:00+00:00,LUCKNOW_001,27.1,985.7,94.0,False,NORMAL
2025-08-24 00:00:00+00:00,LUCKNOW_001,27.8,985.9,90.0,False,NORMAL
2025-08-24 01:00:00+00:00,LUCKNOW_001,27.8,986.3,89.0,False,NORMAL
2025-08-24 02:00:00+00:00,LUCKNOW_001,28.7,986.5,86.0,False,NORMAL
2025-08-24 03:00:00+00:00,LUCKNOW_001,28.8,987.2,84.0,False,NORMAL
2025-08-24 04:00:00+00:00,LUCKNOW_001,28.9,987.8,84.0,False,NORMAL
2025-08-24 05:00:00+00:00,LUCKNOW_001,29.7,988.0,82.0,False,NORMAL
2025-08-24 06:00:00+00:00,LUCKNOW_001,31.2,987.6,77.0,False,NORMAL
2025-08-24 07:00:00+00:00,LUCKNOW_001,30.5,987.0,79.0,False,NORMAL
2025-08-24 08:00:00+00:00,LUCKNOW_001,30.1,986.1,80.0,False,NORMAL
2025-08-24 09:00:00+00:00,LUCKNOW_001,30.3,985.4,82.0,False,NORMAL
2025-08-24 10:00:00+00:00,LUCKNOW_001,31.1,984.3,78.0,False,NORMAL
2025-08-24 11:00:00+00:00,LUCKNOW_001,29.8,985.4,80.0,False,NORMAL
2025-08-24 12:00:00+00:00,LUCKNOW_001,29.1,985.0,84.0,False,NORMAL
2025-08-24 13:00:00+00:00,LUCKNOW_001,29.2,985.6,85.0,False,NORMAL
2025-08-24 14:00:00+00:00,LUCKNOW_001,28.8,986.0,87.0,False,NORMAL
2025-08-24 15:00:00+00:00,LUCKNOW_001,28.1,986.8,92.0,False,NORMAL
2025-08-24 16:00:00+00:00,LUCKNOW_001,27.9,987.3,93.0,False,NORMAL
2025-08-24 17:00:00+00:00,LUCKNOW_001,27.4,987.6,95.0,False,NORMAL
2025-08-24 18:00:00+00:00,LUCKNOW_001,27.0,987.5,97.0,False,NORMAL
2025-08-24 19:00:00+00:00,LUCKNOW_001,27.1,987.3,97.0,False,NORMAL
2025-08-24 20:00:00+00:00,LUCKNOW_001,26.7,986.7,98.0,False,NORMAL
2025-08-24 21:00:00+00:00,LUCKNOW_001,26.4,986.7,99.0,False,NORMAL
2025-08-24 22:00:00+00:00,LUCKNOW_001,26.3,986.6,97.0,False,NORMAL
2025-08-24 23:00:00+00:00,LUCKNOW_001,26.3,986.0,98.0,False,NORMAL
2025-08-25 00:00:00+00:00,LUCKNOW_001,26.9,985.9,95.0,False,NORMAL
2025-08-25 01:00:00+00:00,LUCKNOW_001,26.9,986.8,95.0,False,NORMAL
2025-08-25 02:00:00+00:00,LUCKNOW_001,27.6,986.9,92.0,False,NORMAL
2025-08-25 03:00:00+00:00,LUCKNOW_001,27.9,987.8,88.0,False,NORMAL
2025-08-25 04:00:00+00:00,LUCKNOW_001,27.6,988.3,90.0,False,NORMAL
2025-08-25 05:00:00+00:00,LUCKNOW_001,29.1,988.6,83.0,False,NORMAL
2025-08-25 06:00:00+00:00,LUCKNOW_001,29.8,988.5,79.0,False,NORMAL
2025-08-25 07:00:00+00:00,LUCKNOW_001,29.6,988.1,81.0,False,NORMAL
2025-08-25 08:00:00+00:00,LUCKNOW_001,30.5,987.7,81.0,False,NORMAL
2025-08-25 09:00:00+00:00,LUCKNOW_001,31.1,986.8,79.0,False,NORMAL
2025-08-25 10:00:00+00:00,LUCKNOW_001,29.3,986.8,84.0,False,NORMAL
2025-08-25 11:00:00+00:00,LUCKNOW_001,29.2,986.5,85.0,False,NORMAL
2025-08-25 12:00:00+00:00,LUCKNOW_001,29.5,986.8,84.0,False,NORMAL
2025-08-25 13:00:00+00:00,LUCKNOW_001,29.4,987.5,85.0,False,NORMAL
2025-08-25 14:00:00+00:00,LUCKNOW_001,28.7,988.1,88.0,False,NORMAL
2025-08-25 15:00:00+00:00,LUCKNOW_001,27.2,989.3,93.0,False,NORMAL
2025-08-25 16:00:00+00:00,LUCKNOW_001,27.2,990.2,94.0,False,NORMAL
2025-08-25 17:00:00+00:00,LUCKNOW_001,26.9,990.5,97.0,False,NORMAL
2025-08-25 18:00:00+00:00,LUCKNOW_001,26.8,990.8,97.0,False,NORMAL
2025-08-25 19:00:00+00:00,LUCKNOW_001,26.7,990.7,97.0,False,NORMAL
2025-08-25 20:00:00+00:00,LUCKNOW_001,26.7,990.4,97.0,False,NORMAL
2025-08-25 21:00:00+00:00,LUCKNOW_001,26.6,990.2,97.0,False,NORMAL
2025-08-25 22:00:00+00:00,LUCKNOW_001,26.2,989.8,99.0,False,NORMAL
2025-08-25 23:00:00+00:00,LUCKNOW_001,26.3,990.0,99.0,False,NORMAL
2025-08-26 00:00:00+00:00,LUCKNOW_001,27.4,990.0,95.0,False,NORMAL
2025-08-26 01:00:00+00:00,LUCKNOW_001,27.5,990.9,94.0,False,NORMAL
2025-08-26 02:00:00+00:00,LUCKNOW_001,28.3,990.9,90.0,False,NORMAL
2025-08-26 03:00:00+00:00,LUCKNOW_001,28.8,991.7,88.0,False,NORMAL
2025-08-26 04:00:00+00:00,LUCKNOW_001,28.4,991.7,92.0,False,NORMAL
2025-08-26 05:00:00+00:00,LUCKNOW_001,29.7,992.1,87.0,False,NORMAL
2025-08-26 06:00:00+00:00,LUCKNOW_001,31.2,992.0,82.0,False,NORMAL
2025-08-26 07:00:00+00:00,LUCKNOW_001,31.8,991.0,79.0,False,NORMAL
2025-08-26 08:00:00+00:00,LUCKNOW_001,33.1,990.5,74.0,False,NORMAL
2025-08-26 09:00:00+00:00,LUCKNOW_001,33.2,989.1,74.0,False,NORMAL
2025-08-26 10:00:00+00:00,LUCKNOW_001,30.9,988.4,80.0,False,NORMAL
2025-08-26 11:00:00+00:00,LUCKNOW_001,31.4,988.8,80.0,False,NORMAL
2025-08-26 12:00:00+00:00,LUCKNOW_001,30.7,988.4,83.0,False,NORMAL
2025-08-26 13:00:00+00:00,LUCKNOW_001,30.6,988.5,82.0,False,NORMAL
2025-08-26 14:00:00+00:00,LUCKNOW_001,29.8,989.4,87.0,False,NORMAL
2025-08-26 15:00:00+00:00,LUCKNOW_001,28.6,989.6,93.0,False,NORMAL
2025-08-26 16:00:00+00:00,LUCKNOW_001,28.5,990.7,93.0,False,NORMAL
2025-08-26 17:00:00+00:00,LUCKNOW_001,28.1,990.7,94.0,False,NORMAL
2025-08-26 18:00:00+00:00,LUCKNOW_001,28.1,991.0,93.0,False,NORMAL
2025-08-26 19:00:00+00:00,LUCKNOW_001,28.1,990.2,94.0,False,NORMAL
2025-08-26 20:00:00+00:00,LUCKNOW_001,27.7,989.7,95.0,False,NORMAL
2025-08-26 21:00:00+00:00,LUCKNOW_001,27.6,989.7,96.0,False,NORMAL
2025-08-26 22:00:00+00:00,LUCKNOW_001,27.1,989.3,94.0,False,NORMAL
2025-08-26 23:00:00+00:00,LUCKNOW_001,27.0,989.2,95.0,False,NORMAL
2025-08-27 00:00:00+00:00,LUCKNOW_001,28.3,989.9,89.0,False,NORMAL
2025-08-27 01:00:00+00:00,LUCKNOW_001,28.5,989.9,89.0,False,NORMAL
2025-08-27 02:00:00+00:00,LUCKNOW_001,29.9,990.7,84.0,False,NORMAL
2025-08-27 03:00:00+00:00,LUCKNOW_001,30.1,990.7,83.0,False,NORMAL
2025-08-27 04:00:00+00:00,LUCKNOW_001,30.5,990.7,80.0,False,NORMAL
2025-08-27 05:00:00+00:00,LUCKNOW_001,32.3,990.7,72.0,False,NORMAL
2025-08-27 06:00:00+00:00,LUCKNOW_001,33.5,990.0,67.0,False,NORMAL
2025-08-27 07:00:00+00:00,LUCKNOW_001,33.3,989.6,68.0,False,NORMAL
2025-08-27 08:00:00+00:00,LUCKNOW_001,34.5,988.7,64.0,False,NORMAL
2025-08-27 09:00:00+00:00,LUCKNOW_001,34.8,988.1,63.0,False,NORMAL
2025-08-27 10:00:00+00:00,LUCKNOW_001,33.1,987.6,69.0,False,NORMAL
2025-08-27 11:00:00+00:00,LUCKNOW_001,33.1,987.3,70.0,False,NORMAL
2025-08-27 12:00:00+00:00,LUCKNOW_001,33.1,986.9,71.0,False,NORMAL
2025-08-27 13:00:00+00:00,LUCKNOW_001,32.8,987.1,73.0,False,NORMAL
2025-08-27 14:00:00+00:00,LUCKNOW_001,32.2,988.3,76.0,False,NORMAL
2025-08-27 15:00:00+00:00,LUCKNOW_001,30.2,989.0,87.0,False,NORMAL
2025-08-27 16:00:00+00:00,LUCKNOW_001,29.6,989.7,90.0,False,NORMAL
2025-08-27 17:00:00+00:00,LUCKNOW_001,28.9,989.8,93.0,False,NORMAL
2025-08-27 18:00:00+00:00,LUCKNOW_001,28.7,989.8,93.0,False,NORMAL
2025-08-27 19:00:00+00:00,LUCKNOW_001,28.7,989.4,93.0,False,NORMAL
2025-08-27 20:00:00+00:00,LUCKNOW_001,28.5,989.3,92.0,False,NORMAL
2025-08-27 21:00:00+00:00,LUCKNOW_001,28.2,988.9,94.0,False,NORMAL
2025-08-27 22:00:00+00:00,LUCKNOW_001,28.0,988.6,93.0,False,NORMAL
2025-08-27 23:00:00+00:00,LUCKNOW_001,27.9,988.5,93.0,False,NORMAL
2025-08-28 00:00:00+00:00,LUCKNOW_001,29.0,989.1,88.0,False,NORMAL
2025-08-28 01:00:00+00:00,LUCKNOW_001,29.1,989.5,88.0,False,NORMAL
2025-08-28 02:00:00+00:00,LUCKNOW_001,30.1,990.1,83.0,False,NORMAL
2025-08-28 03:00:00+00:00,LUCKNOW_001,30.3,990.4,85.0,False,NORMAL
2025-08-28 04:00:00+00:00,LUCKNOW_001,30.6,990.4,82.0,False,NORMAL
2025-08-28 05:00:00+00:00,LUCKNOW_001,31.7,990.2,75.0,False,NORMAL
2025-08-28 06:00:00+00:00,LUCKNOW_001,32.7,989.7,74.0,False,NORMAL
2025-08-28 07:00:00+00:00,LUCKNOW_001,33.2,989.1,73.0,False,NORMAL
2025-08-28 08:00:00+00:00,LUCKNOW_001,33.9,988.7,68.0,False,NORMAL
2025-08-28 09:00:00+00:00,LUCKNOW_001,32.3,987.6,74.0,False,NORMAL
2025-08-28 10:00:00+00:00,LUCKNOW_001,31.3,986.5,79.0,False,NORMAL
2025-08-28 11:00:00+00:00,LUCKNOW_001,31.3,986.5,81.0,False,NORMAL
2025-08-28 12:00:00+00:00,LUCKNOW_001,31.7,986.6,77.0,False,NORMAL
2025-08-28 13:00:00+00:00,LUCKNOW_001,31.8,986.7,77.0,False,NORMAL
2025-08-28 14:00:00+00:00,LUCKNOW_001,31.1,988.1,81.0,False,NORMAL
2025-08-28 15:00:00+00:00,LUCKNOW_001,29.6,989.2,89.0,False,NORMAL
2025-08-28 16:00:00+00:00,LUCKNOW_001,29.7,989.6,88.0,False,NORMAL
2025-08-28 17:00:00+00:00,LUCKNOW_001,29.3,989.7,88.0,False,NORMAL
2025-08-28 18:00:00+00:00,LUCKNOW_001,29.1,989.4,89.0,False,NORMAL
2025-08-28 19:00:00+00:00,LUCKNOW_001,29.0,989.2,89.0,False,NORMAL
2025-08-28 20:00:00+00:00,LUCKNOW_001,28.5,989.0,91.0,False,NORMAL
2025-08-28 21:00:00+00:00,LUCKNOW_001,28.4,988.9,91.0,False,NORMAL
2025-08-28 22:00:00+00:00,LUCKNOW_001,28.2,989.1,93.0,False,NORMAL
2025-08-28 23:00:00+00:00,LUCKNOW_001,28.2,989.5,92.0,False,NORMAL
2025-08-29 00:00:00+00:00,LUCKNOW_001,28.5,989.6,89.0,False,NORMAL
2025-08-29 01:00:00+00:00,LUCKNOW_001,28.4,990.3,88.0,False,NORMAL
2025-08-29 02:00:00+00:00,LUCKNOW_001,28.4,990.6,87.0,False,NORMAL
2025-08-29 03:00:00+00:00,LUCKNOW_001,28.4,991.4,88.0,False,NORMAL
2025-08-29 04:00:00+00:00,LUCKNOW_001,28.5,991.5,89.0,False,NORMAL
2025-08-29 05:00:00+00:00,LUCKNOW_001,30.6,991.3,83.0,False,NORMAL
2025-08-29 06:00:00+00:00,LUCKNOW_001,31.8,991.3,80.0,False,NORMAL
2025-08-29 07:00:00+00:00,LUCKNOW_001,31.2,990.8,79.0,False,NORMAL
2025-08-29 08:00:00+00:00,LUCKNOW_001,30.5,990.3,81.0,False,NORMAL
2025-08-29 09:00:00+00:00,LUCKNOW_001,31.0,989.0,80.0,False,NORMAL
2025-08-29 10:00:00+00:00,LUCKNOW_001,31.5,988.0,78.0,False,NORMAL
2025-08-29 11:00:00+00:00,LUCKNOW_001,31.3,988.1,77.0,False,NORMAL
2025-08-29 12:00:00+00:00,LUCKNOW_001,31.3,988.2,78.0,False,NORMAL
2025-08-29 13:00:00+00:00,LUCKNOW_001,31.4,988.6,76.0,False,NORMAL
2025-08-29 14:00:00+00:00,LUCKNOW_001,30.9,989.6,79.0,False,NORMAL
2025-08-29 15:00:00+00:00,LUCKNOW_001,29.7,990.6,83.0,False,NORMAL
2025-08-29 16:00:00+00:00,LUCKNOW_001,29.4,991.5,85.0,False,NORMAL
2025-08-29 17:00:00+00:00,LUCKNOW_001,28.8,991.8,88.0,False,NORMAL
2025-08-29 18:00:00+00:00,LUCKNOW_001,28.7,991.9,89.0,False,NORMAL
2025-08-29 19:00:00+00:00,LUCKNOW_001,28.6,991.7,90.0,False,NORMAL
2025-08-29 20:00:00+00:00,LUCKNOW_001,28.1,991.8,90.0,False,NORMAL
2025-08-29 21:00:00+00:00,LUCKNOW_001,28.2,991.1,90.0,False,NORMAL
2025-08-29 22:00:00+00:00,LUCKNOW_001,27.4,991.0,96.0,False,NORMAL
2025-08-29 23:00:00+00:00,LUCKNOW_001,27.6,991.1,95.0,False,NORMAL
2025-08-30 00:00:00+00:00,LUCKNOW_001,28.2,991.7,91.0,False,NORMAL
2025-08-30 01:00:00+00:00,LUCKNOW_001,28.1,992.2,91.0,False,NORMAL
2025-08-30 02:00:00+00:00,LUCKNOW_001,28.0,993.0,92.0,False,NORMAL
2025-08-30 03:00:00+00:00,LUCKNOW_001,27.6,993.3,94.0,False,NORMAL
2025-08-30 04:00:00+00:00,LUCKNOW_001,28.0,993.2,90.0,False,NORMAL
2025-08-30 05:00:00+00:00,LUCKNOW_001,29.6,993.3,85.0,False,NORMAL
2025-08-30 06:00:00+00:00,LUCKNOW_001,31.1,992.5,81.0,False,NORMAL
2025-08-30 07:00:00+00:00,LUCKNOW_001,31.7,991.9,80.0,False,NORMAL
2025-08-30 08:00:00+00:00,LUCKNOW_001,32.6,990.9,78.0,False,NORMAL
2025-08-30 09:00:00+00:00,LUCKNOW_001,32.0,990.1,79.0,False,NORMAL
2025-08-30 10:00:00+00:00,LUCKNOW_001,32.4,989.1,79.0,False,NORMAL
2025-08-30 11:00:00+00:00,LUCKNOW_001,31.1,989.1,81.0,False,NORMAL
2025-08-30 12:00:00+00:00,LUCKNOW_001,30.9,989.0,81.0,False,NORMAL
2025-08-30 13:00:00+00:00,LUCKNOW_001,31.0,989.5,80.0,False,NORMAL
2025-08-30 14:00:00+00:00,LUCKNOW_001,30.5,990.6,82.0,False,NORMAL
2025-08-30 15:00:00+00:00,LUCKNOW_001,29.2,991.5,88.0,False,NORMAL
2025-08-30 16:00:00+00:00,LUCKNOW_001,29.1,992.3,89.0,False,NORMAL
2025-08-30 17:00:00+00:00,LUCKNOW_001,28.8,992.0,91.0,False,NORMAL
2025-08-30 18:00:00+00:00,LUCKNOW_001,28.8,991.8,91.0,False,NORMAL
2025-08-30 19:00:00+00:00,LUCKNOW_001,28.7,991.5,92.0,False,NORMAL
2025-08-30 20:00:00+00:00,LUCKNOW_001,28.6,991.0,91.0,False,NORMAL
2025-08-30 21:00:00+00:00,LUCKNOW_001,28.4,990.8,91.0,False,NORMAL
2025-08-30 22:00:00+00:00,LUCKNOW_001,27.7,990.8,93.0,False,NORMAL
2025-08-30 23:00:00+00:00,LUCKNOW_001,27.2,991.4,96.0,False,NORMAL
2025-08-31 00:00:00+00:00,LUCKNOW_001,27.7,990.5,94.0,False,NORMAL
2025-08-31 01:00:00+00:00,LUCKNOW_001,27.5,991.0,94.0,False,NORMAL
2025-08-31 02:00:00+00:00,LUCKNOW_001,28.2,991.9,93.0,False,NORMAL
2025-08-31 03:00:00+00:00,LUCKNOW_001,28.4,992.0,91.0,False,NORMAL
2025-08-31 04:00:00+00:00,LUCKNOW_001,28.9,992.2,88.0,False,NORMAL
2025-08-31 05:00:00+00:00,LUCKNOW_001,30.3,991.9,85.0,False,NORMAL
2025-08-31 06:00:00+00:00,LUCKNOW_001,30.9,991.4,82.0,False,NORMAL
2025-08-31 07:00:00+00:00,LUCKNOW_001,31.2,990.7,80.0,False,NORMAL
2025-08-31 08:00:00+00:00,LUCKNOW_001,31.0,989.4,77.0,False,NORMAL
2025-08-31 09:00:00+00:00,LUCKNOW_001,30.5,988.2,80.0,False,NORMAL
2025-08-31 10:00:00+00:00,LUCKNOW_001,30.3,986.2,85.0,False,NORMAL
2025-08-31 11:00:00+00:00,LUCKNOW_001,31.0,988.1,82.0,False,NORMAL
2025-08-31 12:00:00+00:00,LUCKNOW_001,29.7,987.2,85.0,False,NORMAL
2025-08-31 13:00:00+00:00,LUCKNOW_001,29.2,988.5,87.0,False,NORMAL
2025-08-31 14:00:00+00:00,LUCKNOW_001,29.2,988.2,87.0,False,NORMAL
2025-08-31 15:00:00+00:00,LUCKNOW_001,28.0,988.7,92.0,False,NORMAL
2025-08-31 16:00:00+00:00,LUCKNOW_001,27.9,989.3,93.0,False,NORMAL
2025-08-31 17:00:00+00:00,LUCKNOW_001,27.5,989.3,95.0,False,NORMAL
2025-08-31 18:00:00+00:00,LUCKNOW_001,27.3,989.5,96.0,False,NORMAL
2025-08-31 19:00:00+00:00,LUCKNOW_001,27.2,988.8,97.0,False,NORMAL
2025-08-31 20:00:00+00:00,LUCKNOW_001,26.3,988.4,97.0,False,NORMAL
2025-08-31 21:00:00+00:00,LUCKNOW_001,26.3,988.5,97.0,False,NORMAL
2025-08-31 22:00:00+00:00,LUCKNOW_001,25.9,987.5,97.0,False,NORMAL
2025-08-31 23:00:00+00:00,LUCKNOW_001,26.2,987.9,97.0,False,NORMAL
2025-09-01 00:00:00+00:00,LUCKNOW_001,26.8,987.6,95.0,False,NORMAL
2025-09-01 01:00:00+00:00,LUCKNOW_001,26.9,987.9,95.0,False,NORMAL
2025-09-01 02:00:00+00:00,LUCKNOW_001,27.0,988.4,95.0,False,NORMAL
2025-09-01 03:00:00+00:00,LUCKNOW_001,27.0,988.6,94.0,False,NORMAL
2025-09-01 04:00:00+00:00,LUCKNOW_001,26.9,989.2,96.0,False,NORMAL
2025-09-01 05:00:00+00:00,LUCKNOW_001,28.0,989.0,92.0,False,NORMAL
2025-09-01 06:00:00+00:00,LUCKNOW_001,28.9,988.6,88.0,False,NORMAL
2025-09-01 07:00:00+00:00,LUCKNOW_001,29.4,988.0,87.0,False,NORMAL
2025-09-01 08:00:00+00:00,LUCKNOW_001,30.4,987.2,81.0,False,NORMAL
2025-09-01 09:00:00+00:00,LUCKNOW_001,29.2,985.5,86.0,False,NORMAL
2025-09-01 10:00:00+00:00,LUCKNOW_001,29.3,985.4,85.0,False,NORMAL
2025-09-01 11:00:00+00:00,LUCKNOW_001,29.0,986.5,86.0,False,NORMAL
2025-09-01 12:00:00+00:00,LUCKNOW_001,28.0,986.1,91.0,False,NORMAL
2025-09-01 13:00:00+00:00,LUCKNOW_001,27.7,987.1,91.0,False,NORMAL
2025-09-01 14:00:00+00:00,LUCKNOW_001,27.5,987.2,93.0,False,NORMAL
2025-09-01 15:00:00+00:00,LUCKNOW_001,26.3,987.8,98.0,False,NORMAL
2025-09-01 16:00:00+00:00,LUCKNOW_001,26.6,988.5,98.0,False,NORMAL
2025-09-01 17:00:00+00:00,LUCKNOW_001,26.7,988.6,98.0,False,NORMAL
2025-09-01 18:00:00+00:00,LUCKNOW_001,26.7,988.7,98.0,False,NORMAL
2025-09-01 19:00:00+00:00,LUCKNOW_001,26.6,988.2,97.0,False,NORMAL
2025-09-01 20:00:00+00:00,LUCKNOW_001,26.3,987.7,97.0,False,NORMAL
2025-09-01 21:00:00+00:00,LUCKNOW_001,26.1,987.5,96.0,False,NORMAL
2025-09-01 22:00:00+00:00,LUCKNOW_001,25.6,986.8,99.0,False,NORMAL
2025-09-01 23:00:00+00:00,LUCKNOW_001,25.5,986.8,99.0,False,NORMAL
2025-09-02 00:00:00+00:00,LUCKNOW_001,26.1,987.5,96.0,False,NORMAL
2025-09-02 01:00:00+00:00,LUCKNOW_001,25.9,988.3,96.0,False,NORMAL
2025-09-02 02:00:00+00:00,LUCKNOW_001,26.4,988.9,93.0,False,NORMAL
2025-09-02 03:00:00+00:00,LUCKNOW_001,26.5,989.9,93.0,False,NORMAL
2025-09-02 04:00:00+00:00,LUCKNOW_001,27.2,990.0,90.0,False,NORMAL
2025-09-02 05:00:00+00:00,LUCKNOW_001,29.2,990.4,84.0,False,NORMAL
2025-09-02 06:00:00+00:00,LUCKNOW_001,30.5,990.0,82.0,False,NORMAL
2025-09-02 07:00:00+00:00,LUCKNOW_001,31.1,989.2,82.0,False,NORMAL
2025-09-02 08:00:00+00:00,LUCKNOW_001,31.2,988.5,78.0,False,NORMAL
2025-09-02 09:00:00+00:00,LUCKNOW_001,31.4,987.9,77.0,False,NORMAL
2025-09-02 10:00:00+00:00,LUCKNOW_001,28.0,987.7,87.0,False,NORMAL
2025-09-02 11:00:00+00:00,LUCKNOW_001,27.1,987.4,93.0,False,NORMAL
2025-09-02 12:00:00+00:00,LUCKNOW_001,27.3,987.7,91.0,False,NORMAL
2025-09-02 13:00:00+00:00,LUCKNOW_001,27.9,987.9,90.0,False,NORMAL
2025-09-02 14:00:00+00:00,LUCKNOW_001,28.1,988.6,89.0,False,NORMAL
2025-09-02 15:00:00+00:00,LUCKNOW_001,27.4,989.3,94.0,False,NORMAL
2025-09-02 16:00:00+00:00,LUCKNOW_001,27.4,989.8,94.0,False,NORMAL
2025-09-02 17:00:00+00:00,LUCKNOW_001,27.1,989.8,94.0,False,NORMAL
2025-09-02 18:00:00+00:00,LUCKNOW_001,27.1,990.0,93.0,False,NORMAL
2025-09-02 19:00:00+00:00,LUCKNOW_001,27.1,989.8,94.0,False,NORMAL
2025-09-02 20:00:00+00:00,LUCKNOW_001,26.8,989.5,96.0,False,NORMAL
2025-09-02 21:00:00+00:00,LUCKNOW_001,26.7,989.2,96.0,False,NORMAL
2025-09-02 22:00:00+00:00,LUCKNOW_001,27.1,989.3,95.0,False,NORMAL
2025-09-02 23:00:00+00:00,LUCKNOW_001,26.8,989.4,97.0,False,NORMAL
2025-09-03 00:00:00+00:00,LUCKNOW_001,27.7,989.1,92.0,False,NORMAL
2025-09-03 01:00:00+00:00,LUCKNOW_001,27.8,989.8,92.0,False,NORMAL
2025-09-03 02:00:00+00:00,LUCKNOW_001,28.9,990.0,87.0,False,NORMAL
2025-09-03 03:00:00+00:00,LUCKNOW_001,29.1,990.5,86.0,False,NORMAL
2025-09-03 04:00:00+00:00,LUCKNOW_001,29.2,990.5,87.0,False,NORMAL
2025-09-03 05:00:00+00:00,LUCKNOW_001,31.0,990.7,81.0,False,NORMAL
2025-09-03 06:00:00+00:00,LUCKNOW_001,32.4,990.6,77.0,False,NORMAL
2025-09-03 07:00:00+00:00,LUCKNOW_001,32.7,990.2,71.0,False,NORMAL
2025-09-03 08:00:00+00:00,LUCKNOW_001,33.0,989.0,70.0,False,NORMAL
2025-09-03 09:00:00+00:00,LUCKNOW_001,32.8,988.0,72.0,False,NORMAL
2025-09-03 10:00:00+00:00,LUCKNOW_001,31.8,987.0,72.0,False,NORMAL
2025-09-03 11:00:00+00:00,LUCKNOW_001,31.9,987.4,74.0,False,NORMAL
2025-09-03 12:00:00+00:00,LUCKNOW_001,32.0,987.6,73.0,False,NORMAL
2025-09-03 13:00:00+00:00,LUCKNOW_001,31.6,987.9,75.0,False,NORMAL
2025-09-03 14:00:00+00:00,LUCKNOW_001,31.0,989.1,78.0,False,NORMAL
2025-09-03 15:00:00+00:00,LUCKNOW_001,29.5,990.1,85.0,False,NORMAL
2025-09-03 16:00:00+00:00,LUCKNOW_001,29.0,990.5,87.0,False,NORMAL
2025-09-03 17:00:00+00:00,LUCKNOW_001,28.5,990.4,87.0,False,NORMAL
2025-09-03 18:00:00+00:00,LUCKNOW_001,28.5,990.3,88.0,False,NORMAL
2025-09-03 19:00:00+00:00,LUCKNOW_001,28.2,989.9,89.0,False,NORMAL
2025-09-03 20:00:00+00:00,LUCKNOW_001,27.9,989.7,91.0,False,NORMAL
2025-09-03 21:00:00+00:00,LUCKNOW_001,28.0,989.3,90.0,False,NORMAL
2025-09-03 22:00:00+00:00,LUCKNOW_001,27.4,989.5,89.0,False,NORMAL
2025-09-03 23:00:00+00:00,LUCKNOW_001,27.4,989.6,88.0,False,NORMAL
2025-09-04 00:00:00+00:00,LUCKNOW_001,28.3,989.4,85.0,False,NORMAL
2025-09-04 01:00:00+00:00,LUCKNOW_001,28.3,989.5,85.0,False,NORMAL
2025-09-04 02:00:00+00:00,LUCKNOW_001,29.7,990.1,81.0,False,NORMAL
2025-09-04 03:00:00+00:00,LUCKNOW_001,29.9,990.5,80.0,False,NORMAL
2025-09-04 04:00:00+00:00,LUCKNOW_001,30.0,990.8,79.0,False,NORMAL
2025-09-04 05:00:00+00:00,LUCKNOW_001,31.2,990.7,76.0,False,NORMAL
2025-09-04 06:00:00+00:00,LUCKNOW_001,32.6,990.3,70.0,False,NORMAL
2025-09-04 07:00:00+00:00,LUCKNOW_001,32.5,989.7,70.0,False,NORMAL
2025-09-04 08:00:00+00:00,LUCKNOW_001,31.0,988.4,77.0,False,NORMAL
2025-09-04 09:00:00+00:00,LUCKNOW_001,32.1,987.5,72.0,False,NORMAL
2025-09-04 10:00:00+00:00,LUCKNOW_001,29.9,986.6,84.0,False,NORMAL
2025-09-04 11:00:00+00:00,LUCKNOW_001,30.3,986.5,82.0,False,NORMAL
2025-09-04 12:00:00+00:00,LUCKNOW_001,29.7,986.6,81.0,False,NORMAL
2025-09-04 13:00:00+00:00,LUCKNOW_001,30.1,987.3,80.0,False,NORMAL
2025-09-04 14:00:00+00:00,LUCKNOW_001,30.2,988.7,81.0,False,NORMAL
2025-09-04 15:00:00+00:00,LUCKNOW_001,28.4,989.7,87.0,False,NORMAL
2025-09-04 16:00:00+00:00,LUCKNOW_001,27.7,990.4,92.0,False,NORMAL
2025-09-04 17:00:00+00:00,LUCKNOW_001,26.9,990.4,95.0,False,NORMAL
2025-09-04 18:00:00+00:00,LUCKNOW_001,27.1,990.4,95.0,False,NORMAL
2025-09-04 19:00:00+00:00,LUCKNOW_001,27.0,990.1,94.0,False,NORMAL
2025-09-04 20:00:00+00:00,LUCKNOW_001,27.2,989.8,93.0,False,NORMAL
2025-09-04 21:00:00+00:00,LUCKNOW_001,27.1,989.8,93.0,False,NORMAL
2025-09-04 22:00:00+00:00,LUCKNOW_001,26.3,989.5,98.0,False,NORMAL
2025-09-04 23:00:00+00:00,LUCKNOW_001,26.4,990.0,98.0,False,NORMAL
2025-09-05 00:00:00+00:00,LUCKNOW_001,27.0,990.1,95.0,False,NORMAL
2025-09-05 01:00:00+00:00,LUCKNOW_001,27.0,990.8,95.0,False,NORMAL
2025-09-05 02:00:00+00:00,LUCKNOW_001,28.2,991.6,89.0,False,NORMAL
2025-09-05 03:00:00+00:00,LUCKNOW_001,28.4,992.1,89.0,False,NORMAL
2025-09-05 04:00:00+00:00,LUCKNOW_001,28.7,992.4,89.0,False,NORMAL
2025-09-05 05:00:00+00:00,LUCKNOW_001,30.3,992.5,84.0,False,NORMAL
2025-09-05 06:00:00+00:00,LUCKNOW_001,31.4,992.1,80.0,False,NORMAL
2025-09-05 07:00:00+00:00,LUCKNOW_001,31.9,990.8,76.0,False,NORMAL
2025-09-05 08:00:00+00:00,LUCKNOW_001,32.1,990.7,75.0,False,NORMAL
2025-09-05 09:00:00+00:00,LUCKNOW_001,32.1,989.6,74.0,False,NORMAL
2025-09-05 10:00:00+00:00,LUCKNOW_001,30.8,988.9,80.0,False,NORMAL
2025-09-05 11:00:00+00:00,LUCKNOW_001,30.4,988.3,83.0,False,NORMAL
2025-09-05 12:00:00+00:00,LUCKNOW_001,31.0,989.5,81.0,False,NORMAL
2025-09-05 13:00:00+00:00,LUCKNOW_001,30.8,989.3,82.0,False,NORMAL
2025-09-05 14:00:00+00:00,LUCKNOW_001,30.4,990.2,83.0,False,NORMAL
2025-09-05 15:00:00+00:00,LUCKNOW_001,28.4,991.5,91.0,False,NORMAL
2025-09-05 16:00:00+00:00,LUCKNOW_001,28.0,992.0,93.0,False,NORMAL
2025-09-05 17:00:00+00:00,LUCKNOW_001,27.3,992.2,97.0,False,NORMAL
2025-09-05 18:00:00+00:00,LUCKNOW_001,27.0,992.3,98.0,False,NORMAL
2025-09-05 19:00:00+00:00,LUCKNOW_001,27.1,991.9,97.0,False,NORMAL
2025-09-05 20:00:00+00:00,LUCKNOW_001,27.1,991.6,97.0,False,NORMAL
2025-09-05 21:00:00+00:00,LUCKNOW_001,27.0,991.0,97.0,False,NORMAL
2025-09-05 22:00:00+00:00,LUCKNOW_001,27.5,991.7,96.0,False,NORMAL
2025-09-05 23:00:00+00:00,LUCKNOW_001,27.4,991.3,96.0,False,NORMAL
2025-09-06 00:00:00+00:00,LUCKNOW_001,28.5,991.6,92.0,False,NORMAL
2025-09-06 01:00:00+00:00,LUCKNOW_001,28.5,992.1,92.0,False,NORMAL
2025-09-06 02:00:00+00:00,LUCKNOW_001,29.8,992.7,88.0,False,NORMAL
2025-09-06 03:00:00+00:00,LUCKNOW_001,30.1,993.2,88.0,False,NORMAL
2025-09-06 04:00:00+00:00,LUCKNOW_001,30.3,993.5,89.0,False,NORMAL
2025-09-06 05:00:00+00:00,LUCKNOW_001,32.2,993.6,77.0,False,NORMAL
2025-09-06 06:00:00+00:00,LUCKNOW_001,33.7,993.2,70.0,False,NORMAL
2025-09-06 07:00:00+00:00,LUCKNOW_001,34.0,992.4,69.0,False,NORMAL
2025-09-06 08:00:00+00:00,LUCKNOW_001,34.9,991.7,65.0,False,NORMAL
2025-09-06 09:00:00+00:00,LUCKNOW_001,34.3,990.7,68.0,False,NORMAL
2025-09-06 10:00:00+00:00,LUCKNOW_001,31.2,989.9,79.0,False,NORMAL
2025-09-06 11:00:00+00:00,LUCKNOW_001,30.4,989.5,82.0,False,NORMAL
2025-09-06 12:00:00+00:00,LUCKNOW_001,30.2,989.5,83.0,False,NORMAL
2025-09-06 13:00:00+00:00,LUCKNOW_001,30.3,990.0,84.0,False,NORMAL
2025-09-06 14:00:00+00:00,LUCKNOW_001,29.9,991.1,86.0,False,NORMAL
2025-09-06 15:00:00+00:00,LUCKNOW_001,28.5,992.1,92.0,False,NORMAL
2025-09-06 16:00:00+00:00,LUCKNOW_001,28.5,993.0,91.0,False,NORMAL
2025-09-06 17:00:00+00:00,LUCKNOW_001,27.8,992.7,93.0,False,NORMAL
2025-09-06 18:00:00+00:00,LUCKNOW_001,27.9,992.9,93.0,False,NORMAL
2025-09-06 19:00:00+00:00,LUCKNOW_001,27.9,992.5,93.0,False,NORMAL
2025-09-06 20:00:00+00:00,LUCKNOW_001,27.3,992.2,95.0,False,NORMAL
2025-09-06 21:00:00+00:00,LUCKNOW_001,27.3,991.6,96.0,False,NORMAL
2025-09-06 22:00:00+00:00,LUCKNOW_001,26.7,991.4,99.0,False,NORMAL
2025-09-06 23:00:00+00:00,LUCKNOW_001,26.9,991.6,99.0,False,NORMAL
2025-09-07 00:00:00+00:00,LUCKNOW_001,28.1,991.4,94.0,False,NORMAL
2025-09-07 01:00:00+00:00,LUCKNOW_001,28.2,992.1,94.0,False,NORMAL
2025-09-07 02:00:00+00:00,LUCKNOW_001,29.6,992.5,90.0,False,NORMAL
2025-09-07 03:00:00+00:00,LUCKNOW_001,29.8,992.9,88.0,False,NORMAL
2025-09-07 04:00:00+00:00,LUCKNOW_001,30.2,993.0,87.0,False,NORMAL
2025-09-07 05:00:00+00:00,LUCKNOW_001,32.2,993.1,81.0,False,NORMAL
2025-09-07 06:00:00+00:00,LUCKNOW_001,33.7,992.6,69.0,False,NORMAL
2025-09-07 07:00:00+00:00,LUCKNOW_001,32.5,991.8,71.0,False,NORMAL
2025-09-07 08:00:00+00:00,LUCKNOW_001,33.0,990.8,71.0,False,NORMAL
2025-09-07 09:00:00+00:00,LUCKNOW_001,33.1,989.7,70.0,False,NORMAL
2025-09-07 10:00:00+00:00,LUCKNOW_001,33.0,988.8,72.0,False,NORMAL
2025-09-07 11:00:00+00:00,LUCKNOW_001,32.0,988.9,76.0,False,NORMAL
2025-09-07 12:00:00+00:00,LUCKNOW_001,32.4,988.8,75.0,False,NORMAL
2025-09-07 13:00:00+00:00,LUCKNOW_001,32.3,989.5,78.0,False,NORMAL
2025-09-07 14:00:00+00:00,LUCKNOW_001,31.4,990.3,81.0,False,NORMAL
2025-09-07 15:00:00+00:00,LUCKNOW_001,29.6,991.0,90.0,False,NORMAL
2025-09-07 16:00:00+00:00,LUCKNOW_001,29.5,991.9,91.0,False,NORMAL
2025-09-07 17:00:00+00:00,LUCKNOW_001,28.6,992.3,94.0,False,NORMAL
2025-09-07 18:00:00+00:00,LUCKNOW_001,28.6,992.4,95.0,False,NORMAL
2025-09-07 19:00:00+00:00,LUCKNOW_001,28.4,992.1,95.0,False,NORMAL
2025-09-07 20:00:00+00:00,LUCKNOW_001,27.8,991.4,95.0,False,NORMAL
2025-09-07 21:00:00+00:00,LUCKNOW_001,27.8,990.8,94.0,False,NORMAL
2025-09-07 22:00:00+00:00,LUCKNOW_001,27.1,991.5,96.0,False,NORMAL
2025-09-07 23:00:00+00:00,LUCKNOW_001,27.3,991.2,95.0,False,NORMAL
2025-09-08 00:00:00+00:00,LUCKNOW_001,28.2,991.5,92.0,False,NORMAL
2025-09-08 01:00:00+00:00,LUCKNOW_001,28.0,992.0,92.0,False,NORMAL
2025-09-08 02:00:00+00:00,LUCKNOW_001,29.3,992.2,87.0,False,NORMAL
2025-09-08 03:00:00+00:00,LUCKNOW_001,29.6,992.7,85.0,False,NORMAL
2025-09-08 04:00:00+00:00,LUCKNOW_001,30.2,992.9,83.0,False,NORMAL
2025-09-08 05:00:00+00:00,LUCKNOW_001,31.5,993.3,79.0,False,NORMAL
2025-09-08 06:00:00+00:00,LUCKNOW_001,32.4,992.9,75.0,False,NORMAL
2025-09-08 07:00:00+00:00,LUCKNOW_001,32.8,992.3,75.0,False,NORMAL
2025-09-08 08:00:00+00:00,LUCKNOW_001,33.5,991.5,72.0,False,NORMAL
2025-09-08 09:00:00+00:00,LUCKNOW_001,34.1,990.6,68.0,False,NORMAL
2025-09-08 10:00:00+00:00,LUCKNOW_001,30.8,990.3,76.0,False,NORMAL
2025-09-08 11:00:00+00:00,LUCKNOW_001,30.2,990.3,81.0,False,NORMAL
2025-09-08 12:00:00+00:00,LUCKNOW_001,30.0,990.7,83.0,False,NORMAL
2025-09-08 13:00:00+00:00,LUCKNOW_001,29.9,991.6,81.0,False,NORMAL
2025-09-08 14:00:00+00:00,LUCKNOW_001,29.2,991.7,87.0,False,NORMAL
2025-09-08 15:00:00+00:00,LUCKNOW_001,28.5,992.5,87.0,False,NORMAL
2025-09-08 16:00:00+00:00,LUCKNOW_001,28.6,993.0,88.0,False,NORMAL
2025-09-08 17:00:00+00:00,LUCKNOW_001,27.7,993.1,94.0,False,NORMAL
2025-09-08 18:00:00+00:00,LUCKNOW_001,27.9,993.4,95.0,False,NORMAL
2025-09-08 19:00:00+00:00,LUCKNOW_001,27.8,993.4,95.0,False,NORMAL
2025-09-08 20:00:00+00:00,LUCKNOW_001,27.3,993.0,96.0,False,NORMAL
2025-09-08 21:00:00+00:00,LUCKNOW_001,27.2,992.5,96.0,False,NORMAL
2025-09-08 22:00:00+00:00,LUCKNOW_001,26.9,992.2,96.0,False,NORMAL
2025-09-08 23:00:00+00:00,LUCKNOW_001,27.0,992.7,96.0,False,NORMAL
2025-09-09 00:00:00+00:00,LUCKNOW_001,27.6,992.2,92.0,False,NORMAL
2025-09-09 01:00:00+00:00,LUCKNOW_001,27.4,992.9,93.0,False,NORMAL
2025-09-09 02:00:00+00:00,LUCKNOW_001,28.5,993.9,91.0,False,NORMAL
2025-09-09 03:00:00+00:00,LUCKNOW_001,28.9,994.0,89.0,False,NORMAL
2025-09-09 04:00:00+00:00,LUCKNOW_001,28.8,994.6,89.0,False,NORMAL
2025-09-09 05:00:00+00:00,LUCKNOW_001,30.4,994.2,85.0,False,NORMAL
2025-09-09 06:00:00+00:00,LUCKNOW_001,31.9,994.1,80.0,False,NORMAL
2025-09-09 07:00:00+00:00,LUCKNOW_001,32.1,993.3,78.0,False,NORMAL
2025-09-09 08:00:00+00:00,LUCKNOW_001,33.0,992.4,73.0,False,NORMAL
2025-09-09 09:00:00+00:00,LUCKNOW_001,33.1,991.8,73.0,False,NORMAL
2025-09-09 10:00:00+00:00,LUCKNOW_001,31.1,991.2,80.0,False,NORMAL
2025-09-09 11:00:00+00:00,LUCKNOW_001,31.0,990.7,83.0,False,NORMAL
2025-09-09 12:00:00+00:00,LUCKNOW_001,31.4,990.8,81.0,False,NORMAL
2025-09-09 13:00:00+00:00,LUCKNOW_001,31.4,991.6,79.0,False,NORMAL
2025-09-09 14:00:00+00:00,LUCKNOW_001,30.7,992.0,81.0,False,NORMAL
2025-09-09 15:00:00+00:00,LUCKNOW_001,29.6,992.5,84.0,False,NORMAL
2025-09-09 16:00:00+00:00,LUCKNOW_001,29.5,992.6,84.0,False,NORMAL
2025-09-09 17:00:00+00:00,LUCKNOW_001,29.2,992.9,85.0,False,NORMAL
2025-09-09 18:00:00+00:00,LUCKNOW_001,28.9,992.8,85.0,False,NORMAL
2025-09-09 19:00:00+00:00,LUCKNOW_001,28.8,992.8,86.0,False,NORMAL
2025-09-09 20:00:00+00:00,LUCKNOW_001,28.5,992.3,87.0,False,NORMAL
2025-09-09 21:00:00+00:00,LUCKNOW_001,28.6,991.8,87.0,False,NORMAL
2025-09-09 22:00:00+00:00,LUCKNOW_001,27.9,991.6,87.0,False,NORMAL
2025-09-09 23:00:00+00:00,LUCKNOW_001,27.7,991.9,88.0,False,NORMAL
2025-09-10 00:00:00+00:00,LUCKNOW_001,28.6,992.0,84.0,False,NORMAL
2025-09-10 01:00:00+00:00,LUCKNOW_001,28.4,992.5,85.0,False,NORMAL
2025-09-10 02:00:00+00:00,LUCKNOW_001,29.4,992.9,83.0,False,NORMAL
2025-09-10 03:00:00+00:00,LUCKNOW_001,29.6,993.4,82.0,False,NORMAL
2025-09-10 04:00:00+00:00,LUCKNOW_001,30.0,993.5,82.0,False,NORMAL
2025-09-10 05:00:00+00:00,LUCKNOW_001,31.9,993.5,75.0,False,NORMAL
2025-09-10 06:00:00+00:00,LUCKNOW_001,34.0,993.1,67.0,False,NORMAL
2025-09-10 07:00:00+00:00,LUCKNOW_001,34.1,992.3,67.0,False,NORMAL
2025-09-10 08:00:00+00:00,LUCKNOW_001,34.8,991.6,64.0,False,NORMAL
2025-09-10 09:00:00+00:00,LUCKNOW_001,34.8,990.2,64.0,False,NORMAL
2025-09-10 10:00:00+00:00,LUCKNOW_001,33.4,989.0,69.0,False,NORMAL
2025-09-10 11:00:00+00:00,LUCKNOW_001,33.8,989.0,72.0,True,DRIFT
2025-09-10 12:00:00+00:00,LUCKNOW_001,34.7,988.5,73.0,True,DRIFT
2025-09-10 13:00:00+00:00,LUCKNOW_001,35.3,989.3,72.0,True,DRIFT
2025-09-10 14:00:00+00:00,LUCKNOW_001,35.1,989.5,75.0,True,DRIFT
2025-09-10 15:00:00+00:00,LUCKNOW_001,33.6,990.3,85.0,True,DRIFT
2025-09-10 16:00:00+00:00,LUCKNOW_001,34.5,990.9,86.0,True,DRIFT
2025-09-10 17:00:00+00:00,LUCKNOW_001,35.2,990.7,89.0,True,DRIFT
2025-09-10 18:00:00+00:00,LUCKNOW_001,36.1,990.9,89.0,True,DRIFT
2025-09-10 19:00:00+00:00,LUCKNOW_001,36.9,990.6,89.0,True,DRIFT
2025-09-10 20:00:00+00:00,LUCKNOW_001,37.3,990.4,87.0,True,DRIFT
2025-09-10 21:00:00+00:00,LUCKNOW_001,37.7,990.1,87.0,True,DRIFT
2025-09-10 22:00:00+00:00,LUCKNOW_001,38.1,990.1,87.0,True,DRIFT
2025-09-10 23:00:00+00:00,LUCKNOW_001,28.3,990.6,86.0,False,NORMAL
2025-09-11 00:00:00+00:00,LUCKNOW_001,28.8,990.6,82.0,False,NORMAL
2025-09-11 01:00:00+00:00,LUCKNOW_001,28.7,991.6,83.0,False,NORMAL
2025-09-11 02:00:00+00:00,LUCKNOW_001,29.5,992.0,80.0,False,NORMAL
2025-09-11 03:00:00+00:00,LUCKNOW_001,29.7,992.6,79.0,False,NORMAL
2025-09-11 04:00:00+00:00,LUCKNOW_001,30.0,992.9,78.0,False,NORMAL
2025-09-11 05:00:00+00:00,LUCKNOW_001,31.3,993.2,73.0,False,NORMAL
2025-09-11 06:00:00+00:00,LUCKNOW_001,32.9,993.0,66.0,False,NORMAL
2025-09-11 07:00:00+00:00,LUCKNOW_001,32.8,992.4,65.0,False,NORMAL
2025-09-11 08:00:00+00:00,LUCKNOW_001,33.3,991.4,63.0,False,NORMAL
2025-09-11 09:00:00+00:00,LUCKNOW_001,33.6,990.6,62.0,False,NORMAL
2025-09-11 10:00:00+00:00,LUCKNOW_001,32.1,989.6,69.0,False,NORMAL
2025-09-11 11:00:00+00:00,LUCKNOW_001,32.0,990.0,70.0,False,NORMAL
2025-09-11 12:00:00+00:00,LUCKNOW_001,31.7,990.0,73.0,False,NORMAL
2025-09-11 13:00:00+00:00,LUCKNOW_001,31.4,990.7,74.0,False,NORMAL
2025-09-11 14:00:00+00:00,LUCKNOW_001,30.9,991.4,76.0,False,NORMAL
2025-09-11 15:00:00+00:00,LUCKNOW_001,29.7,992.1,82.0,False,NORMAL
2025-09-11 16:00:00+00:00,LUCKNOW_001,29.4,992.8,84.0,False,NORMAL
2025-09-11 17:00:00+00:00,LUCKNOW_001,29.0,992.6,86.0,False,NORMAL
2025-09-11 18:00:00+00:00,LUCKNOW_001,28.7,993.0,87.0,False,NORMAL
2025-09-11 19:00:00+00:00,LUCKNOW_001,28.6,992.7,87.0,False,NORMAL
2025-09-11 20:00:00+00:00,LUCKNOW_001,28.2,992.2,90.0,False,NORMAL
2025-09-11 21:00:00+00:00,LUCKNOW_001,28.2,991.8,90.0,False,NORMAL
2025-09-11 22:00:00+00:00,LUCKNOW_001,27.4,991.6,91.0,False,NORMAL
2025-09-11 23:00:00+00:00,LUCKNOW_001,27.3,992.3,91.0,False,NORMAL
2025-09-12 00:00:00+00:00,LUCKNOW_001,28.1,992.6,87.0,False,NORMAL
2025-09-12 01:00:00+00:00,LUCKNOW_001,28.2,993.5,88.0,False,NORMAL
2025-09-12 02:00:00+00:00,LUCKNOW_001,29.1,994.1,85.0,False,NORMAL
2025-09-12 03:00:00+00:00,LUCKNOW_001,29.5,994.8,82.0,False,NORMAL
2025-09-12 04:00:00+00:00,LUCKNOW_001,29.8,995.0,80.0,False,NORMAL
2025-09-12 05:00:00+00:00,LUCKNOW_001,31.4,995.4,73.0,False,NORMAL
2025-09-12 06:00:00+00:00,LUCKNOW_001,33.0,994.8,64.0,False,NORMAL
2025-09-12 07:00:00+00:00,LUCKNOW_001,33.0,994.0,64.0,False,NORMAL
2025-09-12 08:00:00+00:00,LUCKNOW_001,34.0,993.1,61.0,False,NORMAL
2025-09-12 09:00:00+00:00,LUCKNOW_001,34.1,992.1,61.0,False,NORMAL
2025-09-12 10:00:00+00:00,LUCKNOW_001,33.3,991.3,63.0,False,NORMAL
2025-09-12 11:00:00+00:00,LUCKNOW_001,33.1,990.9,64.0,False,NORMAL
2025-09-12 12:00:00+00:00,LUCKNOW_001,32.6,990.8,66.0,False,NORMAL
2025-09-12 13:00:00+00:00,LUCKNOW_001,32.1,991.6,66.0,False,NORMAL
2025-09-12 14:00:00+00:00,LUCKNOW_001,31.0,992.4,73.0,False,NORMAL
2025-09-12 15:00:00+00:00,LUCKNOW_001,28.9,993.1,83.0,False,NORMAL
2025-09-12 16:00:00+00:00,LUCKNOW_001,28.6,993.8,88.0,False,NORMAL
2025-09-12 17:00:00+00:00,LUCKNOW_001,27.9,993.7,90.0,False,NORMAL
2025-09-12 18:00:00+00:00,LUCKNOW_001,27.8,993.6,91.0,False,NORMAL
2025-09-12 19:00:00+00:00,LUCKNOW_001,27.5,993.5,92.0,False,NORMAL
2025-09-12 20:00:00+00:00,LUCKNOW_001,27.0,993.3,95.0,False,NORMAL
2025-09-12 21:00:00+00:00,LUCKNOW_001,26.8,993.0,96.0,False,NORMAL
2025-09-12 22:00:00+00:00,LUCKNOW_001,26.8,992.7,96.0,False,NORMAL
2025-09-12 23:00:00+00:00,LUCKNOW_001,26.7,993.1,97.0,False,NORMAL
2025-09-13 00:00:00+00:00,LUCKNOW_001,28.1,993.2,90.0,False,NORMAL
2025-09-13 01:00:00+00:00,LUCKNOW_001,28.1,994.0,90.0,False,NORMAL
2025-09-13 02:00:00+00:00,LUCKNOW_001,29.9,994.8,84.0,False,NORMAL
2025-09-13 03:00:00+00:00,LUCKNOW_001,30.2,995.1,82.0,False,NORMAL
2025-09-13 04:00:00+00:00,LUCKNOW_001,30.5,995.3,79.0,False,NORMAL
2025-09-13 05:00:00+00:00,LUCKNOW_001,32.0,995.3,71.0,False,NORMAL
2025-09-13 06:00:00+00:00,LUCKNOW_001,33.5,995.0,63.0,False,NORMAL
2025-09-13 07:00:00+00:00,LUCKNOW_001,33.4,993.9,63.0,False,NORMAL
2025-09-13 08:00:00+00:00,LUCKNOW_001,34.2,993.3,62.0,False,NORMAL
2025-09-13 09:00:00+00:00,LUCKNOW_001,34.2,992.3,62.0,False,NORMAL
2025-09-13 10:00:00+00:00,LUCKNOW_001,32.5,991.0,71.0,False,NORMAL
2025-09-13 11:00:00+00:00,LUCKNOW_001,32.8,990.9,70.0,False,NORMAL
2025-09-13 12:00:00+00:00,LUCKNOW_001,32.7,991.0,73.0,False,NORMAL
2025-09-13 13:00:00+00:00,LUCKNOW_001,32.3,991.7,76.0,False,NORMAL
2025-09-13 14:00:00+00:00,LUCKNOW_001,31.4,992.1,79.0,False,NORMAL
2025-09-13 15:00:00+00:00,LUCKNOW_001,29.4,992.5,87.0,False,NORMAL
2025-09-13 16:00:00+00:00,LUCKNOW_001,29.5,992.9,88.0,False,NORMAL
2025-09-13 17:00:00+00:00,LUCKNOW_001,28.6,993.1,91.0,False,NORMAL
2025-09-13 18:00:00+00:00,LUCKNOW_001,28.8,993.1,91.0,False,NORMAL
2025-09-13 19:00:00+00:00,LUCKNOW_001,28.6,993.0,92.0,False,NORMAL
2025-09-13 20:00:00+00:00,LUCKNOW_001,28.4,993.1,92.0,False,NORMAL
2025-09-13 21:00:00+00:00,LUCKNOW_001,28.4,992.5,93.0,False,NORMAL
2025-09-13 22:00:00+00:00,LUCKNOW_001,27.3,992.0,96.0,False,NORMAL
2025-09-13 23:00:00+00:00,LUCKNOW_001,27.4,992.8,95.0,False,NORMAL
2025-09-14 00:00:00+00:00,LUCKNOW_001,28.6,992.7,89.0,False,NORMAL
2025-09-14 01:00:00+00:00,LUCKNOW_001,28.7,993.3,89.0,False,NORMAL
2025-09-14 02:00:00+00:00,LUCKNOW_001,30.1,994.0,85.0,False,NORMAL
2025-09-14 03:00:00+00:00,LUCKNOW_001,30.6,994.1,83.0,False,NORMAL
2025-09-14 04:00:00+00:00,LUCKNOW_001,30.6,994.3,83.0,False,NORMAL
2025-09-14 05:00:00+00:00,LUCKNOW_001,32.3,994.1,77.0,False,NORMAL
2025-09-14 06:00:00+00:00,LUCKNOW_001,33.4,993.8,73.0,False,NORMAL
2025-09-14 07:00:00+00:00,LUCKNOW_001,33.6,993.1,73.0,False,NORMAL
2025-09-14 08:00:00+00:00,LUCKNOW_001,34.2,992.2,71.0,False,NORMAL
2025-09-14 09:00:00+00:00,LUCKNOW_001,34.7,991.7,64.0,False,NORMAL
2025-09-14 10:00:00+00:00,LUCKNOW_001,32.9,990.5,74.0,False,NORMAL
2025-09-14 11:00:00+00:00,LUCKNOW_001,32.4,991.2,75.0,False,NORMAL
2025-09-14 12:00:00+00:00,LUCKNOW_001,32.5,990.6,73.0,False,NORMAL
2025-09-14 13:00:00+00:00,LUCKNOW_001,32.8,991.5,72.0,False,NORMAL
2025-09-14 14:00:00+00:00,LUCKNOW_001,31.3,992.3,82.0,False,NORMAL
2025-09-14 15:00:00+00:00,LUCKNOW_001,29.1,992.6,89.0,False,NORMAL
2025-09-14 16:00:00+00:00,LUCKNOW_001,29.1,992.8,90.0,False,NORMAL
2025-09-14 17:00:00+00:00,LUCKNOW_001,28.7,992.7,90.0,False,NORMAL
2025-09-14 18:00:00+00:00,LUCKNOW_001,28.6,992.6,91.0,False,NORMAL
2025-09-14 19:00:00+00:00,LUCKNOW_001,28.4,992.2,91.0,False,NORMAL
2025-09-14 20:00:00+00:00,LUCKNOW_001,27.9,991.4,93.0,False,NORMAL
2025-09-14 21:00:00+00:00,LUCKNOW_001,27.7,991.1,95.0,False,NORMAL
2025-09-14 22:00:00+00:00,LUCKNOW_001,27.0,990.7,96.0,False,NORMAL
2025-09-14 23:00:00+00:00,LUCKNOW_001,27.2,991.0,93.0,False,NORMAL
2025-09-15 00:00:00+00:00,LUCKNOW_001,28.0,991.1,92.0,False,NORMAL
2025-09-15 01:00:00+00:00,LUCKNOW_001,28.3,991.7,91.0,False,NORMAL
2025-09-15 02:00:00+00:00,LUCKNOW_001,29.0,992.1,89.0,False,NORMAL
2025-09-15 03:00:00+00:00,LUCKNOW_001,29.4,992.6,87.0,False,NORMAL
2025-09-15 04:00:00+00:00,LUCKNOW_001,30.1,992.9,84.0,False,NORMAL
2025-09-15 05:00:00+00:00,LUCKNOW_001,30.7,992.7,80.0,False,NORMAL
2025-09-15 06:00:00+00:00,LUCKNOW_001,32.1,992.8,73.0,False,NORMAL
2025-09-15 07:00:00+00:00,LUCKNOW_001,32.4,992.1,70.0,False,NORMAL
2025-09-15 08:00:00+00:00,LUCKNOW_001,31.4,991.3,72.0,False,NORMAL
2025-09-15 09:00:00+00:00,LUCKNOW_001,30.4,990.2,76.0,False,NORMAL
2025-09-15 10:00:00+00:00,LUCKNOW_001,28.7,989.2,93.0,False,NORMAL
2025-09-15 11:00:00+00:00,LUCKNOW_001,28.8,989.2,87.0,False,NORMAL
2025-09-15 12:00:00+00:00,LUCKNOW_001,28.4,989.2,86.0,False,NORMAL
2025-09-15 13:00:00+00:00,LUCKNOW_001,28.2,989.6,87.0,False,NORMAL
2025-09-15 14:00:00+00:00,LUCKNOW_001,27.9,990.8,85.0,False,NORMAL
2025-09-15 15:00:00+00:00,LUCKNOW_001,26.7,992.0,90.0,False,NORMAL
2025-09-15 16:00:00+00:00,LUCKNOW_001,26.5,992.4,91.0,False,NORMAL
2025-09-15 17:00:00+00:00,LUCKNOW_001,26.6,992.6,92.0,False,NORMAL
2025-09-15 18:00:00+00:00,LUCKNOW_001,26.6,992.4,92.0,False,NORMAL
2025-09-15 19:00:00+00:00,LUCKNOW_001,26.7,991.9,92.0,False,NORMAL
2025-09-15 20:00:00+00:00,LUCKNOW_001,26.5,991.2,93.0,False,NORMAL
2025-09-15 21:00:00+00:00,LUCKNOW_001,26.5,991.0,94.0,False,NORMAL
2025-09-15 22:00:00+00:00,LUCKNOW_001,26.0,990.9,96.0,False,NORMAL
2025-09-15 23:00:00+00:00,LUCKNOW_001,26.0,991.5,97.0,False,NORMAL
2025-09-16 00:00:00+00:00,LUCKNOW_001,26.5,991.1,95.0,False,NORMAL
2025-09-16 01:00:00+00:00,LUCKNOW_001,26.4,991.7,96.0,False,NORMAL
2025-09-16 02:00:00+00:00,LUCKNOW_001,26.4,992.5,96.0,False,NORMAL
2025-09-16 03:00:00+00:00,LUCKNOW_001,26.0,992.9,99.0,False,NORMAL
2025-09-16 04:00:00+00:00,LUCKNOW_001,25.7,993.0,100.0,False,NORMAL
2025-09-16 05:00:00+00:00,LUCKNOW_001,26.4,992.8,97.0,False,NORMAL
2025-09-16 06:00:00+00:00,LUCKNOW_001,27.4,992.4,94.0,False,NORMAL
2025-09-16 07:00:00+00:00,LUCKNOW_001,27.7,991.6,92.0,False,NORMAL
2025-09-16 08:00:00+00:00,LUCKNOW_001,28.7,990.5,88.0,False,NORMAL
2025-09-16 09:00:00+00:00,LUCKNOW_001,29.1,990.0,85.0,False,NORMAL
2025-09-16 10:00:00+00:00,LUCKNOW_001,29.2,989.0,84.0,False,NORMAL
2025-09-16 11:00:00+00:00,LUCKNOW_001,29.3,989.3,82.0,False,NORMAL
2025-09-16 12:00:00+00:00,LUCKNOW_001,29.0,989.3,82.0,False,NORMAL
2025-09-16 13:00:00+00:00,LUCKNOW_001,29.2,990.0,82.0,False,NORMAL
2025-09-16 14:00:00+00:00,LUCKNOW_001,28.9,991.0,84.0,False,NORMAL
2025-09-16 15:00:00+00:00,LUCKNOW_001,27.6,992.0,90.0,False,NORMAL
2025-09-16 16:00:00+00:00,LUCKNOW_001,27.4,992.4,92.0,False,NORMAL
2025-09-16 17:00:00+00:00,LUCKNOW_001,26.9,992.2,93.0,False,NORMAL
2025-09-16 18:00:00+00:00,LUCKNOW_001,26.4,992.3,93.0,False,NORMAL
2025-09-16 19:00:00+00:00,LUCKNOW_001,26.3,991.7,93.0,False,NORMAL
2025-09-16 20:00:00+00:00,LUCKNOW_001,26.0,991.5,96.0,False,NORMAL
2025-09-16 21:00:00+00:00,LUCKNOW_001,25.9,990.9,97.0,False,NORMAL
2025-09-16 22:00:00+00:00,LUCKNOW_001,26.0,990.5,94.0,False,NORMAL
2025-09-16 23:00:00+00:00,LUCKNOW_001,25.9,991.1,95.0,False,NORMAL
2025-09-17 00:00:00+00:00,LUCKNOW_001,26.8,991.1,92.0,False,NORMAL
2025-09-17 01:00:00+00:00,LUCKNOW_001,26.8,991.5,91.0,False,NORMAL
2025-09-17 02:00:00+00:00,LUCKNOW_001,27.0,992.7,91.0,False,NORMAL
2025-09-17 03:00:00+00:00,LUCKNOW_001,27.0,993.4,93.0,False,NORMAL
2025-09-17 04:00:00+00:00,LUCKNOW_001,27.0,993.4,94.0,False,NORMAL
2025-09-17 05:00:00+00:00,LUCKNOW_001,28.1,993.3,87.0,False,NORMAL
2025-09-17 06:00:00+00:00,LUCKNOW_001,29.0,992.8,85.0,False,NORMAL
2025-09-17 07:00:00+00:00,LUCKNOW_001,28.8,992.2,88.0,False,NORMAL
2025-09-17 08:00:00+00:00,LUCKNOW_001,28.5,991.3,87.0,False,NORMAL
2025-09-17 09:00:00+00:00,LUCKNOW_001,28.9,989.5,86.0,False,NORMAL
2025-09-17 10:00:00+00:00,LUCKNOW_001,26.3,989.3,96.0,False,NORMAL
2025-09-17 11:00:00+00:00,LUCKNOW_001,26.4,989.6,96.0,False,NORMAL
2025-09-17 12:00:00+00:00,LUCKNOW_001,26.8,989.2,94.0,False,NORMAL
2025-09-17 13:00:00+00:00,LUCKNOW_001,27.2,990.4,92.0,False,NORMAL
2025-09-17 14:00:00+00:00,LUCKNOW_001,27.0,991.2,92.0,False,NORMAL
2025-09-17 15:00:00+00:00,LUCKNOW_001,26.3,992.1,95.0,False,NORMAL
2025-09-17 16:00:00+00:00,LUCKNOW_001,26.4,992.4,92.0,False,NORMAL
2025-09-17 17:00:00+00:00,LUCKNOW_001,26.2,992.5,95.0,False,NORMAL
2025-09-17 18:00:00+00:00,LUCKNOW_001,26.1,992.6,95.0,False,NORMAL
2025-09-17 19:00:00+00:00,LUCKNOW_001,25.9,991.9,96.0,False,NORMAL
2025-09-17 20:00:00+00:00,LUCKNOW_001,26.1,991.9,93.0,False,NORMAL
2025-09-17 21:00:00+00:00,LUCKNOW_001,26.1,991.2,95.0,False,NORMAL
2025-09-17 22:00:00+00:00,LUCKNOW_001,25.6,991.0,97.0,False,NORMAL
2025-09-17 23:00:00+00:00,LUCKNOW_001,25.5,991.7,97.0,False,NORMAL
2025-09-18 00:00:00+00:00,LUCKNOW_001,26.3,991.6,95.0,False,NORMAL
2025-09-18 01:00:00+00:00,LUCKNOW_001,26.4,992.3,95.0,False,NORMAL
2025-09-18 02:00:00+00:00,LUCKNOW_001,27.3,993.0,91.0,False,NORMAL
2025-09-18 03:00:00+00:00,LUCKNOW_001,27.9,993.5,88.0,False,NORMAL
2025-09-18 04:00:00+00:00,LUCKNOW_001,28.2,993.9,88.0,False,NORMAL
2025-09-18 05:00:00+00:00,LUCKNOW_001,29.5,994.0,82.0,False,NORMAL
2025-09-18 06:00:00+00:00,LUCKNOW_001,30.6,993.4,76.0,False,NORMAL
2025-09-18 07:00:00+00:00,LUCKNOW_001,30.4,992.7,79.0,False,NORMAL
2025-09-18 08:00:00+00:00,LUCKNOW_001,30.3,991.5,79.0,False,NORMAL
2025-09-18 09:00:00+00:00,LUCKNOW_001,29.4,990.6,82.0,False,NORMAL
2025-09-18 10:00:00+00:00,LUCKNOW_001,28.9,989.1,86.0,False,NORMAL
2025-09-18 11:00:00+00:00,LUCKNOW_001,29.0,990.2,86.0,False,NORMAL
2025-09-18 12:00:00+00:00,LUCKNOW_001,28.4,990.0,86.0,False,NORMAL
2025-09-18 13:00:00+00:00,LUCKNOW_001,27.9,991.0,88.0,False,NORMAL
2025-09-18 14:00:00+00:00,LUCKNOW_001,27.3,991.5,91.0,False,NORMAL
2025-09-18 15:00:00+00:00,LUCKNOW_001,26.2,992.3,95.0,False,NORMAL
2025-09-18 16:00:00+00:00,LUCKNOW_001,26.2,992.8,97.0,False,NORMAL
2025-09-18 17:00:00+00:00,LUCKNOW_001,26.1,992.8,97.0,False,NORMAL
2025-09-18 18:00:00+00:00,LUCKNOW_001,25.8,993.0,97.0,False,NORMAL
2025-09-18 19:00:00+00:00,LUCKNOW_001,25.9,992.7,97.0,False,NORMAL
2025-09-18 20:00:00+00:00,LUCKNOW_001,25.5,992.6,97.0,False,NORMAL
2025-09-18 21:00:00+00:00,LUCKNOW_001,25.6,992.2,96.0,False,NORMAL
2025-09-18 22:00:00+00:00,LUCKNOW_001,25.5,991.7,97.0,False,NORMAL
2025-09-18 23:00:00+00:00,LUCKNOW_001,25.5,992.1,97.0,False,NORMAL
2025-09-19 00:00:00+00:00,LUCKNOW_001,26.4,992.5,94.0,False,NORMAL
2025-09-19 01:00:00+00:00,LUCKNOW_001,26.6,993.0,94.0,False,NORMAL
2025-09-19 02:00:00+00:00,LUCKNOW_001,26.7,994.0,94.0,False,NORMAL
2025-09-19 03:00:00+00:00,LUCKNOW_001,26.8,994.2,95.0,False,NORMAL
2025-09-19 04:00:00+00:00,LUCKNOW_001,26.8,994.0,95.0,False,NORMAL
2025-09-19 05:00:00+00:00,LUCKNOW_001,28.2,994.0,89.0,False,NORMAL
2025-09-19 06:00:00+00:00,LUCKNOW_001,29.5,993.7,84.0,False,NORMAL
2025-09-19 07:00:00+00:00,LUCKNOW_001,30.3,992.7,76.0,False,NORMAL
2025-09-19 08:00:00+00:00,LUCKNOW_001,30.4,992.1,75.0,False,NORMAL
2025-09-19 09:00:00+00:00,LUCKNOW_001,30.5,990.8,76.0,False,NORMAL
2025-09-19 10:00:00+00:00,LUCKNOW_001,30.8,989.8,79.0,False,NORMAL
2025-09-19 11:00:00+00:00,LUCKNOW_001,30.3,990.2,79.0,False,NORMAL
2025-09-19 12:00:00+00:00,LUCKNOW_001,29.0,989.8,85.0,False,NORMAL
2025-09-19 13:00:00+00:00,LUCKNOW_001,29.2,991.4,83.0,False,NORMAL
2025-09-19 14:00:00+00:00,LUCKNOW_001,28.5,991.8,87.0,False,NORMAL
2025-09-19 15:00:00+00:00,LUCKNOW_001,27.5,992.5,92.0,False,NORMAL
2025-09-19 16:00:00+00:00,LUCKNOW_001,27.5,992.8,93.0,False,NORMAL
2025-09-19 17:00:00+00:00,LUCKNOW_001,27.1,992.6,94.0,False,NORMAL
2025-09-19 18:00:00+00:00,LUCKNOW_001,27.2,992.8,94.0,False,NORMAL
2025-09-19 19:00:00+00:00,LUCKNOW_001,27.2,992.4,94.0,False,NORMAL
2025-09-19 20:00:00+00:00,LUCKNOW_001,26.8,992.2,96.0,False,NORMAL
2025-09-19 21:00:00+00:00,LUCKNOW_001,26.5,991.8,97.0,False,NORMAL
2025-09-19 22:00:00+00:00,LUCKNOW_001,26.4,991.5,96.0,False,NORMAL
2025-09-19 23:00:00+00:00,LUCKNOW_001,26.2,991.7,97.0,False,NORMAL
2025-09-20 00:00:00+00:00,LUCKNOW_001,27.1,991.7,94.0,False,NORMAL
2025-09-20 01:00:00+00:00,LUCKNOW_001,27.1,992.6,94.0,False,NORMAL
2025-09-20 02:00:00+00:00,LUCKNOW_001,28.0,993.1,92.0,False,NORMAL
2025-09-20 03:00:00+00:00,LUCKNOW_001,28.3,993.7,91.0,False,NORMAL
2025-09-20 04:00:00+00:00,LUCKNOW_001,28.5,993.7,88.0,False,NORMAL
2025-09-20 05:00:00+00:00,LUCKNOW_001,29.7,993.7,83.0,False,NORMAL
2025-09-20 06:00:00+00:00,LUCKNOW_001,32.2,993.2,71.0,False,NORMAL
2025-09-20 07:00:00+00:00,LUCKNOW_001,32.2,992.2,71.0,False,NORMAL
2025-09-20 08:00:00+00:00,LUCKNOW_001,32.9,991.2,66.0,False,NORMAL
2025-09-20 09:00:00+00:00,LUCKNOW_001,33.2,990.3,65.0,False,NORMAL
2025-09-20 10:00:00+00:00,LUCKNOW_001,31.8,989.6,75.0,False,NORMAL
2025-09-20 11:00:00+00:00,LUCKNOW_001,31.7,989.3,76.0,False,NORMAL
2025-09-20 12:00:00+00:00,LUCKNOW_001,31.7,988.9,77.0,False,NORMAL
2025-09-20 13:00:00+00:00,LUCKNOW_001,31.1,989.5,81.0,False,NORMAL
2025-09-20 14:00:00+00:00,LUCKNOW_001,30.2,990.4,84.0,False,NORMAL
2025-09-20 15:00:00+00:00,LUCKNOW_001,28.8,991.0,91.0,False,NORMAL
2025-09-20 16:00:00+00:00,LUCKNOW_001,28.5,991.7,94.0,False,NORMAL
2025-09-20 17:00:00+00:00,LUCKNOW_001,28.1,991.6,94.0,False,NORMAL
2025-09-20 18:00:00+00:00,LUCKNOW_001,27.9,992.1,95.0,False,NORMAL
2025-09-20 19:00:00+00:00,LUCKNOW_001,27.9,991.6,95.0,False,NORMAL
2025-09-20 20:00:00+00:00,LUCKNOW_001,27.5,991.6,96.0,False,NORMAL
2025-09-20 21:00:00+00:00,LUCKNOW_001,27.7,991.2,95.0,False,NORMAL
2025-09-20 22:00:00+00:00,LUCKNOW_001,27.4,990.9,94.0,False,NORMAL
2025-09-20 23:00:00+00:00,LUCKNOW_001,27.1,990.8,95.0,False,NORMAL
2025-09-21 00:00:00+00:00,LUCKNOW_001,27.6,990.9,92.0,False,NORMAL
2025-09-21 01:00:00+00:00,LUCKNOW_001,27.8,991.7,92.0,False,NORMAL
2025-09-21 02:00:00+00:00,LUCKNOW_001,28.8,992.2,91.0,False,NORMAL
2025-09-21 03:00:00+00:00,LUCKNOW_001,29.0,992.6,90.0,False,NORMAL
2025-09-21 04:00:00+00:00,LUCKNOW_001,29.5,992.5,85.0,False,NORMAL
2025-09-21 05:00:00+00:00,LUCKNOW_001,30.9,992.3,77.0,False,NORMAL
2025-09-21 06:00:00+00:00,LUCKNOW_001,33.5,991.9,66.0,False,NORMAL
2025-09-21 07:00:00+00:00,LUCKNOW_001,33.7,991.1,63.0,False,NORMAL
2025-09-21 08:00:00+00:00,LUCKNOW_001,34.5,990.4,60.0,False,NORMAL
2025-09-21 09:00:00+00:00,LUCKNOW_001,34.5,989.3,60.0,False,NORMAL
2025-09-21 10:00:00+00:00,LUCKNOW_001,33.3,988.9,63.0,False,NORMAL
2025-09-21 11:00:00+00:00,LUCKNOW_001,33.2,988.3,65.0,False,NORMAL
2025-09-21 12:00:00+00:00,LUCKNOW_001,32.7,988.1,66.0,False,NORMAL
2025-09-21 13:00:00+00:00,LUCKNOW_001,32.2,988.6,68.0,False,NORMAL
2025-09-21 14:00:00+00:00,LUCKNOW_001,31.1,989.4,74.0,False,NORMAL
2025-09-21 15:00:00+00:00,LUCKNOW_001,28.2,990.5,87.0,False,NORMAL
2025-09-21 16:00:00+00:00,LUCKNOW_001,27.9,991.3,89.0,False,NORMAL
2025-09-21 17:00:00+00:00,LUCKNOW_001,27.5,991.5,91.0,False,NORMAL
2025-09-21 18:00:00+00:00,LUCKNOW_001,27.1,991.6,93.0,False,NORMAL
2025-09-21 19:00:00+00:00,LUCKNOW_001,26.9,991.5,94.0,False,NORMAL
2025-09-21 20:00:00+00:00,LUCKNOW_001,26.6,991.2,95.0,False,NORMAL
2025-09-21 21:00:00+00:00,LUCKNOW_001,26.9,991.0,94.0,False,NORMAL
2025-09-21 22:00:00+00:00,LUCKNOW_001,26.5,990.7,95.0,False,NORMAL
2025-09-21 23:00:00+00:00,LUCKNOW_001,26.3,990.8,95.0,False,NORMAL
2025-09-22 00:00:00+00:00,LUCKNOW_001,27.7,991.3,89.0,False,NORMAL
2025-09-22 01:00:00+00:00,LUCKNOW_001,28.1,991.6,88.0,False,NORMAL
2025-09-22 02:00:00+00:00,LUCKNOW_001,29.5,992.5,84.0,False,NORMAL
2025-09-22 03:00:00+00:00,LUCKNOW_001,29.9,992.7,83.0,False,NORMAL
2025-09-22 04:00:00+00:00,LUCKNOW_001,30.3,992.9,81.0,False,NORMAL
2025-09-22 05:00:00+00:00,LUCKNOW_001,32.1,992.4,72.0,False,NORMAL
2025-09-22 06:00:00+00:00,LUCKNOW_001,33.1,992.4,66.0,False,NORMAL
2025-09-22 07:00:00+00:00,LUCKNOW_001,33.3,991.4,66.0,False,NORMAL
2025-09-22 08:00:00+00:00,LUCKNOW_001,33.7,990.9,64.0,False,NORMAL
2025-09-22 09:00:00+00:00,LUCKNOW_001,33.8,989.9,63.0,False,NORMAL
2025-09-22 10:00:00+00:00,LUCKNOW_001,32.6,989.0,69.0,False,NORMAL
2025-09-22 11:00:00+00:00,LUCKNOW_001,32.4,989.1,71.0,False,NORMAL
2025-09-22 12:00:00+00:00,LUCKNOW_001,32.2,988.9,71.0,False,NORMAL
2025-09-22 13:00:00+00:00,LUCKNOW_001,32.1,988.9,72.0,False,NORMAL
2025-09-22 14:00:00+00:00,LUCKNOW_001,31.0,990.1,76.0,False,NORMAL
2025-09-22 15:00:00+00:00,LUCKNOW_001,29.2,990.8,85.0,False,NORMAL
2025-09-22 16:00:00+00:00,LUCKNOW_001,28.7,991.6,88.0,False,NORMAL
2025-09-22 17:00:00+00:00,LUCKNOW_001,28.3,991.9,91.0,False,NORMAL
2025-09-22 18:00:00+00:00,LUCKNOW_001,28.0,991.6,92.0,False,NORMAL
2025-09-22 19:00:00+00:00,LUCKNOW_001,28.0,991.3,92.0,False,NORMAL
2025-09-22 20:00:00+00:00,LUCKNOW_001,27.6,991.4,93.0,False,NORMAL
2025-09-22 21:00:00+00:00,LUCKNOW_001,27.3,990.8,95.0,False,NORMAL
2025-09-22 22:00:00+00:00,LUCKNOW_001,26.7,990.9,95.0,False,NORMAL
2025-09-22 23:00:00+00:00,LUCKNOW_001,26.7,991.0,95.0,False,NORMAL
2025-09-23 00:00:00+00:00,LUCKNOW_001,28.2,991.0,88.0,False,NORMAL
2025-09-23 01:00:00+00:00,LUCKNOW_001,28.2,991.1,87.0,False,NORMAL
2025-09-23 02:00:00+00:00,LUCKNOW_001,29.4,991.6,85.0,False,NORMAL
2025-09-23 03:00:00+00:00,LUCKNOW_001,29.7,992.4,84.0,False,NORMAL
2025-09-23 04:00:00+00:00,LUCKNOW_001,30.2,992.6,83.0,False,NORMAL
2025-09-23 05:00:00+00:00,LUCKNOW_001,32.2,992.2,73.0,False,NORMAL
2025-09-23 06:00:00+00:00,LUCKNOW_001,34.3,992.2,62.0,False,NORMAL
2025-09-23 07:00:00+00:00,LUCKNOW_001,34.1,991.2,62.0,False,NORMAL
2025-09-23 08:00:00+00:00,LUCKNOW_001,35.0,990.1,61.0,False,NORMAL
2025-09-23 09:00:00+00:00,LUCKNOW_001,35.1,989.3,61.0,False,NORMAL
2025-09-23 10:00:00+00:00,LUCKNOW_001,33.6,988.5,65.0,False,NORMAL
2025-09-23 11:00:00+00:00,LUCKNOW_001,33.5,988.3,66.0,False,NORMAL
2025-09-23 12:00:00+00:00,LUCKNOW_001,33.1,988.4,68.0,False,NORMAL
2025-09-23 13:00:00+00:00,LUCKNOW_001,32.7,988.3,72.0,False,NORMAL
2025-09-23 14:00:00+00:00,LUCKNOW_001,31.5,988.8,76.0,False,NORMAL
2025-09-23 15:00:00+00:00,LUCKNOW_001,29.5,989.6,85.0,False,NORMAL
2025-09-23 16:00:00+00:00,LUCKNOW_001,29.0,990.1,89.0,False,NORMAL
2025-09-23 17:00:00+00:00,LUCKNOW_001,28.4,990.2,91.0,False,NORMAL
2025-09-23 18:00:00+00:00,LUCKNOW_001,28.1,989.9,91.0,False,NORMAL
2025-09-23 19:00:00+00:00,LUCKNOW_001,27.9,989.9,93.0,False,NORMAL
2025-09-23 20:00:00+00:00,LUCKNOW_001,27.3,989.7,94.0,False,NORMAL
2025-09-23 21:00:00+00:00,LUCKNOW_001,27.2,989.1,95.0,False,NORMAL
2025-09-23 22:00:00+00:00,LUCKNOW_001,26.7,989.1,95.0,False,NORMAL
2025-09-23 23:00:00+00:00,LUCKNOW_001,26.7,988.9,95.0,False,NORMAL
2025-09-24 00:00:00+00:00,LUCKNOW_001,28.3,989.1,88.0,False,NORMAL
2025-09-24 01:00:00+00:00,LUCKNOW_001,28.3,989.2,88.0,False,NORMAL
2025-09-24 02:00:00+00:00,LUCKNOW_001,29.7,989.9,84.0,False,NORMAL
2025-09-24 03:00:00+00:00,LUCKNOW_001,30.2,990.0,83.0,False,NORMAL
2025-09-24 04:00:00+00:00,LUCKNOW_001,30.7,990.3,80.0,False,NORMAL
2025-09-24 05:00:00+00:00,LUCKNOW_001,32.4,990.3,70.0,False,NORMAL
2025-09-24 06:00:00+00:00,LUCKNOW_001,34.4,989.8,61.0,False,NORMAL
2025-09-24 07:00:00+00:00,LUCKNOW_001,34.7,989.4,61.0,False,NORMAL
2025-09-24 08:00:00+00:00,LUCKNOW_001,35.7,988.2,60.0,False,NORMAL
2025-09-24 09:00:00+00:00,LUCKNOW_001,35.8,987.3,60.0,False,NORMAL
2025-09-24 10:00:00+00:00,LUCKNOW_001,33.5,986.9,68.0,False,NORMAL
2025-09-24 11:00:00+00:00,LUCKNOW_001,33.3,986.9,70.0,False,NORMAL
2025-09-24 12:00:00+00:00,LUCKNOW_001,32.9,986.9,74.0,False,NORMAL
2025-09-24 13:00:00+00:00,LUCKNOW_001,33.5,987.6,73.0,False,NORMAL
2025-09-24 14:00:00+00:00,LUCKNOW_001,32.6,988.2,74.0,False,NORMAL
2025-09-24 15:00:00+00:00,LUCKNOW_001,29.9,988.9,87.0,False,NORMAL
2025-09-24 16:00:00+00:00,LUCKNOW_001,29.8,989.3,87.0,False,NORMAL
2025-09-24 17:00:00+00:00,LUCKNOW_001,28.9,989.2,89.0,False,NORMAL
2025-09-24 18:00:00+00:00,LUCKNOW_001,28.7,989.4,91.0,False,NORMAL
2025-09-24 19:00:00+00:00,LUCKNOW_001,28.7,989.3,91.0,False,NORMAL
2025-09-24 20:00:00+00:00,LUCKNOW_001,27.9,989.6,92.0,False,NORMAL
2025-09-24 21:00:00+00:00,LUCKNOW_001,27.5,989.0,94.0,False,NORMAL
2025-09-24 22:00:00+00:00,LUCKNOW_001,27.5,989.1,97.0,False,NORMAL
2025-09-24 23:00:00+00:00,LUCKNOW_001,27.5,988.9,96.0,False,NORMAL
2025-09-25 00:00:00+00:00,LUCKNOW_001,28.7,989.2,92.0,False,NORMAL
2025-09-25 01:00:00+00:00,LUCKNOW_001,28.8,990.0,92.0,False,NORMAL
2025-09-25 02:00:00+00:00,LUCKNOW_001,29.7,990.7,88.0,False,NORMAL
2025-09-25 03:00:00+00:00,LUCKNOW_001,30.1,991.5,87.0,False,NORMAL
2025-09-25 04:00:00+00:00,LUCKNOW_001,30.3,991.7,85.0,False,NORMAL
2025-09-25 05:00:00+00:00,LUCKNOW_001,32.1,991.4,79.0,False,NORMAL
2025-09-25 06:00:00+00:00,LUCKNOW_001,33.9,991.2,70.0,False,NORMAL
2025-09-25 07:00:00+00:00,LUCKNOW_001,33.7,990.5,70.0,False,NORMAL
2025-09-25 08:00:00+00:00,LUCKNOW_001,34.2,989.9,67.0,False,NORMAL
2025-09-25 09:00:00+00:00,LUCKNOW_001,34.0,989.1,68.0,False,NORMAL
2025-09-25 10:00:00+00:00,LUCKNOW_001,32.0,988.7,76.0,False,NORMAL
2025-09-25 11:00:00+00:00,LUCKNOW_001,32.3,988.4,75.0,False,NORMAL
2025-09-25 12:00:00+00:00,LUCKNOW_001,32.5,988.4,75.0,False,NORMAL
2025-09-25 13:00:00+00:00,LUCKNOW_001,32.6,989.0,77.0,False,NORMAL
2025-09-25 14:00:00+00:00,LUCKNOW_001,31.6,989.8,80.0,False,NORMAL
2025-09-25 15:00:00+00:00,LUCKNOW_001,29.6,990.5,91.0,False,NORMAL
2025-09-25 16:00:00+00:00,LUCKNOW_001,29.3,991.0,93.0,False,NORMAL
2025-09-25 17:00:00+00:00,LUCKNOW_001,28.7,991.0,96.0,False,NORMAL
2025-09-25 18:00:00+00:00,LUCKNOW_001,28.6,991.2,97.0,False,NORMAL
2025-09-25 19:00:00+00:00,LUCKNOW_001,28.6,991.0,97.0,False,NORMAL
2025-09-25 20:00:00+00:00,LUCKNOW_001,28.0,990.6,98.0,False,NORMAL
2025-09-25 21:00:00+00:00,LUCKNOW_001,27.9,990.3,99.0,False,NORMAL
2025-09-25 22:00:00+00:00,LUCKNOW_001,27.7,990.5,96.0,False,NORMAL
2025-09-25 23:00:00+00:00,LUCKNOW_001,27.6,990.3,96.0,False,NORMAL
2025-09-26 00:00:00+00:00,LUCKNOW_001,28.9,990.4,90.0,False,NORMAL
2025-09-26 01:00:00+00:00,LUCKNOW_001,29.1,990.7,89.0,False,NORMAL
2025-09-26 02:00:00+00:00,LUCKNOW_001,30.5,991.5,84.0,False,NORMAL
2025-09-26 03:00:00+00:00,LUCKNOW_001,30.8,992.1,83.0,False,NORMAL
2025-09-26 04:00:00+00:00,LUCKNOW_001,30.9,992.2,82.0,False,NORMAL
2025-09-26 05:00:00+00:00,LUCKNOW_001,31.9,992.2,76.0,False,NORMAL
2025-09-26 06:00:00+00:00,LUCKNOW_001,34.6,991.9,66.0,False,NORMAL
2025-09-26 07:00:00+00:00,LUCKNOW_001,34.8,991.2,65.0,False,NORMAL
2025-09-26 08:00:00+00:00,LUCKNOW_001,35.8,990.3,62.0,False,NORMAL
2025-09-26 09:00:00+00:00,LUCKNOW_001,35.6,989.4,63.0,False,NORMAL
2025-09-26 10:00:00+00:00,LUCKNOW_001,34.5,988.7,65.0,False,NORMAL
2025-09-26 11:00:00+00:00,LUCKNOW_001,34.5,988.6,66.0,False,NORMAL
2025-09-26 12:00:00+00:00,LUCKNOW_001,34.4,989.0,66.0,False,NORMAL
2025-09-26 13:00:00+00:00,LUCKNOW_001,33.8,989.5,72.0,False,NORMAL
2025-09-26 14:00:00+00:00,LUCKNOW_001,32.9,991.0,70.0,False,NORMAL
2025-09-26 15:00:00+00:00,LUCKNOW_001,31.3,992.0,81.0,False,NORMAL
2025-09-26 16:00:00+00:00,LUCKNOW_001,30.9,992.5,82.0,False,NORMAL
2025-09-26 17:00:00+00:00,LUCKNOW_001,29.3,992.7,88.0,False,NORMAL
2025-09-26 18:00:00+00:00,LUCKNOW_001,29.4,992.7,88.0,False,NORMAL
2025-09-26 19:00:00+00:00,LUCKNOW_001,28.7,992.7,91.0,False,NORMAL
2025-09-26 20:00:00+00:00,LUCKNOW_001,28.2,992.4,93.0,False,NORMAL
2025-09-26 21:00:00+00:00,LUCKNOW_001,27.9,992.0,94.0,False,NORMAL
2025-09-26 22:00:00+00:00,LUCKNOW_001,27.7,992.0,94.0,False,NORMAL
2025-09-26 23:00:00+00:00,LUCKNOW_001,27.6,992.3,93.0,False,NORMAL
2025-09-27 00:00:00+00:00,LUCKNOW_001,28.2,993.1,89.0,False,NORMAL
2025-09-27 01:00:00+00:00,LUCKNOW_001,28.1,993.5,89.0,False,NORMAL
2025-09-27 02:00:00+00:00,LUCKNOW_001,28.8,994.3,86.0,False,NORMAL
2025-09-27 03:00:00+00:00,LUCKNOW_001,29.1,994.9,85.0,False,NORMAL
2025-09-27 04:00:00+00:00,LUCKNOW_001,29.4,995.0,84.0,False,NORMAL
2025-09-27 05:00:00+00:00,LUCKNOW_001,31.1,995.4,78.0,False,NORMAL
2025-09-27 06:00:00+00:00,LUCKNOW_001,32.4,995.1,72.0,False,NORMAL
2025-09-27 07:00:00+00:00,LUCKNOW_001,32.5,994.2,71.0,False,NORMAL
2025-09-27 08:00:00+00:00,LUCKNOW_001,33.5,992.9,66.0,False,NORMAL
2025-09-27 09:00:00+00:00,LUCKNOW_001,33.7,991.7,66.0,False,NORMAL
2025-09-27 10:00:00+00:00,LUCKNOW_001,32.1,991.7,75.0,False,NORMAL
2025-09-27 11:00:00+00:00,LUCKNOW_001,32.1,991.3,75.0,False,NORMAL
2025-09-27 12:00:00+00:00,LUCKNOW_001,32.0,991.3,75.0,False,NORMAL
2025-09-27 13:00:00+00:00,LUCKNOW_001,31.8,991.7,75.0,False,NORMAL
2025-09-27 14:00:00+00:00,LUCKNOW_001,31.3,992.7,78.0,False,NORMAL
2025-09-27 15:00:00+00:00,LUCKNOW_001,30.0,993.2,85.0,False,NORMAL
2025-09-27 16:00:00+00:00,LUCKNOW_001,29.9,993.4,86.0,False,NORMAL
2025-09-27 17:00:00+00:00,LUCKNOW_001,29.7,993.6,87.0,False,NORMAL
2025-09-27 18:00:00+00:00,LUCKNOW_001,29.6,993.6,87.0,False,NORMAL
2025-09-27 19:00:00+00:00,LUCKNOW_001,29.3,993.5,87.0,False,NORMAL
2025-09-27 20:00:00+00:00,LUCKNOW_001,28.7,993.5,89.0,False,NORMAL
2025-09-27 21:00:00+00:00,LUCKNOW_001,28.7,992.8,88.0,False,NORMAL
2025-09-27 22:00:00+00:00,LUCKNOW_001,28.0,992.8,89.0,False,NORMAL
2025-09-27 23:00:00+00:00,LUCKNOW_001,28.0,993.4,89.0,False,NORMAL
2025-09-28 00:00:00+00:00,LUCKNOW_001,28.9,993.6,86.0,False,NORMAL
2025-09-28 01:00:00+00:00,LUCKNOW_001,28.8,994.1,87.0,False,NORMAL
2025-09-28 02:00:00+00:00,LUCKNOW_001,29.6,994.7,84.0,False,NORMAL
2025-09-28 03:00:00+00:00,LUCKNOW_001,29.9,994.9,82.0,False,NORMAL
2025-09-28 04:00:00+00:00,LUCKNOW_001,30.2,994.9,80.0,False,NORMAL
2025-09-28 05:00:00+00:00,LUCKNOW_001,31.3,994.7,74.0,False,NORMAL
2025-09-28 06:00:00+00:00,LUCKNOW_001,32.8,994.3,67.0,False,NORMAL
2025-09-28 07:00:00+00:00,LUCKNOW_001,33.3,993.3,64.0,False,NORMAL
2025-09-28 08:00:00+00:00,LUCKNOW_001,33.8,992.3,61.0,False,NORMAL
2025-09-28 09:00:00+00:00,LUCKNOW_001,34.1,991.5,60.0,False,NORMAL
2025-09-28 10:00:00+00:00,LUCKNOW_001,32.6,990.9,68.0,False,NORMAL
2025-09-28 11:00:00+00:00,LUCKNOW_001,32.8,990.7,68.0,False,NORMAL
2025-09-28 12:00:00+00:00,LUCKNOW_001,32.4,990.8,70.0,False,NORMAL
2025-09-28 13:00:00+00:00,LUCKNOW_001,32.0,991.5,73.0,False,NORMAL
2025-09-28 14:00:00+00:00,LUCKNOW_001,31.5,991.5,76.0,False,NORMAL
2025-09-28 15:00:00+00:00,LUCKNOW_001,29.8,992.4,83.0,False,NORMAL
2025-09-28 16:00:00+00:00,LUCKNOW_001,29.5,992.5,86.0,False,NORMAL
2025-09-28 17:00:00+00:00,LUCKNOW_001,28.9,992.8,88.0,False,NORMAL
2025-09-28 18:00:00+00:00,LUCKNOW_001,28.8,992.7,89.0,False,NORMAL
2025-09-28 19:00:00+00:00,LUCKNOW_001,28.7,992.8,89.0,False,NORMAL
2025-09-28 20:00:00+00:00,LUCKNOW_001,28.1,992.6,91.0,False,NORMAL
2025-09-28 21:00:00+00:00,LUCKNOW_001,28.1,992.2,91.0,False,NORMAL
2025-09-28 22:00:00+00:00,LUCKNOW_001,27.5,991.9,94.0,False,NORMAL
2025-09-28 23:00:00+00:00,LUCKNOW_001,27.5,992.1,93.0,False,NORMAL
2025-09-29 00:00:00+00:00,LUCKNOW_001,29.0,992.2,86.0,False,NORMAL
2025-09-29 01:00:00+00:00,LUCKNOW_001,28.8,992.9,87.0,False,NORMAL
2025-09-29 02:00:00+00:00,LUCKNOW_001,29.8,993.4,84.0,False,NORMAL
2025-09-29 03:00:00+00:00,LUCKNOW_001,30.3,993.6,82.0,False,NORMAL
2025-09-29 04:00:00+00:00,LUCKNOW_001,30.6,993.9,80.0,False,NORMAL
2025-09-29 05:00:00+00:00,LUCKNOW_001,32.0,993.6,74.0,False,NORMAL
2025-09-29 06:00:00+00:00,LUCKNOW_001,33.6,993.0,66.0,False,NORMAL
2025-09-29 07:00:00+00:00,LUCKNOW_001,33.9,992.1,64.0,False,NORMAL
2025-09-29 08:00:00+00:00,LUCKNOW_001,34.1,991.0,65.0,False,NORMAL
2025-09-29 09:00:00+00:00,LUCKNOW_001,34.6,990.3,62.0,False,NORMAL
2025-09-29 10:00:00+00:00,LUCKNOW_001,32.7,988.9,69.0,False,NORMAL
2025-09-29 11:00:00+00:00,LUCKNOW_001,32.5,989.4,72.0,False,NORMAL
2025-09-29 12:00:00+00:00,LUCKNOW_001,32.3,989.2,75.0,False,NORMAL
2025-09-29 13:00:00+00:00,LUCKNOW_001,31.9,989.8,76.0,False,NORMAL
2025-09-29 14:00:00+00:00,LUCKNOW_001,31.0,989.6,83.0,False,NORMAL
2025-09-29 15:00:00+00:00,LUCKNOW_001,29.4,990.5,89.0,False,NORMAL
2025-09-29 16:00:00+00:00,LUCKNOW_001,29.1,990.9,89.0,False,NORMAL
2025-09-29 17:00:00+00:00,LUCKNOW_001,28.9,990.5,91.0,False,NORMAL
2025-09-29 18:00:00+00:00,LUCKNOW_001,28.6,990.7,92.0,False,NORMAL
2025-09-29 19:00:00+00:00,LUCKNOW_001,28.5,990.5,92.0,False,NORMAL
2025-09-29 20:00:00+00:00,LUCKNOW_001,28.3,990.2,93.0,False,NORMAL
2025-09-29 21:00:00+00:00,LUCKNOW_001,27.8,989.8,93.0,False,NORMAL
2025-09-29 22:00:00+00:00,LUCKNOW_001,27.7,989.2,94.0,False,NORMAL
2025-09-29 23:00:00+00:00,LUCKNOW_001,27.9,988.9,93.0,False,NORMAL
2025-09-30 00:00:00+00:00,LUCKNOW_001,28.8,989.6,90.0,False,NORMAL
2025-09-30 01:00:00+00:00,LUCKNOW_001,28.8,990.2,89.0,False,NORMAL
2025-09-30 02:00:00+00:00,LUCKNOW_001,29.3,991.0,86.0,False,NORMAL
2025-09-30 03:00:00+00:00,LUCKNOW_001,29.4,991.5,85.0,False,NORMAL
2025-09-30 04:00:00+00:00,LUCKNOW_001,29.4,991.2,84.0,False,NORMAL
2025-09-30 05:00:00+00:00,LUCKNOW_001,31.4,991.0,77.0,False,NORMAL
2025-09-30 06:00:00+00:00,LUCKNOW_001,32.2,990.7,72.0,False,NORMAL
2025-09-30 07:00:00+00:00,LUCKNOW_001,32.2,989.7,72.0,False,NORMAL
2025-09-30 08:00:00+00:00,LUCKNOW_001,32.1,988.7,73.0,False,NORMAL
2025-09-30 09:00:00+00:00,LUCKNOW_001,32.2,987.5,71.0,False,NORMAL
2025-09-30 10:00:00+00:00,LUCKNOW_001,29.0,987.5,83.0,False,NORMAL
2025-09-30 11:00:00+00:00,LUCKNOW_001,27.7,988.5,91.0,False,NORMAL
2025-09-30 12:00:00+00:00,LUCKNOW_001,27.4,988.5,91.0,False,NORMAL
2025-09-30 13:00:00+00:00,LUCKNOW_001,27.6,989.3,90.0,False,NORMAL
2025-09-30 14:00:00+00:00,LUCKNOW_001,27.2,989.9,92.0,False,NORMAL
2025-09-30 15:00:00+00:00,LUCKNOW_001,26.3,990.3,94.0,False,NORMAL
2025-09-30 16:00:00+00:00,LUCKNOW_001,26.4,990.8,95.0,False,NORMAL
2025-09-30 17:00:00+00:00,LUCKNOW_001,26.3,990.9,96.0,False,NORMAL
2025-09-30 18:00:00+00:00,LUCKNOW_001,26.3,990.9,95.0,False,NORMAL
2025-09-30 19:00:00+00:00,LUCKNOW_001,26.1,991.2,96.0,False,NORMAL
2025-09-30 20:00:00+00:00,LUCKNOW_001,25.6,990.1,97.0,False,NORMAL
2025-09-30 21:00:00+00:00,LUCKNOW_001,25.5,989.7,96.0,False,NORMAL
2025-09-30 22:00:00+00:00,LUCKNOW_001,25.5,989.8,95.0,False,NORMAL
2025-09-30 23:00:00+00:00,LUCKNOW_001,25.4,989.1,96.0,False,NORMAL
2025-10-01 00:00:00+00:00,LUCKNOW_001,26.1,989.0,95.0,False,NORMAL
2025-10-01 01:00:00+00:00,LUCKNOW_001,26.1,989.8,95.0,False,NORMAL
2025-10-01 02:00:00+00:00,LUCKNOW_001,26.8,990.4,93.0,False,NORMAL
2025-10-01 03:00:00+00:00,LUCKNOW_001,27.3,990.6,92.0,False,NORMAL
2025-10-01 04:00:00+00:00,LUCKNOW_001,27.8,990.5,89.0,False,NORMAL
2025-10-01 05:00:00+00:00,LUCKNOW_001,29.7,991.0,81.0,False,NORMAL
2025-10-01 06:00:00+00:00,LUCKNOW_001,31.1,990.9,73.0,False,NORMAL
2025-10-01 07:00:00+00:00,LUCKNOW_001,31.4,990.3,71.0,False,NORMAL
2025-10-01 08:00:00+00:00,LUCKNOW_001,32.1,989.4,69.0,False,NORMAL
2025-10-01 09:00:00+00:00,LUCKNOW_001,31.7,988.2,71.0,False,NORMAL
2025-10-01 10:00:00+00:00,LUCKNOW_001,31.5,988.1,68.0,False,NORMAL
2025-10-01 11:00:00+00:00,LUCKNOW_001,31.5,988.2,68.0,False,NORMAL
2025-10-01 12:00:00+00:00,LUCKNOW_001,30.9,988.1,71.0,False,NORMAL
2025-10-01 13:00:00+00:00,LUCKNOW_001,30.6,989.0,71.0,False,NORMAL
2025-10-01 14:00:00+00:00,LUCKNOW_001,29.9,990.4,76.0,False,NORMAL
2025-10-01 15:00:00+00:00,LUCKNOW_001,28.8,991.4,80.0,False,NORMAL
2025-10-01 16:00:00+00:00,LUCKNOW_001,29.0,991.9,80.0,False,NORMAL
2025-10-01 17:00:00+00:00,LUCKNOW_001,27.8,991.9,87.0,False,NORMAL
2025-10-01 18:00:00+00:00,LUCKNOW_001,27.3,992.0,90.0,False,NORMAL
2025-10-01 19:00:00+00:00,LUCKNOW_001,27.3,992.2,90.0,False,NORMAL
2025-10-01 20:00:00+00:00,LUCKNOW_001,26.6,992.2,94.0,False,NORMAL
2025-10-01 21:00:00+00:00,LUCKNOW_001,26.7,991.6,93.0,False,NORMAL
2025-10-01 22:00:00+00:00,LUCKNOW_001,26.3,991.1,95.0,False,NORMAL
2025-10-01 23:00:00+00:00,LUCKNOW_001,26.5,991.2,93.0,False,NORMAL
2025-10-02 00:00:00+00:00,LUCKNOW_001,26.8,992.4,92.0,False,NORMAL
2025-10-02 01:00:00+00:00,LUCKNOW_001,26.9,993.7,90.0,False,NORMAL
2025-10-02 02:00:00+00:00,LUCKNOW_001,26.8,994.5,90.0,False,NORMAL
2025-10-02 03:00:00+00:00,LUCKNOW_001,26.7,995.7,90.0,False,NORMAL
2025-10-02 04:00:00+00:00,LUCKNOW_001,26.9,996.0,88.0,False,NORMAL
2025-10-02 05:00:00+00:00,LUCKNOW_001,28.3,996.0,80.0,False,NORMAL
2025-10-02 06:00:00+00:00,LUCKNOW_001,29.6,995.8,75.0,False,NORMAL
2025-10-02 07:00:00+00:00,LUCKNOW_001,29.8,994.8,73.0,False,NORMAL
2025-10-02 08:00:00+00:00,LUCKNOW_001,30.0,993.9,73.0,False,NORMAL
2025-10-02 09:00:00+00:00,LUCKNOW_001,29.9,993.5,74.0,False,NORMAL
2025-10-02 10:00:00+00:00,LUCKNOW_001,29.3,992.8,77.0,False,NORMAL
2025-10-02 11:00:00+00:00,LUCKNOW_001,29.1,992.8,78.0,False,NORMAL
2025-10-02 12:00:00+00:00,LUCKNOW_001,28.7,993.3,79.0,False,NORMAL
2025-10-02 13:00:00+00:00,LUCKNOW_001,28.5,994.4,80.0,False,NORMAL
2025-10-02 14:00:00+00:00,LUCKNOW_001,27.8,994.9,84.0,False,NORMAL
2025-10-02 15:00:00+00:00,LUCKNOW_001,26.6,995.8,89.0,False,NORMAL
2025-10-02 16:00:00+00:00,LUCKNOW_001,26.6,995.8,90.0,False,NORMAL
2025-10-02 17:00:00+00:00,LUCKNOW_001,26.0,996.0,91.0,False,NORMAL
2025-10-02 18:00:00+00:00,LUCKNOW_001,26.0,996.0,90.0,False,NORMAL
2025-10-02 19:00:00+00:00,LUCKNOW_001,25.7,995.8,90.0,False,NORMAL
2025-10-02 20:00:00+00:00,LUCKNOW_001,25.4,995.8,90.0,False,NORMAL
2025-10-02 21:00:00+00:00,LUCKNOW_001,25.5,995.5,88.0,False,NORMAL
2025-10-02 22:00:00+00:00,LUCKNOW_001,25.5,995.5,86.0,False,NORMAL
2025-10-02 23:00:00+00:00,LUCKNOW_001,25.5,995.3,86.0,False,NORMAL
2025-10-03 00:00:00+00:00,LUCKNOW_001,26.4,995.1,83.0,False,NORMAL
2025-10-03 01:00:00+00:00,LUCKNOW_001,26.6,995.6,83.0,False,NORMAL
2025-10-03 02:00:00+00:00,LUCKNOW_001,27.0,996.4,83.0,False,NORMAL
2025-10-03 03:00:00+00:00,LUCKNOW_001,27.2,997.3,85.0,False,NORMAL
2025-10-03 04:00:00+00:00,LUCKNOW_001,26.9,997.3,86.0,False,NORMAL
2025-10-03 05:00:00+00:00,LUCKNOW_001,27.3,997.7,85.0,False,NORMAL
2025-10-03 06:00:00+00:00,LUCKNOW_001,27.9,997.1,83.0,False,NORMAL
2025-10-03 07:00:00+00:00,LUCKNOW_001,28.9,996.2,80.0,False,NORMAL
2025-10-03 08:00:00+00:00,LUCKNOW_001,29.8,994.8,79.0,False,NORMAL
2025-10-03 09:00:00+00:00,LUCKNOW_001,30.5,994.2,78.0,False,NORMAL
2025-10-03 10:00:00+00:00,LUCKNOW_001,28.5,994.5,84.0,False,NORMAL
2025-10-03 11:00:00+00:00,LUCKNOW_001,28.8,993.6,84.0,False,NORMAL
2025-10-03 12:00:00+00:00,LUCKNOW_001,28.5,994.2,84.0,False,NORMAL
2025-10-03 13:00:00+00:00,LUCKNOW_001,28.5,994.5,84.0,False,NORMAL
2025-10-03 14:00:00+00:00,LUCKNOW_001,28.1,995.4,85.0,False,NORMAL
2025-10-03 15:00:00+00:00,LUCKNOW_001,26.4,995.9,91.0,False,NORMAL
2025-10-03 16:00:00+00:00,LUCKNOW_001,26.3,996.1,91.0,False,NORMAL
2025-10-03 17:00:00+00:00,LUCKNOW_001,26.0,996.1,93.0,False,NORMAL
2025-10-03 18:00:00+00:00,LUCKNOW_001,26.1,995.7,92.0,False,NORMAL
2025-10-03 19:00:00+00:00,LUCKNOW_001,25.7,995.2,93.0,False,NORMAL
2025-10-03 20:00:00+00:00,LUCKNOW_001,25.4,994.7,94.0,False,NORMAL
2025-10-03 21:00:00+00:00,LUCKNOW_001,25.4,994.2,93.0,False,NORMAL
2025-10-03 22:00:00+00:00,LUCKNOW_001,24.8,993.9,92.0,False,NORMAL
2025-10-03 23:00:00+00:00,LUCKNOW_001,24.7,994.1,92.0,False,NORMAL
2025-10-04 00:00:00+00:00,LUCKNOW_001,25.7,994.3,90.0,False,NORMAL
2025-10-04 01:00:00+00:00,LUCKNOW_001,25.8,994.8,89.0,False,NORMAL
2025-10-04 02:00:00+00:00,LUCKNOW_001,26.0,995.1,88.0,False,NORMAL
2025-10-04 03:00:00+00:00,LUCKNOW_001,25.8,995.4,90.0,False,NORMAL
2025-10-04 04:00:00+00:00,LUCKNOW_001,25.9,995.9,92.0,False,NORMAL
2025-10-04 05:00:00+00:00,LUCKNOW_001,26.7,995.4,89.0,False,NORMAL
2025-10-04 06:00:00+00:00,LUCKNOW_001,27.6,994.8,86.0,False,NORMAL
2025-10-04 07:00:00+00:00,LUCKNOW_001,27.6,993.3,86.0,False,NORMAL
2025-10-04 08:00:00+00:00,LUCKNOW_001,28.4,992.8,85.0,False,NORMAL
2025-10-04 09:00:00+00:00,LUCKNOW_001,28.3,991.7,86.0,False,NORMAL
2025-10-04 10:00:00+00:00,LUCKNOW_001,30.7,991.8,71.0,False,NORMAL
2025-10-04 11:00:00+00:00,LUCKNOW_001,30.7,991.0,71.0,False,NORMAL
2025-10-04 12:00:00+00:00,LUCKNOW_001,30.0,990.4,75.0,False,NORMAL
2025-10-04 13:00:00+00:00,LUCKNOW_001,29.9,991.2,76.0,False,NORMAL
2025-10-04 14:00:00+00:00,LUCKNOW_001,29.2,991.5,78.0,False,NORMAL
2025-10-04 15:00:00+00:00,LUCKNOW_001,27.7,992.9,85.0,False,NORMAL
2025-10-04 16:00:00+00:00,LUCKNOW_001,27.5,993.3,87.0,False,NORMAL
2025-10-04 17:00:00+00:00,LUCKNOW_001,27.0,993.7,89.0,False,NORMAL
2025-10-04 18:00:00+00:00,LUCKNOW_001,26.8,993.5,89.0,False,NORMAL
2025-10-04 19:00:00+00:00,LUCKNOW_001,26.6,993.3,91.0,False,NORMAL
2025-10-04 20:00:00+00:00,LUCKNOW_001,25.9,992.9,94.0,False,NORMAL
2025-10-04 21:00:00+00:00,LUCKNOW_001,25.9,992.2,93.0,False,NORMAL
2025-10-04 22:00:00+00:00,LUCKNOW_001,25.4,992.0,94.0,False,NORMAL
2025-10-04 23:00:00+00:00,LUCKNOW_001,25.4,991.8,95.0,False,NORMAL
2025-10-05 00:00:00+00:00,LUCKNOW_001,26.6,992.3,90.0,False,NORMAL
2025-10-05 01:00:00+00:00,LUCKNOW_001,26.6,992.9,90.0,False,NORMAL
2025-10-05 02:00:00+00:00,LUCKNOW_001,27.6,993.6,87.0,False,NORMAL
2025-10-05 03:00:00+00:00,LUCKNOW_001,28.1,994.5,87.0,False,NORMAL
2025-10-05 04:00:00+00:00,LUCKNOW_001,28.6,994.9,85.0,False,NORMAL
2025-10-05 05:00:00+00:00,LUCKNOW_001,30.4,995.3,76.0,False,NORMAL
2025-10-05 06:00:00+00:00,LUCKNOW_001,32.7,995.2,66.0,False,NORMAL
2025-10-05 07:00:00+00:00,LUCKNOW_001,32.8,994.3,63.0,False,NORMAL
2025-10-05 08:00:00+00:00,LUCKNOW_001,33.7,993.2,58.0,False,NORMAL
2025-10-05 09:00:00+00:00,LUCKNOW_001,33.7,992.5,58.0,False,NORMAL
2025-10-05 10:00:00+00:00,LUCKNOW_001,32.3,990.9,68.0,False,NORMAL
2025-10-05 11:00:00+00:00,LUCKNOW_001,31.8,991.0,70.0,False,NORMAL
2025-10-05 12:00:00+00:00,LUCKNOW_001,31.4,991.4,72.0,False,NORMAL
2025-10-05 13:00:00+00:00,LUCKNOW_001,30.7,991.9,78.0,False,NORMAL
2025-10-05 14:00:00+00:00,LUCKNOW_001,29.7,992.9,83.0,False,NORMAL
2025-10-05 15:00:00+00:00,LUCKNOW_001,27.4,993.8,92.0,False,NORMAL
2025-10-05 16:00:00+00:00,LUCKNOW_001,27.3,994.3,93.0,False,NORMAL
2025-10-05 17:00:00+00:00,LUCKNOW_001,26.7,994.7,94.0,False,NORMAL
2025-10-05 18:00:00+00:00,LUCKNOW_001,26.5,994.7,95.0,False,NORMAL
2025-10-05 19:00:00+00:00,LUCKNOW_001,26.3,994.8,95.0,False,NORMAL
2025-10-05 20:00:00+00:00,LUCKNOW_001,26.1,994.6,97.0,False,NORMAL
2025-10-05 21:00:00+00:00,LUCKNOW_001,26.0,994.4,97.0,False,NORMAL
2025-10-05 22:00:00+00:00,LUCKNOW_001,26.2,994.3,96.0,False,NORMAL
2025-10-05 23:00:00+00:00,LUCKNOW_001,25.8,994.1,97.0,False,NORMAL
2025-10-06 00:00:00+00:00,LUCKNOW_001,26.7,994.4,92.0,False,NORMAL
2025-10-06 01:00:00+00:00,LUCKNOW_001,26.8,995.0,93.0,False,NORMAL
2025-10-06 02:00:00+00:00,LUCKNOW_001,27.3,996.0,90.0,False,NORMAL
2025-10-06 03:00:00+00:00,LUCKNOW_001,27.7,996.6,88.0,False,NORMAL
2025-10-06 04:00:00+00:00,LUCKNOW_001,28.4,997.0,85.0,False,NORMAL
2025-10-06 05:00:00+00:00,LUCKNOW_001,29.5,997.2,82.0,False,NORMAL
2025-10-06 06:00:00+00:00,LUCKNOW_001,31.0,996.7,76.0,False,NORMAL
2025-10-06 07:00:00+00:00,LUCKNOW_001,31.7,996.0,69.0,False,NORMAL
2025-10-06 08:00:00+00:00,LUCKNOW_001,32.3,994.9,66.0,False,NORMAL
2025-10-06 09:00:00+00:00,LUCKNOW_001,31.4,993.7,67.0,False,NORMAL
2025-10-06 10:00:00+00:00,LUCKNOW_001,29.8,993.6,82.0,False,NORMAL
2025-10-06 11:00:00+00:00,LUCKNOW_001,29.7,993.6,75.0,False,NORMAL
2025-10-06 12:00:00+00:00,LUCKNOW_001,29.6,993.9,75.0,False,NORMAL
2025-10-06 13:00:00+00:00,LUCKNOW_001,29.1,994.9,77.0,False,NORMAL
2025-10-06 14:00:00+00:00,LUCKNOW_001,28.5,995.2,79.0,False,NORMAL
2025-10-06 15:00:00+00:00,LUCKNOW_001,26.2,996.2,87.0,False,NORMAL
2025-10-06 16:00:00+00:00,LUCKNOW_001,25.9,996.3,89.0,False,NORMAL
2025-10-06 17:00:00+00:00,LUCKNOW_001,24.9,996.2,94.0,False,NORMAL
2025-10-06 18:00:00+00:00,LUCKNOW_001,25.5,995.9,90.0,False,NORMAL
2025-10-06 19:00:00+00:00,LUCKNOW_001,24.7,995.2,94.0,False,NORMAL
2025-10-06 20:00:00+00:00,LUCKNOW_001,24.3,995.1,95.0,False,NORMAL
2025-10-06 21:00:00+00:00,LUCKNOW_001,24.5,994.7,95.0,False,NORMAL
2025-10-06 22:00:00+00:00,LUCKNOW_001,24.7,994.8,95.0,False,NORMAL
2025-10-06 23:00:00+00:00,LUCKNOW_001,24.6,994.6,96.0,False,NORMAL
2025-10-07 00:00:00+00:00,LUCKNOW_001,25.5,994.7,92.0,False,NORMAL
2025-10-07 01:00:00+00:00,LUCKNOW_001,25.0,995.8,92.0,False,NORMAL
2025-10-07 02:00:00+00:00,LUCKNOW_001,25.2,996.5,90.0,False,NORMAL
2025-10-07 03:00:00+00:00,LUCKNOW_001,25.4,997.4,90.0,False,NORMAL
2025-10-07 04:00:00+00:00,LUCKNOW_001,26.0,997.6,87.0,False,NORMAL
2025-10-07 05:00:00+00:00,LUCKNOW_001,27.9,997.6,81.0,False,NORMAL
2025-10-07 06:00:00+00:00,LUCKNOW_001,29.3,997.4,76.0,False,NORMAL
2025-10-07 07:00:00+00:00,LUCKNOW_001,29.3,996.2,75.0,False,NORMAL
2025-10-07 08:00:00+00:00,LUCKNOW_001,29.1,995.5,76.0,False,NORMAL
2025-10-07 09:00:00+00:00,LUCKNOW_001,30.0,994.6,74.0,False,NORMAL
2025-10-07 10:00:00+00:00,LUCKNOW_001,30.1,994.1,76.0,False,NORMAL
2025-10-07 11:00:00+00:00,LUCKNOW_001,29.4,994.3,77.0,False,NORMAL
2025-10-07 12:00:00+00:00,LUCKNOW_001,28.7,994.9,80.0,False,NORMAL
2025-10-07 13:00:00+00:00,LUCKNOW_001,28.7,995.2,80.0,False,NORMAL
2025-10-07 14:00:00+00:00,LUCKNOW_001,27.5,995.6,82.0,False,NORMAL
2025-10-07 15:00:00+00:00,LUCKNOW_001,25.4,996.7,92.0,False,NORMAL
2025-10-07 16:00:00+00:00,LUCKNOW_001,25.6,997.0,91.0,False,NORMAL
2025-10-07 17:00:00+00:00,LUCKNOW_001,24.6,997.1,95.0,False,NORMAL
2025-10-07 18:00:00+00:00,LUCKNOW_001,24.7,996.8,95.0,False,NORMAL
2025-10-07 19:00:00+00:00,LUCKNOW_001,24.5,996.5,96.0,False,NORMAL
2025-10-07 20:00:00+00:00,LUCKNOW_001,24.3,996.4,96.0,False,NORMAL
2025-10-07 21:00:00+00:00,LUCKNOW_001,24.4,996.3,95.0,False,NORMAL
2025-10-07 22:00:00+00:00,LUCKNOW_001,24.3,996.0,97.0,False,NORMAL
2025-10-07 23:00:00+00:00,LUCKNOW_001,24.4,995.8,96.0,False,NORMAL
2025-10-08 00:00:00+00:00,LUCKNOW_001,25.3,996.7,91.0,False,NORMAL
2025-10-08 01:00:00+00:00,LUCKNOW_001,25.4,997.0,91.0,False,NORMAL
2025-10-08 02:00:00+00:00,LUCKNOW_001,25.7,997.6,91.0,False,NORMAL
2025-10-08 03:00:00+00:00,LUCKNOW_001,25.5,998.2,91.0,False,NORMAL
2025-10-08 04:00:00+00:00,LUCKNOW_001,26.1,998.3,86.0,False,NORMAL
2025-10-08 05:00:00+00:00,LUCKNOW_001,28.2,998.5,78.0,False,NORMAL
2025-10-08 06:00:00+00:00,LUCKNOW_001,29.8,998.4,73.0,False,NORMAL
2025-10-08 07:00:00+00:00,LUCKNOW_001,30.1,997.4,72.0,False,NORMAL
2025-10-08 08:00:00+00:00,LUCKNOW_001,31.2,996.7,67.0,False,NORMAL
2025-10-08 09:00:00+00:00,LUCKNOW_001,31.5,995.4,67.0,False,NORMAL
2025-10-08 10:00:00+00:00,LUCKNOW_001,30.1,995.0,72.0,False,NORMAL
2025-10-08 11:00:00+00:00,LUCKNOW_001,29.8,995.0,70.0,False,NORMAL
2025-10-08 12:00:00+00:00,LUCKNOW_001,29.3,995.0,74.0,False,NORMAL
2025-10-08 13:00:00+00:00,LUCKNOW_001,29.0,995.5,77.0,False,NORMAL
2025-10-08 14:00:00+00:00,LUCKNOW_001,28.0,997.0,79.0,False,NORMAL
2025-10-08 15:00:00+00:00,LUCKNOW_001,26.0,997.6,88.0,False,NORMAL
2025-10-08 16:00:00+00:00,LUCKNOW_001,25.6,998.0,89.0,False,NORMAL
2025-10-08 17:00:00+00:00,LUCKNOW_001,24.9,998.0,91.0,False,NORMAL
2025-10-08 18:00:00+00:00,LUCKNOW_001,24.9,998.3,90.0,False,NORMAL
2025-10-08 19:00:00+00:00,LUCKNOW_001,24.4,998.2,92.0,False,NORMAL
2025-10-08 20:00:00+00:00,LUCKNOW_001,23.6,998.3,94.0,False,NORMAL
2025-10-08 21:00:00+00:00,LUCKNOW_001,23.7,998.2,94.0,False,NORMAL
2025-10-08 22:00:00+00:00,LUCKNOW_001,23.6,998.5,94.0,False,NORMAL
2025-10-08 23:00:00+00:00,LUCKNOW_001,23.6,998.7,93.0,False,NORMAL
2025-10-09 00:00:00+00:00,LUCKNOW_001,24.6,999.0,89.0,False,NORMAL
2025-10-09 01:00:00+00:00,LUCKNOW_001,24.4,999.1,88.0,False,NORMAL
2025-10-09 02:00:00+00:00,LUCKNOW_001,25.4,999.7,85.0,False,NORMAL
2025-10-09 03:00:00+00:00,LUCKNOW_001,25.8,1000.2,84.0,False,NORMAL
2025-10-09 04:00:00+00:00,LUCKNOW_001,26.2,1000.5,81.0,False,NORMAL
2025-10-09 05:00:00+00:00,LUCKNOW_001,28.3,1000.3,69.0,False,NORMAL
2025-10-09 06:00:00+00:00,LUCKNOW_001,30.1,1000.0,58.0,False,NORMAL
2025-10-09 07:00:00+00:00,LUCKNOW_001,30.2,998.9,57.0,False,NORMAL
2025-10-09 08:00:00+00:00,LUCKNOW_001,31.1,998.2,51.0,False,NORMAL
2025-10-09 09:00:00+00:00,LUCKNOW_001,31.1,997.1,51.0,False,NORMAL
2025-10-09 10:00:00+00:00,LUCKNOW_001,29.4,996.7,60.0,False,NORMAL
2025-10-09 11:00:00+00:00,LUCKNOW_001,29.0,996.6,63.0,False,NORMAL
2025-10-09 12:00:00+00:00,LUCKNOW_001,28.5,996.3,65.0,False,NORMAL
2025-10-09 13:00:00+00:00,LUCKNOW_001,28.1,996.7,68.0,False,NORMAL
2025-10-09 14:00:00+00:00,LUCKNOW_001,26.9,997.6,73.0,False,NORMAL
2025-10-09 15:00:00+00:00,LUCKNOW_001,24.7,998.2,82.0,False,NORMAL
2025-10-09 16:00:00+00:00,LUCKNOW_001,24.4,998.2,84.0,False,NORMAL
2025-10-09 17:00:00+00:00,LUCKNOW_001,23.6,998.4,87.0,False,NORMAL
2025-10-09 18:00:00+00:00,LUCKNOW_001,23.5,998.6,88.0,False,NORMAL
2025-10-09 19:00:00+00:00,LUCKNOW_001,23.2,998.6,90.0,False,NORMAL
2025-10-09 20:00:00+00:00,LUCKNOW_001,22.6,998.3,92.0,False,NORMAL
2025-10-09 21:00:00+00:00,LUCKNOW_001,22.3,997.8,91.0,False,NORMAL
2025-10-09 22:00:00+00:00,LUCKNOW_001,21.3,997.9,95.0,False,NORMAL
2025-10-09 23:00:00+00:00,LUCKNOW_001,21.4,997.5,95.0,False,NORMAL
2025-10-10 00:00:00+00:00,LUCKNOW_001,22.9,997.8,89.0,False,NORMAL
2025-10-10 01:00:00+00:00,LUCKNOW_001,22.8,998.1,88.0,False,NORMAL
2025-10-10 02:00:00+00:00,LUCKNOW_001,24.3,999.1,83.0,False,NORMAL
2025-10-10 03:00:00+00:00,LUCKNOW_001,25.4,999.5,81.0,False,NORMAL
2025-10-10 04:00:00+00:00,LUCKNOW_001,25.8,999.9,79.0,False,NORMAL
2025-10-10 05:00:00+00:00,LUCKNOW_001,28.4,999.7,65.0,False,NORMAL
2025-10-10 06:00:00+00:00,LUCKNOW_001,30.4,999.5,54.0,False,NORMAL
2025-10-10 07:00:00+00:00,LUCKNOW_001,30.6,998.5,54.0,False,NORMAL
2025-10-10 08:00:00+00:00,LUCKNOW_001,31.2,997.9,51.0,False,NORMAL
2025-10-10 09:00:00+00:00,LUCKNOW_001,31.1,996.9,51.0,False,NORMAL
2025-10-10 10:00:00+00:00,LUCKNOW_001,28.9,996.5,62.0,False,NORMAL
2025-10-10 11:00:00+00:00,LUCKNOW_001,28.8,996.4,63.0,False,NORMAL
2025-10-10 12:00:00+00:00,LUCKNOW_001,28.4,995.9,65.0,False,NORMAL
2025-10-10 13:00:00+00:00,LUCKNOW_001,28.6,996.4,64.0,False,NORMAL
2025-10-10 14:00:00+00:00,LUCKNOW_001,27.6,996.9,68.0,False,NORMAL
2025-10-10 15:00:00+00:00,LUCKNOW_001,25.2,997.8,74.0,False,NORMAL
2025-10-10 16:00:00+00:00,LUCKNOW_001,24.5,997.5,78.0,False,NORMAL
2025-10-10 17:00:00+00:00,LUCKNOW_001,24.0,997.8,80.0,False,NORMAL
2025-10-10 18:00:00+00:00,LUCKNOW_001,23.7,997.7,81.0,False,NORMAL
2025-10-10 19:00:00+00:00,LUCKNOW_001,23.1,997.5,84.0,False,NORMAL
2025-10-10 20:00:00+00:00,LUCKNOW_001,22.5,997.2,85.0,False,NORMAL
2025-10-10 21:00:00+00:00,LUCKNOW_001,22.3,996.8,87.0,False,NORMAL
2025-10-10 22:00:00+00:00,LUCKNOW_001,22.4,996.7,88.0,False,NORMAL
2025-10-10 23:00:00+00:00,LUCKNOW_001,22.3,996.9,88.0,False,NORMAL
2025-10-11 00:00:00+00:00,LUCKNOW_001,24.1,997.3,83.0,False,NORMAL
2025-10-11 01:00:00+00:00,LUCKNOW_001,23.7,998.0,84.0,False,NORMAL
2025-10-11 02:00:00+00:00,LUCKNOW_001,25.0,998.5,78.0,False,NORMAL
2025-10-11 03:00:00+00:00,LUCKNOW_001,24.8,999.6,79.0,False,NORMAL
2025-10-11 04:00:00+00:00,LUCKNOW_001,25.0,999.8,77.0,False,NORMAL
2025-10-11 05:00:00+00:00,LUCKNOW_001,28.0,999.7,57.0,False,NORMAL
2025-10-11 06:00:00+00:00,LUCKNOW_001,29.8,999.2,49.0,False,NORMAL
2025-10-11 07:00:00+00:00,LUCKNOW_001,29.7,998.7,50.0,False,NORMAL
2025-10-11 08:00:00+00:00,LUCKNOW_001,30.7,997.8,48.0,False,NORMAL
2025-10-11 09:00:00+00:00,LUCKNOW_001,30.9,997.2,47.0,False,NORMAL
2025-10-11 10:00:00+00:00,LUCKNOW_001,28.6,996.5,57.0,False,NORMAL
2025-10-11 11:00:00+00:00,LUCKNOW_001,28.3,996.7,58.0,False,NORMAL
2025-10-11 12:00:00+00:00,LUCKNOW_001,27.8,996.5,60.0,False,NORMAL
2025-10-11 13:00:00+00:00,LUCKNOW_001,27.4,996.9,63.0,False,NORMAL
2025-10-11 14:00:00+00:00,LUCKNOW_001,25.7,997.5,69.0,False,NORMAL
2025-10-11 15:00:00+00:00,LUCKNOW_001,23.0,997.9,78.0,False,NORMAL
2025-10-11 16:00:00+00:00,LUCKNOW_001,22.4,997.8,81.0,False,NORMAL
2025-10-11 17:00:00+00:00,LUCKNOW_001,21.8,997.8,83.0,False,NORMAL
2025-10-11 18:00:00+00:00,LUCKNOW_001,21.2,997.6,86.0,False,NORMAL
2025-10-11 19:00:00+00:00,LUCKNOW_001,21.1,997.3,87.0,False,NORMAL
2025-10-11 20:00:00+00:00,LUCKNOW_001,20.5,997.0,89.0,False,NORMAL
2025-10-11 21:00:00+00:00,LUCKNOW_001,20.4,996.5,89.0,False,NORMAL
2025-10-11 22:00:00+00:00,LUCKNOW_001,19.5,996.7,92.0,False,NORMAL
2025-10-11 23:00:00+00:00,LUCKNOW_001,19.5,996.6,91.0,False,NORMAL
2025-10-12 00:00:00+00:00,LUCKNOW_001,21.0,997.2,87.0,False,NORMAL
2025-10-12 01:00:00+00:00,LUCKNOW_001,21.0,997.9,86.0,False,NORMAL
2025-10-12 02:00:00+00:00,LUCKNOW_001,23.5,998.8,77.0,False,NORMAL
2025-10-12 03:00:00+00:00,LUCKNOW_001,24.1,999.6,75.0,False,NORMAL
2025-10-12 04:00:00+00:00,LUCKNOW_001,24.7,999.5,72.0,False,NORMAL
2025-10-12 05:00:00+00:00,LUCKNOW_001,28.3,999.5,54.0,False,NORMAL
2025-10-12 06:00:00+00:00,LUCKNOW_001,30.2,999.1,42.0,False,NORMAL
2025-10-12 07:00:00+00:00,LUCKNOW_001,30.3,998.3,42.0,False,NORMAL
2025-10-12 08:00:00+00:00,LUCKNOW_001,31.1,997.6,40.0,False,NORMAL
2025-10-12 09:00:00+00:00,LUCKNOW_001,31.1,996.6,40.0,False,NORMAL
2025-10-12 10:00:00+00:00,LUCKNOW_001,28.3,996.3,54.0,False,NORMAL
2025-10-12 11:00:00+00:00,LUCKNOW_001,27.9,996.4,61.0,False,NORMAL
2025-10-12 12:00:00+00:00,LUCKNOW_001,26.7,996.2,67.0,False,NORMAL
2025-10-12 13:00:00+00:00,LUCKNOW_001,25.9,996.8,70.0,False,NORMAL
2025-10-12 14:00:00+00:00,LUCKNOW_001,24.5,997.3,75.0,False,NORMAL
2025-10-12 15:00:00+00:00,LUCKNOW_001,22.3,997.8,80.0,False,NORMAL
2025-10-12 16:00:00+00:00,LUCKNOW_001,22.2,998.1,80.0,False,NORMAL
2025-10-12 17:00:00+00:00,LUCKNOW_001,20.7,998.1,88.0,False,NORMAL
2025-10-12 18:00:00+00:00,LUCKNOW_001,20.9,997.9,88.0,False,NORMAL
2025-10-12 19:00:00+00:00,LUCKNOW_001,20.7,997.9,88.0,False,NORMAL
2025-10-12 20:00:00+00:00,LUCKNOW_001,19.6,997.6,91.0,False,NORMAL
2025-10-12 21:00:00+00:00,LUCKNOW_001,19.5,997.3,91.0,False,NORMAL
2025-10-12 22:00:00+00:00,LUCKNOW_001,18.3,997.1,94.0,False,NORMAL
2025-10-12 23:00:00+00:00,LUCKNOW_001,18.0,997.4,94.0,False,NORMAL
2025-10-13 00:00:00+00:00,LUCKNOW_001,20.6,997.9,87.0,False,NORMAL
2025-10-13 01:00:00+00:00,LUCKNOW_001,20.6,998.5,85.0,False,NORMAL
2025-10-13 02:00:00+00:00,LUCKNOW_001,23.6,999.8,75.0,False,NORMAL
2025-10-13 03:00:00+00:00,LUCKNOW_001,24.3,1000.6,73.0,False,NORMAL
2025-10-13 04:00:00+00:00,LUCKNOW_001,24.8,1000.6,71.0,False,NORMAL
2025-10-13 05:00:00+00:00,LUCKNOW_001,28.1,1000.6,51.0,False,NORMAL
2025-10-13 06:00:00+00:00,LUCKNOW_001,30.2,1000.3,45.0,False,NORMAL
2025-10-13 07:00:00+00:00,LUCKNOW_001,30.3,999.5,45.0,False,NORMAL
2025-10-13 08:00:00+00:00,LUCKNOW_001,30.9,998.8,44.0,False,NORMAL
2025-10-13 09:00:00+00:00,LUCKNOW_001,31.6,998.0,43.0,False,NORMAL
2025-10-13 10:00:00+00:00,LUCKNOW_001,29.1,997.6,54.0,False,NORMAL
2025-10-13 11:00:00+00:00,LUCKNOW_001,28.8,997.7,60.0,False,NORMAL
2025-10-13 12:00:00+00:00,LUCKNOW_001,27.9,997.5,65.0,False,NORMAL
2025-10-13 13:00:00+00:00,LUCKNOW_001,27.2,997.8,67.0,False,NORMAL
2025-10-13 14:00:00+00:00,LUCKNOW_001,25.5,998.2,73.0,False,NORMAL
2025-10-13 15:00:00+00:00,LUCKNOW_001,22.3,998.4,85.0,False,NORMAL
2025-10-13 16:00:00+00:00,LUCKNOW_001,21.4,998.5,89.0,False,NORMAL
2025-10-13 17:00:00+00:00,LUCKNOW_001,20.8,998.3,89.0,False,NORMAL
2025-10-13 18:00:00+00:00,LUCKNOW_001,20.4,998.0,90.0,False,NORMAL
2025-10-13 19:00:00+00:00,LUCKNOW_001,20.0,997.3,91.0,False,NORMAL
2025-10-13 20:00:00+00:00,LUCKNOW_001,19.3,997.2,92.0,False,NORMAL
2025-10-13 21:00:00+00:00,LUCKNOW_001,19.3,996.9,92.0,False,NORMAL
2025-10-13 22:00:00+00:00,LUCKNOW_001,18.6,995.9,92.0,False,NORMAL
2025-10-13 23:00:00+00:00,LUCKNOW_001,18.6,996.4,90.0,False,NORMAL
2025-10-14 00:00:00+00:00,LUCKNOW_001,20.7,996.6,83.0,False,NORMAL
2025-10-14 01:00:00+00:00,LUCKNOW_001,20.1,997.3,87.0,False,NORMAL
2025-10-14 02:00:00+00:00,LUCKNOW_001,23.1,998.2,80.0,False,NORMAL
2025-10-14 03:00:00+00:00,LUCKNOW_001,23.8,999.1,78.0,False,NORMAL
2025-10-14 04:00:00+00:00,LUCKNOW_001,24.3,999.4,74.0,False,NORMAL
2025-10-14 05:00:00+00:00,LUCKNOW_001,27.7,999.6,56.0,False,NORMAL
2025-10-14 06:00:00+00:00,LUCKNOW_001,30.2,999.5,45.0,False,NORMAL
2025-10-14 07:00:00+00:00,LUCKNOW_001,30.5,998.7,44.0,False,NORMAL
2025-10-14 08:00:00+00:00,LUCKNOW_001,31.5,998.1,42.0,False,NORMAL
2025-10-14 09:00:00+00:00,LUCKNOW_001,31.5,997.2,42.0,False,NORMAL
2025-10-14 10:00:00+00:00,LUCKNOW_001,29.0,996.1,57.0,False,NORMAL
2025-10-14 11:00:00+00:00,LUCKNOW_001,28.9,996.9,60.0,False,NORMAL
2025-10-14 12:00:00+00:00,LUCKNOW_001,28.4,996.8,62.0,False,NORMAL
2025-10-14 13:00:00+00:00,LUCKNOW_001,27.8,997.1,65.0,True,FROZEN_SENSOR
2025-10-14 14:00:00+00:00,LUCKNOW_001,27.8,997.3,71.0,True,FROZEN_SENSOR
2025-10-14 15:00:00+00:00,LUCKNOW_001,27.8,997.8,82.0,True,FROZEN_SENSOR
2025-10-14 16:00:00+00:00,LUCKNOW_001,27.8,997.6,83.0,True,FROZEN_SENSOR
2025-10-14 17:00:00+00:00,LUCKNOW_001,27.8,997.4,88.0,True,FROZEN_SENSOR
2025-10-14 18:00:00+00:00,LUCKNOW_001,27.8,997.0,89.0,True,FROZEN_SENSOR
2025-10-14 19:00:00+00:00,LUCKNOW_001,27.8,996.5,91.0,True,FROZEN_SENSOR
2025-10-14 20:00:00+00:00,LUCKNOW_001,27.8,996.4,91.0,True,FROZEN_SENSOR
2025-10-14 21:00:00+00:00,LUCKNOW_001,20.1,996.1,89.0,False,NORMAL
2025-10-14 22:00:00+00:00,LUCKNOW_001,20.6,995.9,84.0,False,NORMAL
2025-10-14 23:00:00+00:00,LUCKNOW_001,19.6,996.6,88.0,False,NORMAL
2025-10-15 00:00:00+00:00,LUCKNOW_001,20.8,996.6,85.0,False,NORMAL
2025-10-15 01:00:00+00:00,LUCKNOW_001,20.8,997.5,86.0,False,NORMAL
2025-10-15 02:00:00+00:00,LUCKNOW_001,23.3,998.5,79.0,False,NORMAL
2025-10-15 03:00:00+00:00,LUCKNOW_001,24.1,999.3,77.0,False,NORMAL
2025-10-15 04:00:00+00:00,LUCKNOW_001,24.6,999.7,75.0,False,NORMAL
2025-10-15 05:00:00+00:00,LUCKNOW_001,28.2,999.8,55.0,False,NORMAL
2025-10-15 06:00:00+00:00,LUCKNOW_001,30.4,999.3,45.0,False,NORMAL
2025-10-15 07:00:00+00:00,LUCKNOW_001,30.3,998.5,46.0,False,NORMAL
2025-10-15 08:00:00+00:00,LUCKNOW_001,30.7,997.5,45.0,False,NORMAL
2025-10-15 09:00:00+00:00,LUCKNOW_001,30.9,996.7,44.0,False,NORMAL
2025-10-15 10:00:00+00:00,LUCKNOW_001,29.0,996.1,57.0,False,NORMAL
2025-10-15 11:00:00+00:00,LUCKNOW_001,28.7,996.2,61.0,False,NORMAL
2025-10-15 12:00:00+00:00,LUCKNOW_001,27.9,996.1,66.0,False,NORMAL
2025-10-15 13:00:00+00:00,LUCKNOW_001,27.5,996.3,67.0,False,NORMAL
2025-10-15 14:00:00+00:00,LUCKNOW_001,26.0,996.4,71.0,False,NORMAL
2025-10-15 15:00:00+00:00,LUCKNOW_001,23.2,996.9,80.0,False,NORMAL
2025-10-15 16:00:00+00:00,LUCKNOW_001,23.1,996.8,79.0,False,NORMAL
2025-10-15 17:00:00+00:00,LUCKNOW_001,21.5,996.6,83.0,False,NORMAL
2025-10-15 18:00:00+00:00,LUCKNOW_001,21.1,996.3,83.0,False,NORMAL
2025-10-15 19:00:00+00:00,LUCKNOW_001,20.9,996.4,82.0,False,NORMAL
2025-10-15 20:00:00+00:00,LUCKNOW_001,20.2,996.2,83.0,False,NORMAL
2025-10-15 21:00:00+00:00,LUCKNOW_001,20.1,995.9,84.0,False,NORMAL
2025-10-15 22:00:00+00:00,LUCKNOW_001,19.0,995.7,85.0,False,NORMAL
2025-10-15 23:00:00+00:00,LUCKNOW_001,19.0,996.2,85.0,False,NORMAL
2025-10-16 00:00:00+00:00,LUCKNOW_001,21.1,996.6,78.0,False,NORMAL
2025-10-16 01:00:00+00:00,LUCKNOW_001,21.2,997.4,78.0,False,NORMAL
2025-10-16 02:00:00+00:00,LUCKNOW_001,23.4,998.3,73.0,False,NORMAL
2025-10-16 03:00:00+00:00,LUCKNOW_001,23.8,998.9,72.0,False,NORMAL
2025-10-16 04:00:00+00:00,LUCKNOW_001,24.4,999.1,71.0,False,NORMAL
2025-10-16 05:00:00+00:00,LUCKNOW_001,28.2,999.2,57.0,False,NORMAL
2025-10-16 06:00:00+00:00,LUCKNOW_001,31.0,998.7,48.0,False,NORMAL
2025-10-16 07:00:00+00:00,LUCKNOW_001,31.1,997.7,47.0,False,NORMAL
2025-10-16 08:00:00+00:00,LUCKNOW_001,32.2,996.8,43.0,False,NORMAL
2025-10-16 09:00:00+00:00,LUCKNOW_001,32.3,996.2,43.0,False,NORMAL
2025-10-16 10:00:00+00:00,LUCKNOW_001,29.7,995.6,56.0,False,NORMAL
2025-10-16 11:00:00+00:00,LUCKNOW_001,29.6,996.2,60.0,False,NORMAL
2025-10-16 12:00:00+00:00,LUCKNOW_001,28.8,995.7,64.0,False,NORMAL
2025-10-16 13:00:00+00:00,LUCKNOW_001,28.0,996.5,67.0,False,NORMAL
2025-10-16 14:00:00+00:00,LUCKNOW_001,26.8,996.9,71.0,False,NORMAL
2025-10-16 15:00:00+00:00,LUCKNOW_001,23.6,997.6,81.0,False,NORMAL
2025-10-16 16:00:00+00:00,LUCKNOW_001,22.9,997.9,83.0,False,NORMAL
2025-10-16 17:00:00+00:00,LUCKNOW_001,21.9,998.0,86.0,False,NORMAL
2025-10-16 18:00:00+00:00,LUCKNOW_001,21.6,997.6,87.0,False,NORMAL
2025-10-16 19:00:00+00:00,LUCKNOW_001,21.4,997.9,86.0,False,NORMAL
2025-10-16 20:00:00+00:00,LUCKNOW_001,20.8,997.5,88.0,False,NORMAL
2025-10-16 21:00:00+00:00,LUCKNOW_001,20.9,997.5,87.0,False,NORMAL
2025-10-16 22:00:00+00:00,LUCKNOW_001,19.9,997.1,89.0,False,NORMAL
2025-10-16 23:00:00+00:00,LUCKNOW_001,19.8,997.4,90.0,False,NORMAL
2025-10-17 00:00:00+00:00,LUCKNOW_001,21.3,998.2,84.0,False,NORMAL
2025-10-17 01:00:00+00:00,LUCKNOW_001,21.2,998.8,85.0,False,NORMAL
2025-10-17 02:00:00+00:00,LUCKNOW_001,23.4,999.9,77.0,False,NORMAL
2025-10-17 03:00:00+00:00,LUCKNOW_001,24.0,1000.7,75.0,False,NORMAL
2025-10-17 04:00:00+00:00,LUCKNOW_001,24.7,1001.1,72.0,False,NORMAL
2025-10-17 05:00:00+00:00,LUCKNOW_001,28.9,1000.7,57.0,False,NORMAL
2025-10-17 06:00:00+00:00,LUCKNOW_001,31.3,1000.5,48.0,False,NORMAL
2025-10-17 07:00:00+00:00,LUCKNOW_001,31.5,999.1,47.0,False,NORMAL
2025-10-17 08:00:00+00:00,LUCKNOW_001,32.7,998.5,44.0,False,NORMAL
2025-10-17 09:00:00+00:00,LUCKNOW_001,32.8,997.5,43.0,False,NORMAL
2025-10-17 10:00:00+00:00,LUCKNOW_001,29.8,996.9,56.0,False,NORMAL
2025-10-17 11:00:00+00:00,LUCKNOW_001,29.7,996.9,59.0,False,NORMAL
2025-10-17 12:00:00+00:00,LUCKNOW_001,29.5,996.8,59.0,False,NORMAL
2025-10-17 13:00:00+00:00,LUCKNOW_001,28.4,997.2,65.0,False,NORMAL
2025-10-17 14:00:00+00:00,LUCKNOW_001,26.6,997.9,72.0,False,NORMAL
2025-10-17 15:00:00+00:00,LUCKNOW_001,23.3,998.1,83.0,False,NORMAL
2025-10-17 16:00:00+00:00,LUCKNOW_001,23.1,998.6,85.0,False,NORMAL
2025-10-17 17:00:00+00:00,LUCKNOW_001,22.2,998.3,88.0,False,NORMAL
2025-10-17 18:00:00+00:00,LUCKNOW_001,21.9,998.4,89.0,False,NORMAL
2025-10-17 19:00:00+00:00,LUCKNOW_001,21.6,997.9,89.0,False,NORMAL
2025-10-17 20:00:00+00:00,LUCKNOW_001,20.6,998.0,94.0,False,NORMAL
2025-10-17 21:00:00+00:00,LUCKNOW_001,20.5,997.6,94.0,False,NORMAL
2025-10-17 22:00:00+00:00,LUCKNOW_001,19.4,997.3,97.0,False,NORMAL
2025-10-17 23:00:00+00:00,LUCKNOW_001,19.3,997.9,96.0,False,NORMAL
2025-10-18 00:00:00+00:00,LUCKNOW_001,21.4,998.2,88.0,False,NORMAL
2025-10-18 01:00:00+00:00,LUCKNOW_001,21.6,998.6,88.0,False,NORMAL
2025-10-18 02:00:00+00:00,LUCKNOW_001,24.0,999.4,80.0,False,NORMAL
2025-10-18 03:00:00+00:00,LUCKNOW_001,24.8,1000.0,78.0,False,NORMAL
2025-10-18 04:00:00+00:00,LUCKNOW_001,25.6,1000.4,73.0,False,NORMAL
2025-10-18 05:00:00+00:00,LUCKNOW_001,28.7,1000.1,61.0,False,NORMAL
2025-10-18 06:00:00+00:00,LUCKNOW_001,31.6,999.7,51.0,False,NORMAL
2025-10-18 07:00:00+00:00,LUCKNOW_001,31.8,998.5,50.0,False,NORMAL
2025-10-18 08:00:00+00:00,LUCKNOW_001,32.1,997.6,48.0,False,NORMAL
2025-10-18 09:00:00+00:00,LUCKNOW_001,32.2,996.7,47.0,False,NORMAL
2025-10-18 10:00:00+00:00,LUCKNOW_001,30.2,995.9,59.0,False,NORMAL
2025-10-18 11:00:00+00:00,LUCKNOW_001,30.0,995.9,61.0,False,NORMAL
2025-10-18 12:00:00+00:00,LUCKNOW_001,29.9,995.8,62.0,False,NORMAL
2025-10-18 13:00:00+00:00,LUCKNOW_001,29.7,996.4,64.0,False,NORMAL
2025-10-18 14:00:00+00:00,LUCKNOW_001,28.6,996.8,68.0,False,NORMAL
2025-10-18 15:00:00+00:00,LUCKNOW_001,25.0,997.2,82.0,False,NORMAL
2025-10-18 16:00:00+00:00,LUCKNOW_001,24.4,997.5,87.0,False,NORMAL
2025-10-18 17:00:00+00:00,LUCKNOW_001,23.5,997.3,89.0,False,NORMAL
2025-10-18 18:00:00+00:00,LUCKNOW_001,23.3,997.4,89.0,False,NORMAL
2025-10-18 19:00:00+00:00,LUCKNOW_001,22.6,997.1,90.0,False,NORMAL
2025-10-18 20:00:00+00:00,LUCKNOW_001,21.8,996.9,92.0,False,NORMAL
2025-10-18 21:00:00+00:00,LUCKNOW_001,21.9,996.8,92.0,False,NORMAL
2025-10-18 22:00:00+00:00,LUCKNOW_001,20.9,996.7,95.0,False,NORMAL
2025-10-18 23:00:00+00:00,LUCKNOW_001,20.7,996.8,95.0,False,NORMAL
2025-10-19 00:00:00+00:00,LUCKNOW_001,22.3,997.3,91.0,False,NORMAL
2025-10-19 01:00:00+00:00,LUCKNOW_001,22.5,998.0,90.0,False,NORMAL
2025-10-19 02:00:00+00:00,LUCKNOW_001,24.5,998.6,83.0,False,NORMAL
2025-10-19 03:00:00+00:00,LUCKNOW_001,25.0,999.5,83.0,False,NORMAL
2025-10-19 04:00:00+00:00,LUCKNOW_001,25.7,999.7,79.0,False,NORMAL
2025-10-19 05:00:00+00:00,LUCKNOW_001,29.2,999.7,63.0,False,NORMAL
2025-10-19 06:00:00+00:00,LUCKNOW_001,31.9,999.1,52.0,False,NORMAL
2025-10-19 07:00:00+00:00,LUCKNOW_001,31.7,998.1,51.0,False,NORMAL
2025-10-19 08:00:00+00:00,LUCKNOW_001,32.4,997.3,50.0,False,NORMAL
2025-10-19 09:00:00+00:00,LUCKNOW_001,32.5,996.3,50.0,False,NORMAL
2025-10-19 10:00:00+00:00,LUCKNOW_001,29.6,995.4,63.0,False,NORMAL
2025-10-19 11:00:00+00:00,LUCKNOW_001,29.3,995.6,67.0,False,NORMAL
2025-10-19 12:00:00+00:00,LUCKNOW_001,29.1,995.3,67.0,False,NORMAL
2025-10-19 13:00:00+00:00,LUCKNOW_001,29.4,995.7,66.0,False,NORMAL
2025-10-19 14:00:00+00:00,LUCKNOW_001,28.2,996.4,70.0,False,NORMAL
2025-10-19 15:00:00+00:00,LUCKNOW_001,24.5,996.6,86.0,False,NORMAL
2025-10-19 16:00:00+00:00,LUCKNOW_001,23.4,996.7,94.0,False,NORMAL
2025-10-19 17:00:00+00:00,LUCKNOW_001,22.7,996.8,95.0,False,NORMAL
2025-10-19 18:00:00+00:00,LUCKNOW_001,22.4,997.0,95.0,False,NORMAL
2025-10-19 19:00:00+00:00,LUCKNOW_001,22.0,996.7,96.0,False,NORMAL
2025-10-19 20:00:00+00:00,LUCKNOW_001,22.2,996.8,94.0,False,NORMAL
2025-10-19 21:00:00+00:00,LUCKNOW_001,22.4,996.6,93.0,False,NORMAL
2025-10-19 22:00:00+00:00,LUCKNOW_001,20.8,996.7,97.0,False,NORMAL
2025-10-19 23:00:00+00:00,LUCKNOW_001,21.0,997.3,97.0,False,NORMAL
2025-10-20 00:00:00+00:00,LUCKNOW_001,22.6,997.3,91.0,False,NORMAL
2025-10-20 01:00:00+00:00,LUCKNOW_001,22.8,998.3,90.0,False,NORMAL
2025-10-20 02:00:00+00:00,LUCKNOW_001,24.7,999.2,84.0,False,NORMAL
2025-10-20 03:00:00+00:00,LUCKNOW_001,24.9,1000.2,83.0,False,NORMAL
2025-10-20 04:00:00+00:00,LUCKNOW_001,25.2,1000.3,81.0,False,NORMAL
2025-10-20 05:00:00+00:00,LUCKNOW_001,28.3,1000.4,67.0,False,NORMAL
2025-10-20 06:00:00+00:00,LUCKNOW_001,30.7,999.8,56.0,False,NORMAL
2025-10-20 07:00:00+00:00,LUCKNOW_001,30.9,998.8,56.0,False,NORMAL
2025-10-20 08:00:00+00:00,LUCKNOW_001,31.8,998.0,53.0,False,NORMAL
2025-10-20 09:00:00+00:00,LUCKNOW_001,31.9,997.0,53.0,False,NORMAL
2025-10-20 10:00:00+00:00,LUCKNOW_001,29.6,996.1,63.0,False,NORMAL
2025-10-20 11:00:00+00:00,LUCKNOW_001,29.5,996.4,63.0,False,NORMAL
2025-10-20 12:00:00+00:00,LUCKNOW_001,30.1,996.3,58.0,False,NORMAL
2025-10-20 13:00:00+00:00,LUCKNOW_001,30.0,996.9,60.0,False,NORMAL
2025-10-20 14:00:00+00:00,LUCKNOW_001,28.8,997.4,64.0,False,NORMAL
2025-10-20 15:00:00+00:00,LUCKNOW_001,25.0,997.9,80.0,False,NORMAL
2025-10-20 16:00:00+00:00,LUCKNOW_001,24.6,998.2,82.0,False,NORMAL
2025-10-20 17:00:00+00:00,LUCKNOW_001,23.7,998.4,84.0,False,NORMAL
2025-10-20 18:00:00+00:00,LUCKNOW_001,23.8,998.6,84.0,False,NORMAL
2025-10-20 19:00:00+00:00,LUCKNOW_001,24.1,998.5,82.0,False,NORMAL
2025-10-20 20:00:00+00:00,LUCKNOW_001,23.2,998.8,85.0,False,NORMAL
2025-10-20 21:00:00+00:00,LUCKNOW_001,23.1,998.7,86.0,False,NORMAL
2025-10-20 22:00:00+00:00,LUCKNOW_001,22.4,998.6,89.0,False,NORMAL
2025-10-20 23:00:00+00:00,LUCKNOW_001,22.2,998.9,90.0,False,NORMAL
2025-10-21 00:00:00+00:00,LUCKNOW_001,23.3,999.1,86.0,False,NORMAL
2025-10-21 01:00:00+00:00,LUCKNOW_001,22.9,999.9,89.0,False,NORMAL
2025-10-21 02:00:00+00:00,LUCKNOW_001,24.8,1000.5,84.0,False,NORMAL
2025-10-21 03:00:00+00:00,LUCKNOW_001,25.5,1001.0,79.0,False,NORMAL
2025-10-21 04:00:00+00:00,LUCKNOW_001,26.0,1001.3,76.0,False,NORMAL
2025-10-21 05:00:00+00:00,LUCKNOW_001,29.1,1001.3,63.0,False,NORMAL
2025-10-21 06:00:00+00:00,LUCKNOW_001,31.2,1000.7,57.0,False,NORMAL
2025-10-21 07:00:00+00:00,LUCKNOW_001,31.3,999.5,57.0,False,NORMAL
2025-10-21 08:00:00+00:00,LUCKNOW_001,32.2,998.6,55.0,False,NORMAL
2025-10-21 09:00:00+00:00,LUCKNOW_001,32.4,997.8,55.0,False,NORMAL
2025-10-21 10:00:00+00:00,LUCKNOW_001,29.6,997.3,66.0,False,NORMAL
2025-10-21 11:00:00+00:00,LUCKNOW_001,29.7,997.4,66.0,False,NORMAL
2025-10-21 12:00:00+00:00,LUCKNOW_001,29.6,997.3,69.0,False,NORMAL
2025-10-21 13:00:00+00:00,LUCKNOW_001,28.8,997.4,73.0,False,NORMAL
2025-10-21 14:00:00+00:00,LUCKNOW_001,27.6,998.2,78.0,False,NORMAL
2025-10-21 15:00:00+00:00,LUCKNOW_001,25.6,998.4,85.0,False,NORMAL
2025-10-21 16:00:00+00:00,LUCKNOW_001,25.4,998.7,85.0,False,NORMAL
2025-10-21 17:00:00+00:00,LUCKNOW_001,24.4,998.8,89.0,False,NORMAL
2025-10-21 18:00:00+00:00,LUCKNOW_001,24.3,999.0,91.0,False,NORMAL
2025-10-21 19:00:00+00:00,LUCKNOW_001,24.5,999.0,89.0,False,NORMAL
2025-10-21 20:00:00+00:00,LUCKNOW_001,24.1,998.8,89.0,False,NORMAL
2025-10-21 21:00:00+00:00,LUCKNOW_001,24.4,998.6,87.0,False,NORMAL
2025-10-21 22:00:00+00:00,LUCKNOW_001,23.2,998.8,91.0,False,NORMAL
2025-10-21 23:00:00+00:00,LUCKNOW_001,23.1,998.9,91.0,False,NORMAL
2025-10-22 00:00:00+00:00,LUCKNOW_001,24.3,999.1,87.0,False,NORMAL
2025-10-22 01:00:00+00:00,LUCKNOW_001,24.6,999.7,86.0,False,NORMAL
2025-10-22 02:00:00+00:00,LUCKNOW_001,25.6,1000.4,82.0,False,NORMAL
2025-10-22 03:00:00+00:00,LUCKNOW_001,25.9,1001.2,82.0,False,NORMAL
2025-10-22 04:00:00+00:00,LUCKNOW_001,25.7,1001.2,83.0,False,NORMAL
2025-10-22 05:00:00+00:00,LUCKNOW_001,28.6,1001.1,70.0,False,NORMAL
2025-10-22 06:00:00+00:00,LUCKNOW_001,31.2,1000.6,60.0,False,NORMAL
2025-10-22 07:00:00+00:00,LUCKNOW_001,31.2,999.5,58.0,False,NORMAL
2025-10-22 08:00:00+00:00,LUCKNOW_001,32.4,998.6,53.0,False,NORMAL
2025-10-22 09:00:00+00:00,LUCKNOW_001,32.6,997.4,52.0,False,NORMAL
2025-10-22 10:00:00+00:00,LUCKNOW_001,30.3,996.9,66.0,False,NORMAL
2025-10-22 11:00:00+00:00,LUCKNOW_001,30.2,996.5,68.0,False,NORMAL
2025-10-22 12:00:00+00:00,LUCKNOW_001,29.4,996.8,72.0,False,NORMAL
2025-10-22 13:00:00+00:00,LUCKNOW_001,29.2,996.9,74.0,False,NORMAL
2025-10-22 14:00:00+00:00,LUCKNOW_001,28.6,997.7,75.0,False,NORMAL
2025-10-22 15:00:00+00:00,LUCKNOW_001,26.1,998.3,85.0,False,NORMAL
2025-10-22 16:00:00+00:00,LUCKNOW_001,26.1,998.5,84.0,False,NORMAL
2025-10-22 17:00:00+00:00,LUCKNOW_001,25.3,998.6,86.0,False,NORMAL
2025-10-22 18:00:00+00:00,LUCKNOW_001,25.0,998.4,88.0,False,NORMAL
2025-10-22 19:00:00+00:00,LUCKNOW_001,24.9,998.5,87.0,False,NORMAL
2025-10-22 20:00:00+00:00,LUCKNOW_001,24.4,998.3,89.0,False,NORMAL
2025-10-22 21:00:00+00:00,LUCKNOW_001,24.6,997.9,88.0,False,NORMAL
2025-10-22 22:00:00+00:00,LUCKNOW_001,23.3,997.8,92.0,False,NORMAL
2025-10-22 23:00:00+00:00,LUCKNOW_001,23.4,997.6,91.0,False,NORMAL
2025-10-23 00:00:00+00:00,LUCKNOW_001,24.6,998.2,87.0,False,NORMAL
2025-10-23 01:00:00+00:00,LUCKNOW_001,24.4,998.7,88.0,False,NORMAL
2025-10-23 02:00:00+00:00,LUCKNOW_001,25.7,999.4,83.0,False,NORMAL
2025-10-23 03:00:00+00:00,LUCKNOW_001,26.0,999.8,82.0,False,NORMAL
2025-10-23 04:00:00+00:00,LUCKNOW_001,26.5,1000.0,79.0,False,NORMAL
2025-10-23 05:00:00+00:00,LUCKNOW_001,29.6,999.7,62.0,False,NORMAL
2025-10-23 06:00:00+00:00,LUCKNOW_001,31.9,999.6,55.0,False,NORMAL
2025-10-23 07:00:00+00:00,LUCKNOW_001,32.2,998.3,54.0,False,NORMAL
2025-10-23 08:00:00+00:00,LUCKNOW_001,33.0,997.4,51.0,False,NORMAL
2025-10-23 09:00:00+00:00,LUCKNOW_001,33.1,996.5,50.0,False,NORMAL
2025-10-23 10:00:00+00:00,LUCKNOW_001,30.7,995.7,61.0,False,NORMAL
2025-10-23 11:00:00+00:00,LUCKNOW_001,30.3,995.9,66.0,False,NORMAL
2025-10-23 12:00:00+00:00,LUCKNOW_001,29.3,996.3,70.0,False,NORMAL
2025-10-23 13:00:00+00:00,LUCKNOW_001,28.9,996.7,72.0,False,NORMAL
2025-10-23 14:00:00+00:00,LUCKNOW_001,28.3,997.3,73.0,False,NORMAL
2025-10-23 15:00:00+00:00,LUCKNOW_001,25.7,997.9,82.0,False,NORMAL
2025-10-23 16:00:00+00:00,LUCKNOW_001,25.5,998.3,83.0,False,NORMAL
2025-10-23 17:00:00+00:00,LUCKNOW_001,24.3,998.2,87.0,False,NORMAL
2025-10-23 18:00:00+00:00,LUCKNOW_001,24.2,998.3,88.0,False,NORMAL
2025-10-23 19:00:00+00:00,LUCKNOW_001,23.7,998.0,89.0,False,NORMAL
2025-10-23 20:00:00+00:00,LUCKNOW_001,23.2,997.7,90.0,False,NORMAL
2025-10-23 21:00:00+00:00,LUCKNOW_001,23.1,997.7,90.0,False,NORMAL
2025-10-23 22:00:00+00:00,LUCKNOW_001,21.9,997.8,95.0,False,NORMAL
2025-10-23 23:00:00+00:00,LUCKNOW_001,22.0,997.9,94.0,False,NORMAL
2025-10-24 00:00:00+00:00,LUCKNOW_001,23.2,998.1,89.0,False,NORMAL
2025-10-24 01:00:00+00:00,LUCKNOW_001,23.1,998.8,89.0,False,NORMAL
2025-10-24 02:00:00+00:00,LUCKNOW_001,24.4,999.3,86.0,False,NORMAL
2025-10-24 03:00:00+00:00,LUCKNOW_001,25.2,999.9,85.0,False,NORMAL
2025-10-24 04:00:00+00:00,LUCKNOW_001,25.9,999.9,82.0,False,NORMAL
2025-10-24 05:00:00+00:00,LUCKNOW_001,29.3,999.9,67.0,False,NORMAL
2025-10-24 06:00:00+00:00,LUCKNOW_001,31.8,999.5,56.0,False,NORMAL
2025-10-24 07:00:00+00:00,LUCKNOW_001,32.0,998.5,54.0,False,NORMAL
2025-10-24 08:00:00+00:00,LUCKNOW_001,33.1,997.7,48.0,False,NORMAL
2025-10-24 09:00:00+00:00,LUCKNOW_001,33.2,996.6,48.0,False,NORMAL
2025-10-24 10:00:00+00:00,LUCKNOW_001,30.4,995.9,61.0,False,NORMAL
2025-10-24 11:00:00+00:00,LUCKNOW_001,30.1,996.2,65.0,False,NORMAL
2025-10-24 12:00:00+00:00,LUCKNOW_001,29.4,996.0,69.0,False,NORMAL
2025-10-24 13:00:00+00:00,LUCKNOW_001,28.9,996.2,71.0,False,NORMAL
2025-10-24 14:00:00+00:00,LUCKNOW_001,27.7,997.0,74.0,False,NORMAL
2025-10-24 15:00:00+00:00,LUCKNOW_001,24.5,997.4,83.0,False,NORMAL
2025-10-24 16:00:00+00:00,LUCKNOW_001,24.4,997.5,83.0,False,NORMAL
2025-10-24 17:00:00+00:00,LUCKNOW_001,23.0,997.7,90.0,False,NORMAL
2025-10-24 18:00:00+00:00,LUCKNOW_001,22.8,997.7,91.0,False,NORMAL
2025-10-24 19:00:00+00:00,LUCKNOW_001,22.7,997.5,90.0,False,NORMAL
2025-10-24 20:00:00+00:00,LUCKNOW_001,22.1,997.3,91.0,False,NORMAL
2025-10-24 21:00:00+00:00,LUCKNOW_001,22.3,996.9,89.0,False,NORMAL
2025-10-24 22:00:00+00:00,LUCKNOW_001,21.1,996.9,93.0,False,NORMAL
2025-10-24 23:00:00+00:00,LUCKNOW_001,21.2,997.3,91.0,False,NORMAL
2025-10-25 00:00:00+00:00,LUCKNOW_001,22.2,997.2,86.0,False,NORMAL
2025-10-25 01:00:00+00:00,LUCKNOW_001,22.0,998.0,87.0,False,NORMAL
2025-10-25 02:00:00+00:00,LUCKNOW_001,24.1,998.8,79.0,False,NORMAL
2025-10-25 03:00:00+00:00,LUCKNOW_001,24.5,999.2,78.0,False,NORMAL
2025-10-25 04:00:00+00:00,LUCKNOW_001,25.4,999.6,73.0,False,NORMAL
2025-10-25 05:00:00+00:00,LUCKNOW_001,29.3,1000.0,60.0,False,NORMAL
2025-10-25 06:00:00+00:00,LUCKNOW_001,31.0,999.3,52.0,False,NORMAL
2025-10-25 07:00:00+00:00,LUCKNOW_001,31.2,998.4,51.0,False,NORMAL
2025-10-25 08:00:00+00:00,LUCKNOW_001,32.2,997.5,45.0,False,NORMAL
2025-10-25 09:00:00+00:00,LUCKNOW_001,32.3,996.7,43.0,False,NORMAL
2025-10-25 10:00:00+00:00,LUCKNOW_001,30.0,996.1,52.0,False,NORMAL
2025-10-25 11:00:00+00:00,LUCKNOW_001,29.7,996.3,55.0,False,NORMAL
2025-10-25 12:00:00+00:00,LUCKNOW_001,29.8,996.4,52.0,False,NORMAL
2025-10-25 13:00:00+00:00,LUCKNOW_001,29.8,996.9,52.0,False,NORMAL
2025-10-25 14:00:00+00:00,LUCKNOW_001,29.0,997.5,54.0,False,NORMAL
2025-10-25 15:00:00+00:00,LUCKNOW_001,26.4,997.8,59.0,False,NORMAL
2025-10-25 16:00:00+00:00,LUCKNOW_001,25.4,998.2,66.0,False,NORMAL
2025-10-25 17:00:00+00:00,LUCKNOW_001,23.4,998.3,77.0,False,NORMAL
2025-10-25 18:00:00+00:00,LUCKNOW_001,22.8,998.5,80.0,False,NORMAL
2025-10-25 19:00:00+00:00,LUCKNOW_001,22.4,998.3,81.0,False,NORMAL
2025-10-25 20:00:00+00:00,LUCKNOW_001,22.0,998.4,81.0,False,NORMAL
2025-10-25 21:00:00+00:00,LUCKNOW_001,22.0,998.4,80.0,False,NORMAL
2025-10-25 22:00:00+00:00,LUCKNOW_001,21.2,998.3,84.0,False,NORMAL
2025-10-25 23:00:00+00:00,LUCKNOW_001,21.1,998.4,85.0,False,NORMAL
2025-10-26 00:00:00+00:00,LUCKNOW_001,22.3,998.7,82.0,False,NORMAL
2025-10-26 01:00:00+00:00,LUCKNOW_001,22.6,999.3,82.0,False,NORMAL
2025-10-26 02:00:00+00:00,LUCKNOW_001,24.3,1000.4,74.0,False,NORMAL
2025-10-26 03:00:00+00:00,LUCKNOW_001,24.6,1000.5,71.0,False,NORMAL
2025-10-26 04:00:00+00:00,LUCKNOW_001,25.2,1000.8,65.0,False,NORMAL
2025-10-26 05:00:00+00:00,LUCKNOW_001,28.8,1000.6,53.0,False,NORMAL
2025-10-26 06:00:00+00:00,LUCKNOW_001,30.3,999.8,48.0,False,NORMAL
2025-10-26 07:00:00+00:00,LUCKNOW_001,30.7,999.0,47.0,False,NORMAL
2025-10-26 08:00:00+00:00,LUCKNOW_001,31.8,997.9,43.0,False,NORMAL
2025-10-26 09:00:00+00:00,LUCKNOW_001,32.0,997.3,41.0,False,NORMAL
2025-10-26 10:00:00+00:00,LUCKNOW_001,30.0,996.6,55.0,False,NORMAL
2025-10-26 11:00:00+00:00,LUCKNOW_001,30.2,996.5,55.0,False,NORMAL
2025-10-26 12:00:00+00:00,LUCKNOW_001,30.9,996.6,54.0,False,NORMAL
2025-10-26 13:00:00+00:00,LUCKNOW_001,30.5,997.1,56.0,False,NORMAL
2025-10-26 14:00:00+00:00,LUCKNOW_001,29.0,998.0,63.0,False,NORMAL
2025-10-26 15:00:00+00:00,LUCKNOW_001,24.7,998.2,80.0,False,NORMAL
2025-10-26 16:00:00+00:00,LUCKNOW_001,24.2,998.5,82.0,False,NORMAL
2025-10-26 17:00:00+00:00,LUCKNOW_001,22.9,998.7,86.0,False,NORMAL
2025-10-26 18:00:00+00:00,LUCKNOW_001,22.8,998.6,86.0,False,NORMAL
2025-10-26 19:00:00+00:00,LUCKNOW_001,22.6,998.6,85.0,False,NORMAL
2025-10-26 20:00:00+00:00,LUCKNOW_001,22.2,998.5,84.0,False,NORMAL
2025-10-26 21:00:00+00:00,LUCKNOW_001,22.6,998.1,80.0,False,NORMAL
2025-10-26 22:00:00+00:00,LUCKNOW_001,22.2,998.6,81.0,False,NORMAL
2025-10-26 23:00:00+00:00,LUCKNOW_001,22.3,997.7,79.0,False,NORMAL
2025-10-27 00:00:00+00:00,LUCKNOW_001,23.1,998.2,75.0,False,NORMAL
2025-10-27 01:00:00+00:00,LUCKNOW_001,23.1,999.0,75.0,False,NORMAL
2025-10-27 02:00:00+00:00,LUCKNOW_001,23.9,1000.3,72.0,False,NORMAL
2025-10-27 03:00:00+00:00,LUCKNOW_001,23.9,1000.6,71.0,False,NORMAL
2025-10-27 04:00:00+00:00,LUCKNOW_001,24.3,1001.0,70.0,False,NORMAL
2025-10-27 05:00:00+00:00,LUCKNOW_001,26.4,1001.0,63.0,False,NORMAL
2025-10-27 06:00:00+00:00,LUCKNOW_001,27.8,1000.5,60.0,False,NORMAL
2025-10-27 07:00:00+00:00,LUCKNOW_001,27.5,999.7,61.0,False,NORMAL
2025-10-27 08:00:00+00:00,LUCKNOW_001,27.6,998.8,64.0,False,NORMAL
2025-10-27 09:00:00+00:00,LUCKNOW_001,27.6,998.1,64.0,False,NORMAL
2025-10-27 10:00:00+00:00,LUCKNOW_001,27.0,998.4,69.0,False,NORMAL
2025-10-27 11:00:00+00:00,LUCKNOW_001,26.5,998.4,72.0,False,NORMAL
2025-10-27 12:00:00+00:00,LUCKNOW_001,25.3,999.1,80.0,False,NORMAL
2025-10-27 13:00:00+00:00,LUCKNOW_001,24.9,999.7,81.0,False,NORMAL
2025-10-27 14:00:00+00:00,LUCKNOW_001,24.1,1000.2,80.0,False,NORMAL
2025-10-27 15:00:00+00:00,LUCKNOW_001,23.2,1000.1,87.0,False,NORMAL
2025-10-27 16:00:00+00:00,LUCKNOW_001,23.3,1000.2,85.0,False,NORMAL
2025-10-27 17:00:00+00:00,LUCKNOW_001,23.0,1000.1,85.0,False,NORMAL
2025-10-27 18:00:00+00:00,LUCKNOW_001,22.8,1000.1,85.0,False,NORMAL
2025-10-27 19:00:00+00:00,LUCKNOW_001,22.3,1000.1,88.0,False,NORMAL
2025-10-27 20:00:00+00:00,LUCKNOW_001,21.7,999.8,90.0,False,NORMAL
2025-10-27 21:00:00+00:00,LUCKNOW_001,21.6,999.3,91.0,False,NORMAL
2025-10-27 22:00:00+00:00,LUCKNOW_001,20.2,999.6,96.0,False,NORMAL
2025-10-27 23:00:00+00:00,LUCKNOW_001,20.0,1000.0,95.0,False,NORMAL
2025-10-28 00:00:00+00:00,LUCKNOW_001,20.9,1000.6,89.0,False,NORMAL
2025-10-28 01:00:00+00:00,LUCKNOW_001,21.0,1000.9,86.0,False,NORMAL
2025-10-28 02:00:00+00:00,LUCKNOW_001,21.1,1001.5,83.0,False,NORMAL
2025-10-28 03:00:00+00:00,LUCKNOW_001,21.1,1001.9,81.0,False,NORMAL
2025-10-28 04:00:00+00:00,LUCKNOW_001,20.3,1001.9,84.0,False,NORMAL
2025-10-28 05:00:00+00:00,LUCKNOW_001,21.0,1001.7,82.0,False,NORMAL
2025-10-28 06:00:00+00:00,LUCKNOW_001,21.3,1001.0,80.0,False,NORMAL
2025-10-28 07:00:00+00:00,LUCKNOW_001,21.3,1000.1,80.0,False,NORMAL
2025-10-28 08:00:00+00:00,LUCKNOW_001,22.1,999.3,78.0,False,NORMAL
2025-10-28 09:00:00+00:00,LUCKNOW_001,22.0,998.8,78.0,False,NORMAL
2025-10-28 10:00:00+00:00,LUCKNOW_001,24.1,998.7,76.0,False,NORMAL
2025-10-28 11:00:00+00:00,LUCKNOW_001,23.8,999.2,78.0,False,NORMAL
2025-10-28 12:00:00+00:00,LUCKNOW_001,23.3,999.0,80.0,False,NORMAL
2025-10-28 13:00:00+00:00,LUCKNOW_001,23.0,998.9,83.0,False,NORMAL
2025-10-28 14:00:00+00:00,LUCKNOW_001,22.7,999.4,83.0,False,NORMAL
2025-10-28 15:00:00+00:00,LUCKNOW_001,21.5,999.9,88.0,False,NORMAL
2025-10-28 16:00:00+00:00,LUCKNOW_001,21.6,1000.2,88.0,False,NORMAL
2025-10-28 17:00:00+00:00,LUCKNOW_001,21.3,999.9,88.0,False,NORMAL
2025-10-28 18:00:00+00:00,LUCKNOW_001,21.2,999.5,89.0,False,NORMAL
2025-10-28 19:00:00+00:00,LUCKNOW_001,21.3,999.7,89.0,False,NORMAL
2025-10-28 20:00:00+00:00,LUCKNOW_001,21.0,999.6,91.0,False,NORMAL
2025-10-28 21:00:00+00:00,LUCKNOW_001,21.0,999.0,91.0,False,NORMAL
2025-10-28 22:00:00+00:00,LUCKNOW_001,20.6,998.5,89.0,False,NORMAL
2025-10-28 23:00:00+00:00,LUCKNOW_001,20.5,998.3,88.0,False,NORMAL
2025-10-29 00:00:00+00:00,LUCKNOW_001,21.1,998.3,87.0,False,NORMAL
2025-10-29 01:00:00+00:00,LUCKNOW_001,21.1,998.6,86.0,False,NORMAL
2025-10-29 02:00:00+00:00,LUCKNOW_001,22.1,999.1,82.0,False,NORMAL
2025-10-29 03:00:00+00:00,LUCKNOW_001,22.6,999.5,81.0,False,NORMAL
2025-10-29 04:00:00+00:00,LUCKNOW_001,23.2,999.5,79.0,False,NORMAL
2025-10-29 05:00:00+00:00,LUCKNOW_001,25.7,999.9,70.0,False,NORMAL
2025-10-29 06:00:00+00:00,LUCKNOW_001,27.2,999.1,64.0,False,NORMAL
2025-10-29 07:00:00+00:00,LUCKNOW_001,27.2,998.1,64.0,False,NORMAL
2025-10-29 08:00:00+00:00,LUCKNOW_001,28.4,997.4,63.0,False,NORMAL
2025-10-29 09:00:00+00:00,LUCKNOW_001,28.6,996.5,62.0,False,NORMAL
2025-10-29 10:00:00+00:00,LUCKNOW_001,27.7,996.2,71.0,False,NORMAL
2025-10-29 11:00:00+00:00,LUCKNOW_001,27.7,996.3,70.0,False,NORMAL
2025-10-29 12:00:00+00:00,LUCKNOW_001,27.3,996.5,72.0,False,NORMAL
2025-10-29 13:00:00+00:00,LUCKNOW_001,27.2,996.4,72.0,False,NORMAL
2025-10-29 14:00:00+00:00,LUCKNOW_001,26.6,996.9,75.0,False,NORMAL
2025-10-29 15:00:00+00:00,LUCKNOW_001,25.3,997.4,81.0,False,NORMAL
2025-10-29 16:00:00+00:00,LUCKNOW_001,24.9,997.6,85.0,False,NORMAL
2025-10-29 17:00:00+00:00,LUCKNOW_001,24.3,997.8,88.0,False,NORMAL
2025-10-29 18:00:00+00:00,LUCKNOW_001,24.3,997.7,88.0,False,NORMAL
2025-10-29 19:00:00+00:00,LUCKNOW_001,24.3,997.7,88.0,False,NORMAL
2025-10-29 20:00:00+00:00,LUCKNOW_001,23.9,997.5,88.0,False,NORMAL
2025-10-29 21:00:00+00:00,LUCKNOW_001,23.7,997.2,87.0,False,NORMAL
2025-10-29 22:00:00+00:00,LUCKNOW_001,23.3,997.2,89.0,False,NORMAL
2025-10-29 23:00:00+00:00,LUCKNOW_001,23.0,997.1,89.0,False,NORMAL
2025-10-30 00:00:00+00:00,LUCKNOW_001,23.1,997.3,88.0,False,NORMAL
2025-10-30 01:00:00+00:00,LUCKNOW_001,23.1,997.9,88.0,False,NORMAL
2025-10-30 02:00:00+00:00,LUCKNOW_001,23.3,998.5,88.0,False,NORMAL
2025-10-30 03:00:00+00:00,LUCKNOW_001,23.4,999.4,87.0,False,NORMAL
2025-10-30 04:00:00+00:00,LUCKNOW_001,23.4,999.7,87.0,False,NORMAL
2025-10-30 05:00:00+00:00,LUCKNOW_001,24.0,999.9,84.0,False,NORMAL
2025-10-30 06:00:00+00:00,LUCKNOW_001,23.5,999.0,87.0,False,NORMAL
2025-10-30 07:00:00+00:00,LUCKNOW_001,23.1,998.4,89.0,False,NORMAL
2025-10-30 08:00:00+00:00,LUCKNOW_001,22.9,997.4,90.0,False,NORMAL
2025-10-30 09:00:00+00:00,LUCKNOW_001,22.6,996.8,94.0,False,NORMAL
2025-10-30 10:00:00+00:00,LUCKNOW_001,21.2,996.5,98.0,False,NORMAL
2025-10-30 11:00:00+00:00,LUCKNOW_001,21.1,997.1,97.0,False,NORMAL
2025-10-30 12:00:00+00:00,LUCKNOW_001,21.4,997.0,95.0,False,NORMAL
2025-10-30 13:00:00+00:00,LUCKNOW_001,21.4,997.0,95.0,False,NORMAL
2025-10-30 14:00:00+00:00,LUCKNOW_001,21.4,997.5,94.0,False,NORMAL
2025-10-30 15:00:00+00:00,LUCKNOW_001,21.2,997.7,95.0,False,NORMAL
2025-10-30 16:00:00+00:00,LUCKNOW_001,21.2,997.9,95.0,False,NORMAL
2025-10-30 17:00:00+00:00,LUCKNOW_001,21.6,997.7,93.0,False,NORMAL
2025-10-30 18:00:00+00:00,LUCKNOW_001,21.6,997.3,93.0,False,NORMAL
2025-10-30 19:00:00+00:00,LUCKNOW_001,21.6,996.7,92.0,False,NORMAL
2025-10-30 20:00:00+00:00,LUCKNOW_001,21.9,996.8,91.0,False,NORMAL
2025-10-30 21:00:00+00:00,LUCKNOW_001,22.0,996.3,90.0,False,NORMAL
2025-10-30 22:00:00+00:00,LUCKNOW_001,21.7,996.0,94.0,False,NORMAL
2025-10-30 23:00:00+00:00,LUCKNOW_001,21.7,995.9,94.0,False,NORMAL
2025-10-31 00:00:00+00:00,LUCKNOW_001,21.8,995.8,94.0,False,NORMAL
2025-10-31 01:00:00+00:00,LUCKNOW_001,22.0,996.1,94.0,False,NORMAL
2025-10-31 02:00:00+00:00,LUCKNOW_001,22.4,996.7,92.0,False,NORMAL
2025-10-31 03:00:00+00:00,LUCKNOW_001,22.2,997.4,94.0,False,NORMAL
2025-10-31 04:00:00+00:00,LUCKNOW_001,22.1,997.7,95.0,False,NORMAL
2025-10-31 05:00:00+00:00,LUCKNOW_001,22.4,997.3,94.0,False,NORMAL
2025-10-31 06:00:00+00:00,LUCKNOW_001,23.1,997.1,92.0,False,NORMAL
2025-10-31 07:00:00+00:00,LUCKNOW_001,23.3,996.2,90.0,False,NORMAL
2025-10-31 08:00:00+00:00,LUCKNOW_001,24.1,995.6,87.0,False,NORMAL
2025-10-31 09:00:00+00:00,LUCKNOW_001,24.2,995.1,86.0,False,NORMAL
2025-10-31 10:00:00+00:00,LUCKNOW_001,24.2,995.0,90.0,False,NORMAL
2025-10-31 11:00:00+00:00,LUCKNOW_001,24.2,995.2,90.0,False,NORMAL
2025-10-31 12:00:00+00:00,LUCKNOW_001,24.2,995.7,91.0,False,NORMAL
2025-10-31 13:00:00+00:00,LUCKNOW_001,24.1,996.3,91.0,False,NORMAL
2025-10-31 14:00:00+00:00,LUCKNOW_001,24.1,996.9,89.0,False,NORMAL
2025-10-31 15:00:00+00:00,LUCKNOW_001,23.6,997.3,96.0,False,NORMAL
2025-10-31 16:00:00+00:00,LUCKNOW_001,23.6,997.5,97.0,False,NORMAL
2025-10-31 17:00:00+00:00,LUCKNOW_001,23.1,997.4,98.0,False,NORMAL
2025-10-31 18:00:00+00:00,LUCKNOW_001,23.3,997.6,96.0,False,NORMAL
2025-10-31 19:00:00+00:00,LUCKNOW_001,23.2,997.5,97.0,False,NORMAL
2025-10-31 20:00:00+00:00,LUCKNOW_001,22.7,997.4,98.0,False,NORMAL
2025-10-31 21:00:00+00:00,LUCKNOW_001,22.8,997.1,98.0,False,NORMAL
2025-10-31 22:00:00+00:00,LUCKNOW_001,22.3,996.5,99.0,False,NORMAL
2025-10-31 23:00:00+00:00,LUCKNOW_001,21.9,996.3,99.0,False,NORMAL
2025-11-01 00:00:00+00:00,LUCKNOW_001,22.5,996.8,97.0,False,NORMAL
2025-11-01 01:00:00+00:00,LUCKNOW_001,22.6,997.3,96.0,False,NORMAL
2025-11-01 02:00:00+00:00,LUCKNOW_001,23.2,998.1,95.0,False,NORMAL
2025-11-01 03:00:00+00:00,LUCKNOW_001,23.5,998.8,94.0,False,NORMAL
2025-11-01 04:00:00+00:00,LUCKNOW_001,23.9,998.7,91.0,False,NORMAL
2025-11-01 05:00:00+00:00,LUCKNOW_001,26.1,998.8,79.0,False,NORMAL
2025-11-01 06:00:00+00:00,LUCKNOW_001,28.0,998.4,74.0,False,NORMAL
2025-11-01 07:00:00+00:00,LUCKNOW_001,28.4,997.5,71.0,False,NORMAL
2025-11-01 08:00:00+00:00,LUCKNOW_001,29.2,996.7,67.0,False,NORMAL
2025-11-01 09:00:00+00:00,LUCKNOW_001,29.2,996.0,68.0,False,NORMAL
2025-11-01 10:00:00+00:00,LUCKNOW_001,27.3,995.7,74.0,False,NORMAL
2025-11-01 11:00:00+00:00,LUCKNOW_001,27.1,995.7,75.0,False,NORMAL
2025-11-01 12:00:00+00:00,LUCKNOW_001,27.1,996.0,74.0,False,NORMAL
2025-11-01 13:00:00+00:00,LUCKNOW_001,26.6,996.1,78.0,False,NORMAL
2025-11-01 14:00:00+00:00,LUCKNOW_001,25.9,996.8,82.0,False,NORMAL
2025-11-01 15:00:00+00:00,LUCKNOW_001,23.6,997.2,90.0,False,NORMAL
2025-11-01 16:00:00+00:00,LUCKNOW_001,23.5,997.3,90.0,False,NORMAL
2025-11-01 17:00:00+00:00,LUCKNOW_001,23.0,997.3,91.0,False,NORMAL
2025-11-01 18:00:00+00:00,LUCKNOW_001,22.5,997.1,92.0,False,NORMAL
2025-11-01 19:00:00+00:00,LUCKNOW_001,22.6,996.9,92.0,False,NORMAL
2025-11-01 20:00:00+00:00,LUCKNOW_001,21.9,996.7,94.0,False,NORMAL
2025-11-01 21:00:00+00:00,LUCKNOW_001,21.9,996.6,93.0,False,NORMAL
2025-11-01 22:00:00+00:00,LUCKNOW_001,21.2,996.2,93.0,False,NORMAL
2025-11-01 23:00:00+00:00,LUCKNOW_001,21.1,996.1,93.0,False,NORMAL
2025-11-02 00:00:00+00:00,LUCKNOW_001,22.0,996.6,90.0,False,NORMAL
2025-11-02 01:00:00+00:00,LUCKNOW_001,21.8,997.1,91.0,False,NORMAL
2025-11-02 02:00:00+00:00,LUCKNOW_001,22.6,998.2,89.0,False,NORMAL
2025-11-02 03:00:00+00:00,LUCKNOW_001,23.1,998.6,88.0,False,NORMAL
2025-11-02 04:00:00+00:00,LUCKNOW_001,23.4,998.9,88.0,False,NORMAL
2025-11-02 05:00:00+00:00,LUCKNOW_001,26.2,998.6,76.0,False,NORMAL
2025-11-02 06:00:00+00:00,LUCKNOW_001,29.0,998.1,59.0,False,NORMAL
2025-11-02 07:00:00+00:00,LUCKNOW_001,29.3,997.2,53.0,False,NORMAL
2025-11-02 08:00:00+00:00,LUCKNOW_001,30.6,996.4,45.0,False,NORMAL
2025-11-02 09:00:00+00:00,LUCKNOW_001,30.5,995.8,45.0,False,NORMAL
2025-11-02 10:00:00+00:00,LUCKNOW_001,27.6,995.5,63.0,False,NORMAL
2025-11-02 11:00:00+00:00,LUCKNOW_001,26.9,995.4,67.0,False,NORMAL
2025-11-02 12:00:00+00:00,LUCKNOW_001,26.5,995.7,68.0,False,NORMAL
2025-11-02 13:00:00+00:00,LUCKNOW_001,26.1,996.0,69.0,False,NORMAL
2025-11-02 14:00:00+00:00,LUCKNOW_001,25.2,996.4,73.0,False,NORMAL
2025-11-02 15:00:00+00:00,LUCKNOW_001,22.7,996.6,81.0,False,NORMAL
2025-11-02 16:00:00+00:00,LUCKNOW_001,22.7,996.6,80.0,False,NORMAL
2025-11-02 17:00:00+00:00,LUCKNOW_001,21.6,996.6,81.0,False,NORMAL
2025-11-02 18:00:00+00:00,LUCKNOW_001,21.3,996.4,82.0,False,NORMAL
2025-11-02 19:00:00+00:00,LUCKNOW_001,21.1,996.1,82.0,False,NORMAL
2025-11-02 20:00:00+00:00,LUCKNOW_001,20.5,996.0,84.0,False,NORMAL
2025-11-02 21:00:00+00:00,LUCKNOW_001,20.5,995.6,83.0,False,NORMAL
2025-11-02 22:00:00+00:00,LUCKNOW_001,19.3,995.4,87.0,False,NORMAL
2025-11-02 23:00:00+00:00,LUCKNOW_001,19.2,995.3,87.0,False,NORMAL
2025-11-03 00:00:00+00:00,LUCKNOW_001,20.7,995.7,83.0,False,NORMAL
2025-11-03 01:00:00+00:00,LUCKNOW_001,20.6,996.0,86.0,False,NORMAL
2025-11-03 02:00:00+00:00,LUCKNOW_001,21.4,996.7,84.0,False,NORMAL
2025-11-03 03:00:00+00:00,LUCKNOW_001,21.7,996.9,83.0,False,NORMAL
2025-11-03 04:00:00+00:00,LUCKNOW_001,22.0,997.4,82.0,False,NORMAL
2025-11-03 05:00:00+00:00,LUCKNOW_001,25.6,997.3,62.0,False,NORMAL
2025-11-03 06:00:00+00:00,LUCKNOW_001,28.5,996.6,56.0,False,NORMAL
2025-11-03 07:00:00+00:00,LUCKNOW_001,28.9,995.5,53.0,False,NORMAL
2025-11-03 08:00:00+00:00,LUCKNOW_001,30.7,994.4,45.0,False,NORMAL
2025-11-03 09:00:00+00:00,LUCKNOW_001,30.7,994.1,44.0,False,NORMAL
2025-11-03 10:00:00+00:00,LUCKNOW_001,27.1,993.4,60.0,False,NORMAL
2025-11-03 11:00:00+00:00,LUCKNOW_001,26.8,994.0,64.0,False,NORMAL
2025-11-03 12:00:00+00:00,LUCKNOW_001,26.3,994.1,68.0,False,NORMAL
2025-11-03 13:00:00+00:00,LUCKNOW_001,25.8,994.8,70.0,False,NORMAL
2025-11-03 14:00:00+00:00,LUCKNOW_001,24.7,995.4,74.0,False,NORMAL
2025-11-03 15:00:00+00:00,LUCKNOW_001,21.7,995.9,83.0,False,NORMAL
2025-11-03 16:00:00+00:00,LUCKNOW_001,21.4,996.5,84.0,False,NORMAL
2025-11-03 17:00:00+00:00,LUCKNOW_001,20.4,996.6,86.0,False,NORMAL
2025-11-03 18:00:00+00:00,LUCKNOW_001,19.9,996.3,87.0,False,NORMAL
2025-11-03 19:00:00+00:00,LUCKNOW_001,19.5,996.2,89.0,False,NORMAL
2025-11-03 20:00:00+00:00,LUCKNOW_001,18.9,996.2,90.0,False,NORMAL
2025-11-03 21:00:00+00:00,LUCKNOW_001,18.6,996.0,90.0,False,NORMAL
2025-11-03 22:00:00+00:00,LUCKNOW_001,17.8,995.4,95.0,False,NORMAL
2025-11-03 23:00:00+00:00,LUCKNOW_001,17.5,995.6,94.0,False,NORMAL
2025-11-04 00:00:00+00:00,LUCKNOW_001,18.9,995.9,90.0,False,NORMAL
2025-11-04 01:00:00+00:00,LUCKNOW_001,18.8,996.4,91.0,False,NORMAL
2025-11-04 02:00:00+00:00,LUCKNOW_001,20.2,997.1,87.0,False,NORMAL
2025-11-04 03:00:00+00:00,LUCKNOW_001,21.1,997.7,83.0,False,NORMAL
2025-11-04 04:00:00+00:00,LUCKNOW_001,21.7,998.0,80.0,False,NORMAL
2025-11-04 05:00:00+00:00,LUCKNOW_001,25.2,998.2,66.0,False,NORMAL
2025-11-04 06:00:00+00:00,LUCKNOW_001,29.2,997.6,52.0,False,NORMAL
2025-11-04 07:00:00+00:00,LUCKNOW_001,29.7,996.7,50.0,False,NORMAL
2025-11-04 08:00:00+00:00,LUCKNOW_001,31.0,995.7,44.0,False,NORMAL
2025-11-04 09:00:00+00:00,LUCKNOW_001,31.1,995.0,44.0,False,NORMAL
2025-11-04 10:00:00+00:00,LUCKNOW_001,26.9,994.3,64.0,False,NORMAL
2025-11-04 11:00:00+00:00,LUCKNOW_001,26.4,994.8,68.0,False,NORMAL
2025-11-04 12:00:00+00:00,LUCKNOW_001,25.3,994.8,75.0,False,NORMAL
2025-11-04 13:00:00+00:00,LUCKNOW_001,24.8,995.1,78.0,False,NORMAL
2025-11-04 14:00:00+00:00,LUCKNOW_001,24.1,995.2,81.0,False,NORMAL
2025-11-04 15:00:00+00:00,LUCKNOW_001,21.0,995.5,90.0,False,NORMAL
2025-11-04 16:00:00+00:00,LUCKNOW_001,20.8,995.8,91.0,False,NORMAL
2025-11-04 17:00:00+00:00,LUCKNOW_001,20.4,996.2,92.0,False,NORMAL
2025-11-04 18:00:00+00:00,LUCKNOW_001,20.9,996.2,87.0,False,NORMAL
2025-11-04 19:00:00+00:00,LUCKNOW_001,21.1,995.8,84.0,False,NORMAL
2025-11-04 20:00:00+00:00,LUCKNOW_001,21.2,995.7,79.0,False,NORMAL
2025-11-04 21:00:00+00:00,LUCKNOW_001,21.2,995.2,74.0,False,NORMAL
2025-11-04 22:00:00+00:00,LUCKNOW_001,19.3,995.0,91.0,False,NORMAL
2025-11-04 23:00:00+00:00,LUCKNOW_001,19.4,994.9,92.0,False,NORMAL
2025-11-05 00:00:00+00:00,LUCKNOW_001,20.8,995.0,87.0,False,NORMAL
2025-11-05 01:00:00+00:00,LUCKNOW_001,20.4,995.6,88.0,False,NORMAL
2025-11-05 02:00:00+00:00,LUCKNOW_001,21.8,995.8,84.0,False,NORMAL
2025-11-05 03:00:00+00:00,LUCKNOW_001,22.4,996.4,81.0,False,NORMAL
2025-11-05 04:00:00+00:00,LUCKNOW_001,23.0,996.6,79.0,False,NORMAL
2025-11-05 05:00:00+00:00,LUCKNOW_001,27.0,996.5,63.0,False,NORMAL
2025-11-05 06:00:00+00:00,LUCKNOW_001,29.4,996.0,52.0,False,NORMAL
2025-11-05 07:00:00+00:00,LUCKNOW_001,29.6,994.9,52.0,False,NORMAL
2025-11-05 08:00:00+00:00,LUCKNOW_001,30.8,994.3,47.0,False,NORMAL
2025-11-05 09:00:00+00:00,LUCKNOW_001,31.0,993.8,48.0,False,NORMAL
2025-11-05 10:00:00+00:00,LUCKNOW_001,27.8,993.4,63.0,False,NORMAL
2025-11-05 11:00:00+00:00,LUCKNOW_001,27.6,993.8,64.0,False,NORMAL
2025-11-05 12:00:00+00:00,LUCKNOW_001,27.2,993.8,67.0,False,NORMAL
2025-11-05 13:00:00+00:00,LUCKNOW_001,26.9,994.5,69.0,False,NORMAL
2025-11-05 14:00:00+00:00,LUCKNOW_001,25.8,994.9,74.0,False,NORMAL
2025-11-05 15:00:00+00:00,LUCKNOW_001,22.6,995.4,83.0,False,NORMAL
2025-11-05 16:00:00+00:00,LUCKNOW_001,22.5,995.6,83.0,False,NORMAL
2025-11-05 17:00:00+00:00,LUCKNOW_001,21.6,995.9,88.0,False,NORMAL
2025-11-05 18:00:00+00:00,LUCKNOW_001,21.6,996.0,90.0,False,NORMAL
2025-11-05 19:00:00+00:00,LUCKNOW_001,21.4,995.8,91.0,False,NORMAL
2025-11-05 20:00:00+00:00,LUCKNOW_001,20.9,995.6,92.0,False,NORMAL
2025-11-05 21:00:00+00:00,LUCKNOW_001,20.7,995.5,93.0,False,NORMAL
2025-11-05 22:00:00+00:00,LUCKNOW_001,19.8,995.3,94.0,False,NORMAL
2025-11-05 23:00:00+00:00,LUCKNOW_001,19.6,995.4,95.0,False,NORMAL
2025-11-06 00:00:00+00:00,LUCKNOW_001,21.5,996.4,86.0,False,NORMAL
2025-11-06 01:00:00+00:00,LUCKNOW_001,21.4,996.7,87.0,False,NORMAL
2025-11-06 02:00:00+00:00,LUCKNOW_001,22.1,997.8,84.0,False,NORMAL
2025-11-06 03:00:00+00:00,LUCKNOW_001,22.1,998.7,81.0,False,NORMAL
2025-11-06 04:00:00+00:00,LUCKNOW_001,22.5,999.0,77.0,False,NORMAL
2025-11-06 05:00:00+00:00,LUCKNOW_001,26.2,999.2,61.0,False,NORMAL
2025-11-06 06:00:00+00:00,LUCKNOW_001,28.7,998.7,49.0,False,NORMAL
2025-11-06 07:00:00+00:00,LUCKNOW_001,29.0,997.7,44.0,False,NORMAL
2025-11-06 08:00:00+00:00,LUCKNOW_001,30.4,997.2,35.0,False,NORMAL
2025-11-06 09:00:00+00:00,LUCKNOW_001,30.4,996.4,35.0,False,NORMAL
2025-11-06 10:00:00+00:00,LUCKNOW_001,26.4,996.1,49.0,False,NORMAL
2025-11-06 11:00:00+00:00,LUCKNOW_001,26.2,996.4,50.0,False,NORMAL
2025-11-06 12:00:00+00:00,LUCKNOW_001,26.0,996.6,53.0,False,NORMAL
2025-11-06 13:00:00+00:00,LUCKNOW_001,25.4,997.2,56.0,False,NORMAL
2025-11-06 14:00:00+00:00,LUCKNOW_001,23.3,998.0,62.0,False,NORMAL
2025-11-06 15:00:00+00:00,LUCKNOW_001,21.0,998.4,67.0,False,NORMAL
2025-11-06 16:00:00+00:00,LUCKNOW_001,20.7,999.0,69.0,False,NORMAL
2025-11-06 17:00:00+00:00,LUCKNOW_001,19.2,999.0,71.0,False,NORMAL
2025-11-06 18:00:00+00:00,LUCKNOW_001,18.8,999.0,71.0,False,NORMAL
2025-11-06 19:00:00+00:00,LUCKNOW_001,18.5,999.0,70.0,False,NORMAL
2025-11-06 20:00:00+00:00,LUCKNOW_001,17.4,998.6,71.0,False,NORMAL
2025-11-06 21:00:00+00:00,LUCKNOW_001,17.4,998.7,70.0,False,NORMAL
2025-11-06 22:00:00+00:00,LUCKNOW_001,15.6,998.6,69.0,False,NORMAL
2025-11-06 23:00:00+00:00,LUCKNOW_001,15.2,998.7,70.0,False,NORMAL
2025-11-07 00:00:00+00:00,LUCKNOW_001,16.8,999.2,69.0,False,NORMAL
2025-11-07 01:00:00+00:00,LUCKNOW_001,16.6,1000.1,70.0,False,NORMAL
2025-11-07 02:00:00+00:00,LUCKNOW_001,17.2,1000.6,70.0,False,NORMAL
2025-11-07 03:00:00+00:00,LUCKNOW_001,19.3,1001.7,65.0,False,NORMAL
2025-11-07 04:00:00+00:00,LUCKNOW_001,19.8,1002.1,63.0,False,NORMAL
2025-11-07 05:00:00+00:00,LUCKNOW_001,22.1,1002.0,54.0,False,NORMAL
2025-11-07 06:00:00+00:00,LUCKNOW_001,26.5,1001.5,42.0,False,NORMAL
2025-11-07 07:00:00+00:00,LUCKNOW_001,27.1,1000.4,43.0,False,NORMAL
2025-11-07 08:00:00+00:00,LUCKNOW_001,28.7,999.8,39.0,False,NORMAL
2025-11-07 09:00:00+00:00,LUCKNOW_001,28.9,999.0,38.0,False,NORMAL
2025-11-07 10:00:00+00:00,LUCKNOW_001,25.1,998.3,54.0,False,NORMAL
2025-11-07 11:00:00+00:00,LUCKNOW_001,24.9,998.2,56.0,False,NORMAL
2025-11-07 12:00:00+00:00,LUCKNOW_001,24.8,998.8,59.0,False,NORMAL
2025-11-07 13:00:00+00:00,LUCKNOW_001,24.2,999.2,62.0,False,NORMAL
2025-11-07 14:00:00+00:00,LUCKNOW_001,22.7,999.9,68.0,False,NORMAL
2025-11-07 15:00:00+00:00,LUCKNOW_001,18.8,1000.3,78.0,False,NORMAL
2025-11-07 16:00:00+00:00,LUCKNOW_001,18.4,1000.3,81.0,False,NORMAL
2025-11-07 17:00:00+00:00,LUCKNOW_001,17.2,1000.4,83.0,False,NORMAL
2025-11-07 18:00:00+00:00,LUCKNOW_001,17.1,1000.1,84.0,False,NORMAL
2025-11-07 19:00:00+00:00,LUCKNOW_001,16.9,999.9,84.0,False,NORMAL
2025-11-07 20:00:00+00:00,LUCKNOW_001,16.0,999.9,87.0,False,NORMAL
2025-11-07 21:00:00+00:00,LUCKNOW_001,16.1,999.7,86.0,False,NORMAL
2025-11-07 22:00:00+00:00,LUCKNOW_001,14.7,999.8,92.0,False,NORMAL
2025-11-07 23:00:00+00:00,LUCKNOW_001,14.7,999.7,91.0,False,NORMAL
2025-11-08 00:00:00+00:00,LUCKNOW_001,16.4,1000.2,84.0,False,NORMAL
2025-11-08 01:00:00+00:00,LUCKNOW_001,16.3,1000.8,84.0,False,NORMAL
2025-11-08 02:00:00+00:00,LUCKNOW_001,17.5,1001.8,78.0,False,NORMAL
2025-11-08 03:00:00+00:00,LUCKNOW_001,18.1,1002.3,75.0,False,NORMAL
2025-11-08 04:00:00+00:00,LUCKNOW_001,18.8,1002.7,72.0,False,NORMAL
2025-11-08 05:00:00+00:00,LUCKNOW_001,23.7,1002.7,54.0,False,NORMAL
2025-11-08 06:00:00+00:00,LUCKNOW_001,26.9,1002.3,47.0,False,NORMAL
2025-11-08 07:00:00+00:00,LUCKNOW_001,27.4,1001.1,45.0,False,NORMAL
2025-11-08 08:00:00+00:00,LUCKNOW_001,29.5,1000.6,36.0,False,NORMAL
2025-11-08 09:00:00+00:00,LUCKNOW_001,29.6,999.8,34.0,False,NORMAL
2025-11-08 10:00:00+00:00,LUCKNOW_001,25.6,999.3,49.0,False,NORMAL
2025-11-08 11:00:00+00:00,LUCKNOW_001,25.2,999.4,55.0,False,NORMAL
2025-11-08 12:00:00+00:00,LUCKNOW_001,24.4,999.4,57.0,False,NORMAL
2025-11-08 13:00:00+00:00,LUCKNOW_001,23.9,999.8,59.0,False,NORMAL
2025-11-08 14:00:00+00:00,LUCKNOW_001,22.4,1000.4,64.0,False,NORMAL
2025-11-08 15:00:00+00:00,LUCKNOW_001,19.4,1000.7,71.0,False,NORMAL
2025-11-08 16:00:00+00:00,LUCKNOW_001,19.0,1000.7,71.0,False,NORMAL
2025-11-08 17:00:00+00:00,LUCKNOW_001,17.5,1000.7,74.0,False,NORMAL
2025-11-08 18:00:00+00:00,LUCKNOW_001,17.2,1000.2,75.0,False,NORMAL
2025-11-08 19:00:00+00:00,LUCKNOW_001,16.8,999.7,77.0,False,NORMAL
2025-11-08 20:00:00+00:00,LUCKNOW_001,15.5,999.4,80.0,False,NORMAL
2025-11-08 21:00:00+00:00,LUCKNOW_001,15.2,999.2,80.0,False,NORMAL
2025-11-08 22:00:00+00:00,LUCKNOW_001,14.3,998.9,81.0,False,NORMAL
2025-11-08 23:00:00+00:00,LUCKNOW_001,14.0,998.8,82.0,False,NORMAL
2025-11-09 00:00:00+00:00,LUCKNOW_001,15.3,999.1,79.0,False,NORMAL
2025-11-09 01:00:00+00:00,LUCKNOW_001,15.3,999.7,79.0,False,NORMAL
2025-11-09 02:00:00+00:00,LUCKNOW_001,16.9,1000.4,74.0,False,NORMAL
2025-11-09 03:00:00+00:00,LUCKNOW_001,17.4,1001.4,72.0,False,NORMAL
2025-11-09 04:00:00+00:00,LUCKNOW_001,18.3,1001.6,68.0,False,NORMAL
2025-11-09 05:00:00+00:00,LUCKNOW_001,23.3,1001.6,51.0,False,NORMAL
2025-11-09 06:00:00+00:00,LUCKNOW_001,26.3,1000.9,43.0,False,NORMAL
2025-11-09 07:00:00+00:00,LUCKNOW_001,26.7,999.9,39.0,False,NORMAL
2025-11-09 08:00:00+00:00,LUCKNOW_001,28.5,999.2,31.0,False,NORMAL
2025-11-09 09:00:00+00:00,LUCKNOW_001,28.7,998.3,31.0,False,NORMAL
2025-11-09 10:00:00+00:00,LUCKNOW_001,24.4,997.6,51.0,False,NORMAL
2025-11-09 11:00:00+00:00,LUCKNOW_001,24.1,997.9,55.0,False,NORMAL
2025-11-09 12:00:00+00:00,LUCKNOW_001,23.5,997.9,58.0,False,NORMAL
2025-11-09 13:00:00+00:00,LUCKNOW_001,23.1,998.3,59.0,False,NORMAL
2025-11-09 14:00:00+00:00,LUCKNOW_001,20.7,998.9,62.0,False,NORMAL
2025-11-09 15:00:00+00:00,LUCKNOW_001,17.9,999.0,71.0,False,NORMAL
2025-11-09 16:00:00+00:00,LUCKNOW_001,17.4,999.2,73.0,False,NORMAL
2025-11-09 17:00:00+00:00,LUCKNOW_001,16.3,999.0,75.0,False,NORMAL
2025-11-09 18:00:00+00:00,LUCKNOW_001,16.0,998.8,77.0,False,NORMAL
2025-11-09 19:00:00+00:00,LUCKNOW_001,15.8,998.6,77.0,False,NORMAL
2025-11-09 20:00:00+00:00,LUCKNOW_001,14.9,998.2,80.0,False,NORMAL
2025-11-09 21:00:00+00:00,LUCKNOW_001,14.6,998.1,82.0,False,NORMAL
2025-11-09 22:00:00+00:00,LUCKNOW_001,13.6,997.8,85.0,False,NORMAL
2025-11-09 23:00:00+00:00,LUCKNOW_001,13.6,997.9,85.0,False,NORMAL
2025-11-10 00:00:00+00:00,LUCKNOW_001,15.1,998.1,81.0,False,NORMAL
2025-11-10 01:00:00+00:00,LUCKNOW_001,15.0,999.0,83.0,False,NORMAL
2025-11-10 02:00:00+00:00,LUCKNOW_001,16.5,1000.0,76.0,False,NORMAL
2025-11-10 03:00:00+00:00,LUCKNOW_001,17.3,1000.9,74.0,False,NORMAL
2025-11-10 04:00:00+00:00,LUCKNOW_001,18.0,1001.5,70.0,False,NORMAL
2025-11-10 05:00:00+00:00,LUCKNOW_001,23.2,1001.4,53.0,False,NORMAL
2025-11-10 06:00:00+00:00,LUCKNOW_001,26.3,1000.9,44.0,False,NORMAL
2025-11-10 07:00:00+00:00,LUCKNOW_001,26.9,1000.0,37.0,False,NORMAL
2025-11-10 08:00:00+00:00,LUCKNOW_001,28.4,999.4,32.0,False,NORMAL
2025-11-10 09:00:00+00:00,LUCKNOW_001,28.5,998.8,31.0,False,NORMAL
2025-11-10 10:00:00+00:00,LUCKNOW_001,24.7,998.2,53.0,False,NORMAL
2025-11-10 11:00:00+00:00,LUCKNOW_001,24.4,998.6,55.0,False,NORMAL
2025-11-10 12:00:00+00:00,LUCKNOW_001,23.3,998.8,62.0,False,NORMAL
2025-11-10 13:00:00+00:00,LUCKNOW_001,22.6,999.1,64.0,False,NORMAL
2025-11-10 14:00:00+00:00,LUCKNOW_001,20.4,999.6,69.0,False,NORMAL
2025-11-10 15:00:00+00:00,LUCKNOW_001,17.1,999.7,77.0,False,NORMAL
2025-11-10 16:00:00+00:00,LUCKNOW_001,16.8,999.8,79.0,False,NORMAL
2025-11-10 17:00:00+00:00,LUCKNOW_001,15.9,1000.1,81.0,False,NORMAL
2025-11-10 18:00:00+00:00,LUCKNOW_001,15.5,999.7,81.0,False,NORMAL
2025-11-10 19:00:00+00:00,LUCKNOW_001,15.5,999.5,81.0,False,NORMAL
2025-11-10 20:00:00+00:00,LUCKNOW_001,14.8,999.0,82.0,False,NORMAL
2025-11-10 21:00:00+00:00,LUCKNOW_001,14.4,998.8,84.0,False,NORMAL
2025-11-10 22:00:00+00:00,LUCKNOW_001,13.4,998.4,87.0,False,NORMAL
2025-11-10 23:00:00+00:00,LUCKNOW_001,13.6,998.4,85.0,False,NORMAL
2025-11-11 00:00:00+00:00,LUCKNOW_001,14.9,999.3,82.0,False,NORMAL
2025-11-11 01:00:00+00:00,LUCKNOW_001,14.7,999.8,82.0,False,NORMAL
2025-11-11 02:00:00+00:00,LUCKNOW_001,16.2,1000.8,77.0,False,NORMAL
2025-11-11 03:00:00+00:00,LUCKNOW_001,16.8,1001.2,73.0,False,NORMAL
2025-11-11 04:00:00+00:00,LUCKNOW_001,17.8,1002.1,69.0,False,NORMAL
2025-11-11 05:00:00+00:00,LUCKNOW_001,24.2,1001.7,48.0,False,NORMAL
2025-11-11 06:00:00+00:00,LUCKNOW_001,26.5,1001.5,37.0,False,NORMAL
2025-11-11 07:00:00+00:00,LUCKNOW_001,26.9,1000.5,36.0,False,NORMAL
2025-11-11 08:00:00+00:00,LUCKNOW_001,28.3,999.8,32.0,False,NORMAL
2025-11-11 09:00:00+00:00,LUCKNOW_001,28.3,999.1,32.0,False,NORMAL
2025-11-11 10:00:00+00:00,LUCKNOW_001,24.4,998.6,49.0,False,NORMAL
2025-11-11 11:00:00+00:00,LUCKNOW_001,24.2,998.6,52.0,False,NORMAL
2025-11-11 12:00:00+00:00,LUCKNOW_001,23.7,998.9,56.0,False,NORMAL
2025-11-11 13:00:00+00:00,LUCKNOW_001,23.2,999.5,58.0,False,NORMAL
2025-11-11 14:00:00+00:00,LUCKNOW_001,20.9,999.9,63.0,False,NORMAL
2025-11-11 15:00:00+00:00,LUCKNOW_001,18.2,1000.4,70.0,False,NORMAL
2025-11-11 16:00:00+00:00,LUCKNOW_001,17.8,1000.6,71.0,False,NORMAL
2025-11-11 17:00:00+00:00,LUCKNOW_001,16.5,1000.7,75.0,False,NORMAL
2025-11-11 18:00:00+00:00,LUCKNOW_001,16.2,1000.2,76.0,False,NORMAL
2025-11-11 19:00:00+00:00,LUCKNOW_001,16.2,1000.0,76.0,False,NORMAL
2025-11-11 20:00:00+00:00,LUCKNOW_001,15.0,999.6,80.0,False,NORMAL
2025-11-11 21:00:00+00:00,LUCKNOW_001,14.8,999.5,80.0,False,NORMAL
2025-11-11 22:00:00+00:00,LUCKNOW_001,13.8,999.6,82.0,False,NORMAL
2025-11-11 23:00:00+00:00,LUCKNOW_001,13.7,999.5,83.0,False,NORMAL
2025-11-12 00:00:00+00:00,LUCKNOW_001,15.1,1000.0,79.0,False,NORMAL
2025-11-12 01:00:00+00:00,LUCKNOW_001,15.0,1000.5,79.0,False,NORMAL
2025-11-12 02:00:00+00:00,LUCKNOW_001,16.4,1001.5,75.0,False,NORMAL
2025-11-12 03:00:00+00:00,LUCKNOW_001,17.1,1002.2,72.0,False,NORMAL
2025-11-12 04:00:00+00:00,LUCKNOW_001,18.0,1002.5,69.0,False,NORMAL
2025-11-12 05:00:00+00:00,LUCKNOW_001,23.4,1002.7,49.0,False,NORMAL
2025-11-12 06:00:00+00:00,LUCKNOW_001,26.1,1002.2,40.0,False,NORMAL
2025-11-12 07:00:00+00:00,LUCKNOW_001,26.5,1001.6,38.0,False,NORMAL
2025-11-12 08:00:00+00:00,LUCKNOW_001,28.2,1000.9,31.0,False,NORMAL
2025-11-12 09:00:00+00:00,LUCKNOW_001,28.5,1000.3,30.0,False,NORMAL
2025-11-12 10:00:00+00:00,LUCKNOW_001,24.5,999.8,49.0,False,NORMAL
2025-11-12 11:00:00+00:00,LUCKNOW_001,24.2,1000.1,50.0,False,NORMAL
2025-11-12 12:00:00+00:00,LUCKNOW_001,23.4,1000.3,56.0,False,NORMAL
2025-11-12 13:00:00+00:00,LUCKNOW_001,22.7,1000.7,59.0,False,NORMAL
2025-11-12 14:00:00+00:00,LUCKNOW_001,20.8,1001.3,64.0,False,NORMAL
2025-11-12 15:00:00+00:00,LUCKNOW_001,17.8,1001.6,72.0,False,NORMAL
2025-11-12 16:00:00+00:00,LUCKNOW_001,17.6,1002.0,73.0,False,NORMAL
2025-11-12 17:00:00+00:00,LUCKNOW_001,16.2,1001.7,76.0,False,NORMAL
2025-11-12 18:00:00+00:00,LUCKNOW_001,16.1,1001.9,77.0,False,NORMAL
2025-11-12 19:00:00+00:00,LUCKNOW_001,15.7,1001.4,78.0,False,NORMAL
2025-11-12 20:00:00+00:00,LUCKNOW_001,14.5,1001.3,81.0,False,NORMAL
2025-11-12 21:00:00+00:00,LUCKNOW_001,14.6,1000.8,81.0,False,NORMAL
2025-11-12 22:00:00+00:00,LUCKNOW_001,13.7,1001.1,85.0,False,NORMAL
2025-11-12 23:00:00+00:00,LUCKNOW_001,13.2,1001.2,87.0,False,NORMAL
2025-11-13 00:00:00+00:00,LUCKNOW_001,15.2,1001.6,81.0,False,NORMAL
2025-11-13 01:00:00+00:00,LUCKNOW_001,14.9,1002.7,81.0,False,NORMAL
2025-11-13 02:00:00+00:00,LUCKNOW_001,15.9,1003.5,78.0,False,NORMAL
2025-11-13 03:00:00+00:00,LUCKNOW_001,16.8,1004.3,74.0,False,NORMAL
2025-11-13 04:00:00+00:00,LUCKNOW_001,17.7,1004.7,69.0,False,NORMAL
2025-11-13 05:00:00+00:00,LUCKNOW_001,23.8,1004.9,49.0,False,NORMAL
2025-11-13 06:00:00+00:00,LUCKNOW_001,26.1,1004.4,39.0,False,NORMAL
2025-11-13 07:00:00+00:00,LUCKNOW_001,26.1,1003.3,38.0,False,NORMAL
2025-11-13 08:00:00+00:00,LUCKNOW_001,28.5,1002.5,29.0,False,NORMAL
2025-11-13 09:00:00+00:00,LUCKNOW_001,28.8,1001.7,29.0,False,NORMAL
2025-11-13 10:00:00+00:00,LUCKNOW_001,24.6,1001.0,48.0,False,NORMAL
2025-11-13 11:00:00+00:00,LUCKNOW_001,24.5,1001.2,48.0,False,NORMAL
2025-11-13 12:00:00+00:00,LUCKNOW_001,23.4,1001.6,55.0,False,NORMAL
2025-11-13 13:00:00+00:00,LUCKNOW_001,22.6,1001.8,59.0,False,NORMAL
2025-11-13 14:00:00+00:00,LUCKNOW_001,20.5,1002.5,64.0,False,NORMAL
2025-11-13 15:00:00+00:00,LUCKNOW_001,17.7,1002.6,70.0,False,NORMAL
2025-11-13 16:00:00+00:00,LUCKNOW_001,17.5,1002.6,71.0,False,NORMAL
2025-11-13 17:00:00+00:00,LUCKNOW_001,16.2,1002.9,75.0,False,NORMAL
2025-11-13 18:00:00+00:00,LUCKNOW_001,16.2,1002.4,75.0,False,NORMAL
2025-11-13 19:00:00+00:00,LUCKNOW_001,16.0,1002.2,76.0,False,NORMAL
2025-11-13 20:00:00+00:00,LUCKNOW_001,14.8,1001.9,81.0,False,NORMAL
2025-11-13 21:00:00+00:00,LUCKNOW_001,14.4,1001.4,81.0,False,NORMAL
2025-11-13 22:00:00+00:00,LUCKNOW_001,13.6,1001.6,87.0,False,NORMAL
2025-11-13 23:00:00+00:00,LUCKNOW_001,13.3,1001.4,87.0,False,NORMAL
2025-11-14 00:00:00+00:00,LUCKNOW_001,14.4,1001.8,84.0,False,NORMAL
2025-11-14 01:00:00+00:00,LUCKNOW_001,14.2,1002.5,85.0,False,NORMAL
2025-11-14 02:00:00+00:00,LUCKNOW_001,15.3,1003.4,79.0,False,NORMAL
2025-11-14 03:00:00+00:00,LUCKNOW_001,16.3,1004.4,75.0,False,NORMAL
2025-11-14 04:00:00+00:00,LUCKNOW_001,17.5,1004.7,70.0,False,NORMAL
2025-11-14 05:00:00+00:00,LUCKNOW_001,24.2,1004.9,47.0,False,NORMAL
2025-11-14 06:00:00+00:00,LUCKNOW_001,26.0,1004.3,35.0,False,NORMAL
2025-11-14 07:00:00+00:00,LUCKNOW_001,26.1,1003.3,34.0,False,NORMAL
2025-11-14 08:00:00+00:00,LUCKNOW_001,27.9,1002.4,26.0,False,NORMAL
2025-11-14 09:00:00+00:00,LUCKNOW_001,27.9,1001.8,26.0,False,NORMAL
2025-11-14 10:00:00+00:00,LUCKNOW_001,23.6,1000.9,45.0,False,NORMAL
2025-11-14 11:00:00+00:00,LUCKNOW_001,23.5,1001.2,47.0,False,NORMAL
2025-11-14 12:00:00+00:00,LUCKNOW_001,22.0,1001.6,54.0,False,NORMAL
2025-11-14 13:00:00+00:00,LUCKNOW_001,21.1,1001.9,56.0,False,NORMAL
2025-11-14 14:00:00+00:00,LUCKNOW_001,18.9,1002.5,62.0,False,NORMAL
2025-11-14 15:00:00+00:00,LUCKNOW_001,16.6,1002.7,68.0,False,NORMAL
2025-11-14 16:00:00+00:00,LUCKNOW_001,16.0,1002.8,70.0,False,NORMAL
2025-11-14 17:00:00+00:00,LUCKNOW_001,14.6,1002.6,76.0,False,NORMAL
2025-11-14 18:00:00+00:00,LUCKNOW_001,14.7,1002.4,76.0,False,NORMAL
2025-11-14 19:00:00+00:00,LUCKNOW_001,14.3,1002.3,77.0,False,NORMAL
2025-11-14 20:00:00+00:00,LUCKNOW_001,13.1,1002.0,82.0,False,NORMAL
2025-11-14 21:00:00+00:00,LUCKNOW_001,13.0,1002.1,84.0,False,NORMAL
2025-11-14 22:00:00+00:00,LUCKNOW_001,12.0,1002.0,91.0,False,NORMAL
2025-11-14 23:00:00+00:00,LUCKNOW_001,11.8,1002.3,91.0,False,NORMAL
2025-11-15 00:00:00+00:00,LUCKNOW_001,13.1,1002.7,87.0,False,NORMAL
2025-11-15 01:00:00+00:00,LUCKNOW_001,13.0,1003.5,87.0,False,NORMAL
2025-11-15 02:00:00+00:00,LUCKNOW_001,14.4,1004.5,81.0,False,NORMAL
2025-11-15 03:00:00+00:00,LUCKNOW_001,15.6,1005.0,77.0,False,NORMAL
2025-11-15 04:00:00+00:00,LUCKNOW_001,17.1,1005.5,72.0,False,NORMAL
2025-11-15 05:00:00+00:00,LUCKNOW_001,23.1,1005.8,52.0,False,NORMAL
2025-11-15 06:00:00+00:00,LUCKNOW_001,25.9,1005.0,36.0,False,NORMAL
2025-11-15 07:00:00+00:00,LUCKNOW_001,26.1,1004.3,35.0,False,NORMAL
2025-11-15 08:00:00+00:00,LUCKNOW_001,27.5,1003.2,30.0,False,NORMAL
2025-11-15 09:00:00+00:00,LUCKNOW_001,27.6,1002.8,29.0,False,NORMAL
2025-11-15 10:00:00+00:00,LUCKNOW_001,23.5,1002.2,49.0,False,NORMAL
2025-11-15 11:00:00+00:00,LUCKNOW_001,23.1,1002.4,56.0,False,NORMAL
2025-11-15 12:00:00+00:00,LUCKNOW_001,22.2,1002.7,57.0,False,NORMAL
2025-11-15 13:00:00+00:00,LUCKNOW_001,21.0,1002.8,62.0,False,NORMAL
2025-11-15 14:00:00+00:00,LUCKNOW_001,19.0,1003.4,68.0,False,NORMAL
2025-11-15 15:00:00+00:00,LUCKNOW_001,16.1,1003.8,76.0,False,NORMAL
2025-11-15 16:00:00+00:00,LUCKNOW_001,15.6,1004.2,80.0,False,NORMAL
2025-11-15 17:00:00+00:00,LUCKNOW_001,14.4,1004.3,86.0,False,NORMAL
2025-11-15 18:00:00+00:00,LUCKNOW_001,14.1,1004.1,87.0,False,NORMAL
2025-11-15 19:00:00+00:00,LUCKNOW_001,14.1,1004.0,88.0,False,NORMAL
2025-11-15 20:00:00+00:00,LUCKNOW_001,13.2,1004.1,91.0,False,NORMAL
2025-11-15 21:00:00+00:00,LUCKNOW_001,13.2,1003.9,92.0,False,NORMAL
2025-11-15 22:00:00+00:00,LUCKNOW_001,12.4,1003.9,93.0,False,NORMAL
2025-11-15 23:00:00+00:00,LUCKNOW_001,12.4,1004.0,92.0,False,NORMAL
2025-11-16 00:00:00+00:00,LUCKNOW_001,13.7,1004.2,89.0,False,NORMAL
2025-11-16 01:00:00+00:00,LUCKNOW_001,13.6,1005.0,89.0,False,NORMAL
2025-11-16 02:00:00+00:00,LUCKNOW_001,15.4,1005.8,82.0,False,NORMAL
2025-11-16 03:00:00+00:00,LUCKNOW_001,16.4,1006.6,79.0,False,NORMAL
2025-11-16 04:00:00+00:00,LUCKNOW_001,17.4,1006.9,72.0,False,NORMAL
2025-11-16 05:00:00+00:00,LUCKNOW_001,24.4,1007.1,50.0,False,NORMAL
2025-11-16 06:00:00+00:00,LUCKNOW_001,25.9,1006.4,39.0,False,NORMAL
2025-11-16 07:00:00+00:00,LUCKNOW_001,26.1,1005.5,39.0,False,NORMAL
2025-11-16 08:00:00+00:00,LUCKNOW_001,27.7,1004.5,33.0,False,NORMAL
2025-11-16 09:00:00+00:00,LUCKNOW_001,27.7,1004.0,33.0,False,NORMAL
2025-11-16 10:00:00+00:00,LUCKNOW_001,24.2,1003.1,52.0,False,NORMAL
2025-11-16 11:00:00+00:00,LUCKNOW_001,23.9,1003.2,55.0,False,NORMAL
2025-11-16 12:00:00+00:00,LUCKNOW_001,22.5,1003.5,60.0,False,NORMAL
2025-11-16 13:00:00+00:00,LUCKNOW_001,22.1,1003.6,63.0,False,NORMAL
2025-11-16 14:00:00+00:00,LUCKNOW_001,20.1,1004.2,68.0,False,NORMAL
2025-11-16 15:00:00+00:00,LUCKNOW_001,17.4,1004.3,77.0,False,NORMAL
2025-11-16 16:00:00+00:00,LUCKNOW_001,17.1,1004.7,77.0,False,NORMAL
2025-11-16 17:00:00+00:00,LUCKNOW_001,16.0,1004.5,80.0,False,NORMAL
2025-11-16 18:00:00+00:00,LUCKNOW_001,15.9,1004.5,79.0,False,NORMAL
2025-11-16 19:00:00+00:00,LUCKNOW_001,15.5,1004.1,79.0,False,NORMAL
2025-11-16 20:00:00+00:00,LUCKNOW_001,14.6,1004.0,82.0,False,NORMAL
2025-11-16 21:00:00+00:00,LUCKNOW_001,14.1,1003.6,85.0,False,NORMAL
2025-11-16 22:00:00+00:00,LUCKNOW_001,13.2,1003.4,89.0,False,NORMAL
2025-11-16 23:00:00+00:00,LUCKNOW_001,12.6,1003.2,90.0,False,NORMAL
2025-11-17 00:00:00+00:00,LUCKNOW_001,13.7,1003.8,87.0,False,NORMAL
2025-11-17 01:00:00+00:00,LUCKNOW_001,13.5,1004.6,88.0,False,NORMAL
2025-11-17 02:00:00+00:00,LUCKNOW_001,15.6,1005.6,80.0,False,NORMAL
2025-11-17 03:00:00+00:00,LUCKNOW_001,16.3,1005.8,78.0,False,NORMAL
2025-11-17 04:00:00+00:00,LUCKNOW_001,17.8,1006.1,71.0,False,NORMAL
2025-11-17 05:00:00+00:00,LUCKNOW_001,24.3,1006.4,49.0,False,NORMAL
2025-11-17 06:00:00+00:00,LUCKNOW_001,26.1,1006.0,41.0,False,NORMAL
2025-11-17 07:00:00+00:00,LUCKNOW_001,26.3,1005.0,41.0,False,NORMAL
2025-11-17 08:00:00+00:00,LUCKNOW_001,27.7,1004.4,36.0,False,NORMAL
2025-11-17 09:00:00+00:00,LUCKNOW_001,27.7,1003.8,36.0,False,NORMAL
2025-11-17 10:00:00+00:00,LUCKNOW_001,24.5,1003.2,54.0,False,NORMAL
2025-11-17 11:00:00+00:00,LUCKNOW_001,24.4,1003.1,54.0,False,NORMAL
2025-11-17 12:00:00+00:00,LUCKNOW_001,24.5,1003.5,55.0,False,NORMAL
2025-11-17 13:00:00+00:00,LUCKNOW_001,24.1,1003.8,57.0,False,NORMAL
2025-11-17 14:00:00+00:00,LUCKNOW_001,20.8,1004.3,71.0,False,NORMAL
2025-11-17 15:00:00+00:00,LUCKNOW_001,16.8,1004.6,83.0,False,NORMAL
2025-11-17 16:00:00+00:00,LUCKNOW_001,16.3,1004.7,86.0,False,NORMAL
2025-11-17 17:00:00+00:00,LUCKNOW_001,15.2,1004.7,89.0,False,NORMAL
2025-11-17 18:00:00+00:00,LUCKNOW_001,15.3,1004.3,88.0,False,NORMAL
2025-11-17 19:00:00+00:00,LUCKNOW_001,15.3,1004.1,87.0,False,NORMAL
2025-11-17 20:00:00+00:00,LUCKNOW_001,14.7,1003.5,86.0,False,NORMAL
2025-11-17 21:00:00+00:00,LUCKNOW_001,14.7,1003.2,86.0,False,NORMAL
2025-11-17 22:00:00+00:00,LUCKNOW_001,13.2,1002.4,92.0,False,NORMAL
2025-11-17 23:00:00+00:00,LUCKNOW_001,13.2,1002.5,91.0,False,NORMAL
2025-11-18 00:00:00+00:00,LUCKNOW_001,14.6,1002.9,86.0,False,NORMAL
2025-11-18 01:00:00+00:00,LUCKNOW_001,14.6,1003.3,86.0,False,NORMAL
2025-11-18 02:00:00+00:00,LUCKNOW_001,16.3,1003.7,79.0,False,NORMAL
2025-11-18 03:00:00+00:00,LUCKNOW_001,17.2,1004.3,76.0,False,NORMAL
2025-11-18 04:00:00+00:00,LUCKNOW_001,18.1,1004.2,72.0,False,NORMAL
2025-11-18 05:00:00+00:00,LUCKNOW_001,24.4,1004.4,50.0,False,NORMAL
2025-11-18 06:00:00+00:00,LUCKNOW_001,26.1,1003.4,44.0,False,NORMAL
2025-11-18 07:00:00+00:00,LUCKNOW_001,26.4,1002.5,43.0,False,NORMAL
2025-11-18 08:00:00+00:00,LUCKNOW_001,27.8,1001.5,39.0,False,NORMAL
2025-11-18 09:00:00+00:00,LUCKNOW_001,27.9,1000.7,39.0,False,NORMAL
2025-11-18 10:00:00+00:00,LUCKNOW_001,24.5,999.8,57.0,False,NORMAL
2025-11-18 11:00:00+00:00,LUCKNOW_001,24.1,1000.2,62.0,False,NORMAL
2025-11-18 12:00:00+00:00,LUCKNOW_001,21.8,1000.3,72.0,False,NORMAL
2025-11-18 13:00:00+00:00,LUCKNOW_001,21.7,1000.7,73.0,False,NORMAL
2025-11-18 14:00:00+00:00,LUCKNOW_001,20.7,1001.1,76.0,False,NORMAL
2025-11-18 15:00:00+00:00,LUCKNOW_001,17.9,1001.4,83.0,False,NORMAL
2025-11-18 16:00:00+00:00,LUCKNOW_001,18.2,1001.6,81.0,False,NORMAL
2025-11-18 17:00:00+00:00,LUCKNOW_001,16.9,1001.6,85.0,False,NORMAL
2025-11-18 18:00:00+00:00,LUCKNOW_001,16.3,1001.3,87.0,False,NORMAL
2025-11-18 19:00:00+00:00,LUCKNOW_001,15.9,1001.3,88.0,False,NORMAL
2025-11-18 20:00:00+00:00,LUCKNOW_001,14.7,1001.1,92.0,False,NORMAL
2025-11-18 21:00:00+00:00,LUCKNOW_001,14.6,1000.8,92.0,False,NORMAL
2025-11-18 22:00:00+00:00,LUCKNOW_001,13.9,1000.7,93.0,False,NORMAL
2025-11-18 23:00:00+00:00,LUCKNOW_001,13.9,1001.4,92.0,False,NORMAL
2025-11-19 00:00:00+00:00,LUCKNOW_001,15.7,1001.8,84.0,False,NORMAL
2025-11-19 01:00:00+00:00,LUCKNOW_001,16.1,1002.8,82.0,False,NORMAL
2025-11-19 02:00:00+00:00,LUCKNOW_001,16.4,1003.9,83.0,False,NORMAL
2025-11-19 03:00:00+00:00,LUCKNOW_001,17.9,1005.1,76.0,False,NORMAL
2025-11-19 04:00:00+00:00,LUCKNOW_001,19.2,1005.5,74.0,False,NORMAL
2025-11-19 05:00:00+00:00,LUCKNOW_001,23.6,1005.6,58.0,False,NORMAL
2025-11-19 06:00:00+00:00,LUCKNOW_001,26.0,1004.8,47.0,False,NORMAL
2025-11-19 07:00:00+00:00,LUCKNOW_001,26.1,1003.9,46.0,False,NORMAL
2025-11-19 08:00:00+00:00,LUCKNOW_001,27.5,1002.8,42.0,False,NORMAL
2025-11-19 09:00:00+00:00,LUCKNOW_001,27.5,1002.0,42.0,False,NORMAL
2025-11-19 10:00:00+00:00,LUCKNOW_001,24.2,1001.2,60.0,False,NORMAL
2025-11-19 11:00:00+00:00,LUCKNOW_001,23.7,1001.2,65.0,False,NORMAL
2025-11-19 12:00:00+00:00,LUCKNOW_001,23.9,1001.3,62.0,False,NORMAL
2025-11-19 13:00:00+00:00,LUCKNOW_001,24.1,1001.8,63.0,False,NORMAL
2025-11-19 14:00:00+00:00,LUCKNOW_001,23.1,1001.9,66.0,False,NORMAL
2025-11-19 15:00:00+00:00,LUCKNOW_001,19.6,1002.5,75.0,False,NORMAL
2025-11-19 16:00:00+00:00,LUCKNOW_001,19.0,1002.5,77.0,False,NORMAL
2025-11-19 17:00:00+00:00,LUCKNOW_001,17.1,1002.4,86.0,False,NORMAL
2025-11-19 18:00:00+00:00,LUCKNOW_001,16.6,1002.2,89.0,False,NORMAL
2025-11-19 19:00:00+00:00,LUCKNOW_001,16.2,1002.1,91.0,False,NORMAL
2025-11-19 20:00:00+00:00,LUCKNOW_001,14.9,1001.9,95.0,False,NORMAL
2025-11-19 21:00:00+00:00,LUCKNOW_001,14.7,1001.9,95.0,False,NORMAL
2025-11-19 22:00:00+00:00,LUCKNOW_001,14.0,1002.0,97.0,False,NORMAL
2025-11-19 23:00:00+00:00,LUCKNOW_001,14.0,1002.1,96.0,False,NORMAL
2025-11-20 00:00:00+00:00,LUCKNOW_001,15.1,1002.8,92.0,False,NORMAL
2025-11-20 01:00:00+00:00,LUCKNOW_001,15.1,1003.3,92.0,False,NORMAL
2025-11-20 02:00:00+00:00,LUCKNOW_001,16.8,1004.6,86.0,False,NORMAL
2025-11-20 03:00:00+00:00,LUCKNOW_001,17.6,1005.4,84.0,False,NORMAL
2025-11-20 04:00:00+00:00,LUCKNOW_001,18.5,1005.7,80.0,False,NORMAL
2025-11-20 05:00:00+00:00,LUCKNOW_001,23.9,1006.1,60.0,False,NORMAL
2025-11-20 06:00:00+00:00,LUCKNOW_001,25.9,1005.3,52.0,False,NORMAL
2025-11-20 07:00:00+00:00,LUCKNOW_001,26.1,1004.3,50.0,False,NORMAL
2025-11-20 08:00:00+00:00,LUCKNOW_001,27.6,1003.3,44.0,False,NORMAL
2025-11-20 09:00:00+00:00,LUCKNOW_001,27.6,1002.8,44.0,False,NORMAL
2025-11-20 10:00:00+00:00,LUCKNOW_001,24.4,1001.7,62.0,False,NORMAL
2025-11-20 11:00:00+00:00,LUCKNOW_001,24.3,1002.0,61.0,False,NORMAL
2025-11-20 12:00:00+00:00,LUCKNOW_001,24.5,1002.4,61.0,False,NORMAL
2025-11-20 13:00:00+00:00,LUCKNOW_001,24.6,1002.4,60.0,False,NORMAL
2025-11-20 14:00:00+00:00,LUCKNOW_001,23.0,1003.2,66.0,False,NORMAL
2025-11-20 15:00:00+00:00,LUCKNOW_001,19.6,1003.5,77.0,False,NORMAL
2025-11-20 16:00:00+00:00,LUCKNOW_001,18.8,1003.8,82.0,False,NORMAL
2025-11-20 17:00:00+00:00,LUCKNOW_001,17.2,1003.6,89.0,False,NORMAL
2025-11-20 18:00:00+00:00,LUCKNOW_001,16.2,1003.5,93.0,False,NORMAL
2025-11-20 19:00:00+00:00,LUCKNOW_001,15.9,1003.3,93.0,False,NORMAL
2025-11-20 20:00:00+00:00,LUCKNOW_001,15.3,1003.3,94.0,False,NORMAL
2025-11-20 21:00:00+00:00,LUCKNOW_001,15.4,1003.1,92.0,False,NORMAL
2025-11-20 22:00:00+00:00,LUCKNOW_001,14.4,1003.0,96.0,False,NORMAL
2025-11-20 23:00:00+00:00,LUCKNOW_001,14.4,1003.6,95.0,False,NORMAL
2025-11-21 00:00:00+00:00,LUCKNOW_001,15.8,1004.3,90.0,False,NORMAL
2025-11-21 01:00:00+00:00,LUCKNOW_001,16.2,1005.1,89.0,False,NORMAL
2025-11-21 02:00:00+00:00,LUCKNOW_001,16.9,1006.1,88.0,False,NORMAL
2025-11-21 03:00:00+00:00,LUCKNOW_001,17.3,1006.9,86.0,False,NORMAL
2025-11-21 04:00:00+00:00,LUCKNOW_001,18.2,1006.9,84.0,False,NORMAL
2025-11-21 05:00:00+00:00,LUCKNOW_001,23.8,1007.3,65.0,False,NORMAL
2025-11-21 06:00:00+00:00,LUCKNOW_001,25.9,1006.5,55.0,False,NORMAL
2025-11-21 07:00:00+00:00,LUCKNOW_001,26.2,1005.5,54.0,False,NORMAL
2025-11-21 08:00:00+00:00,LUCKNOW_001,27.7,1004.3,47.0,False,NORMAL
2025-11-21 09:00:00+00:00,LUCKNOW_001,27.7,1003.6,47.0,False,NORMAL
2025-11-21 10:00:00+00:00,LUCKNOW_001,24.8,1002.9,64.0,False,NORMAL
2025-11-21 11:00:00+00:00,LUCKNOW_001,24.9,1003.0,64.0,False,NORMAL
2025-11-21 12:00:00+00:00,LUCKNOW_001,25.2,1003.1,63.0,False,NORMAL
2025-11-21 13:00:00+00:00,LUCKNOW_001,23.8,1003.4,70.0,False,NORMAL
2025-11-21 14:00:00+00:00,LUCKNOW_001,21.8,1003.8,76.0,False,NORMAL
2025-11-21 15:00:00+00:00,LUCKNOW_001,18.8,1003.9,86.0,False,NORMAL
2025-11-21 16:00:00+00:00,LUCKNOW_001,18.1,1003.9,89.0,False,NORMAL
2025-11-21 17:00:00+00:00,LUCKNOW_001,17.1,1003.6,92.0,False,NORMAL
2025-11-21 18:00:00+00:00,LUCKNOW_001,16.9,1003.3,92.0,False,NORMAL
2025-11-21 19:00:00+00:00,LUCKNOW_001,16.6,1003.1,92.0,False,NORMAL
2025-11-21 20:00:00+00:00,LUCKNOW_001,15.7,1002.9,94.0,False,NORMAL
2025-11-21 21:00:00+00:00,LUCKNOW_001,16.0,1002.5,92.0,False,NORMAL
2025-11-21 22:00:00+00:00,LUCKNOW_001,15.2,1002.1,95.0,False,NORMAL
2025-11-21 23:00:00+00:00,LUCKNOW_001,15.3,1002.6,94.0,False,NORMAL
2025-11-22 00:00:00+00:00,LUCKNOW_001,16.1,1002.7,91.0,False,NORMAL
2025-11-22 01:00:00+00:00,LUCKNOW_001,16.3,1002.9,91.0,False,NORMAL
2025-11-22 02:00:00+00:00,LUCKNOW_001,17.1,1003.6,88.0,False,NORMAL
2025-11-22 03:00:00+00:00,LUCKNOW_001,17.6,1004.3,86.0,False,NORMAL
2025-11-22 04:00:00+00:00,LUCKNOW_001,17.9,1004.6,86.0,False,NORMAL
2025-11-22 05:00:00+00:00,LUCKNOW_001,22.9,1004.6,66.0,False,NORMAL
2025-11-22 06:00:00+00:00,LUCKNOW_001,24.7,1003.9,58.0,False,NORMAL
2025-11-22 07:00:00+00:00,LUCKNOW_001,24.8,1002.9,58.0,False,NORMAL
2025-11-22 08:00:00+00:00,LUCKNOW_001,26.1,1002.1,51.0,False,NORMAL
2025-11-22 09:00:00+00:00,LUCKNOW_001,26.4,1001.6,49.0,False,NORMAL
2025-11-22 10:00:00+00:00,LUCKNOW_001,23.5,1000.8,64.0,False,NORMAL
2025-11-22 11:00:00+00:00,LUCKNOW_001,23.3,1001.0,62.0,False,NORMAL
2025-11-22 12:00:00+00:00,LUCKNOW_001,22.1,1001.4,71.0,False,NORMAL
2025-11-22 13:00:00+00:00,LUCKNOW_001,22.1,1001.4,71.0,False,NORMAL
2025-11-22 14:00:00+00:00,LUCKNOW_001,20.5,1002.4,75.0,False,NORMAL
2025-11-22 15:00:00+00:00,LUCKNOW_001,18.2,1002.4,81.0,False,NORMAL
2025-11-22 16:00:00+00:00,LUCKNOW_001,17.5,1002.4,85.0,False,NORMAL
2025-11-22 17:00:00+00:00,LUCKNOW_001,16.7,1002.7,88.0,False,NORMAL
2025-11-22 18:00:00+00:00,LUCKNOW_001,16.7,1002.3,88.0,False,NORMAL
2025-11-22 19:00:00+00:00,LUCKNOW_001,17.0,1002.2,86.0,False,NORMAL
2025-11-22 20:00:00+00:00,LUCKNOW_001,15.7,1002.3,88.0,False,NORMAL
2025-11-22 21:00:00+00:00,LUCKNOW_001,15.6,1002.0,88.0,False,NORMAL
2025-11-22 22:00:00+00:00,LUCKNOW_001,14.3,1001.8,92.0,False,NORMAL
2025-11-22 23:00:00+00:00,LUCKNOW_001,14.2,1002.0,92.0,False,NORMAL
2025-11-23 00:00:00+00:00,LUCKNOW_001,15.5,1002.5,89.0,False,NORMAL
2025-11-23 01:00:00+00:00,LUCKNOW_001,15.5,1002.9,89.0,False,NORMAL
2025-11-23 02:00:00+00:00,LUCKNOW_001,16.7,1003.8,85.0,False,NORMAL
2025-11-23 03:00:00+00:00,LUCKNOW_001,16.9,1004.7,85.0,False,NORMAL
2025-11-23 04:00:00+00:00,LUCKNOW_001,17.8,1004.9,81.0,False,NORMAL
2025-11-23 05:00:00+00:00,LUCKNOW_001,23.1,1005.5,52.0,False,NORMAL
2025-11-23 06:00:00+00:00,LUCKNOW_001,24.8,1004.5,48.0,False,NORMAL
2025-11-23 07:00:00+00:00,LUCKNOW_001,25.2,1003.6,47.0,False,NORMAL
2025-11-23 08:00:00+00:00,LUCKNOW_001,26.8,1002.4,36.0,False,NORMAL
2025-11-23 09:00:00+00:00,LUCKNOW_001,26.7,1001.8,36.0,False,NORMAL
2025-11-23 10:00:00+00:00,LUCKNOW_001,23.3,1001.0,56.0,False,NORMAL
2025-11-23 11:00:00+00:00,LUCKNOW_001,22.9,1001.2,56.0,False,NORMAL
2025-11-23 12:00:00+00:00,LUCKNOW_001,21.6,1001.2,65.0,False,NORMAL
2025-11-23 13:00:00+00:00,LUCKNOW_001,21.1,1001.9,67.0,False,NORMAL
2025-11-23 14:00:00+00:00,LUCKNOW_001,19.9,1002.4,74.0,False,NORMAL
2025-11-23 15:00:00+00:00,LUCKNOW_001,16.8,1002.5,81.0,False,NORMAL
2025-11-23 16:00:00+00:00,LUCKNOW_001,16.5,1003.0,82.0,False,NORMAL
2025-11-23 17:00:00+00:00,LUCKNOW_001,15.5,1003.0,86.0,False,NORMAL
2025-11-23 18:00:00+00:00,LUCKNOW_001,15.2,1002.7,88.0,False,NORMAL
2025-11-23 19:00:00+00:00,LUCKNOW_001,15.4,1002.8,88.0,False,NORMAL
2025-11-23 20:00:00+00:00,LUCKNOW_001,14.4,1002.6,92.0,False,NORMAL
2025-11-23 21:00:00+00:00,LUCKNOW_001,14.1,1002.9,92.0,False,NORMAL
2025-11-23 22:00:00+00:00,LUCKNOW_001,14.1,1002.9,91.0,False,NORMAL
2025-11-23 23:00:00+00:00,LUCKNOW_001,13.4,1003.4,92.0,False,NORMAL
2025-11-24 00:00:00+00:00,LUCKNOW_001,14.4,1003.7,91.0,False,NORMAL
2025-11-24 01:00:00+00:00,LUCKNOW_001,14.3,1004.2,92.0,False,NORMAL
2025-11-24 02:00:00+00:00,LUCKNOW_001,15.6,1005.1,87.0,False,NORMAL
2025-11-24 03:00:00+00:00,LUCKNOW_001,15.7,1005.9,87.0,False,NORMAL
2025-11-24 04:00:00+00:00,LUCKNOW_001,16.9,1006.3,83.0,False,NORMAL
2025-11-24 05:00:00+00:00,LUCKNOW_001,23.6,1006.6,59.0,False,NORMAL
2025-11-24 06:00:00+00:00,LUCKNOW_001,25.0,1005.4,49.0,False,NORMAL
2025-11-24 07:00:00+00:00,LUCKNOW_001,25.3,1004.8,47.0,False,NORMAL
2025-11-24 08:00:00+00:00,LUCKNOW_001,26.5,1003.5,38.0,False,NORMAL
2025-11-24 09:00:00+00:00,LUCKNOW_001,26.6,1003.1,34.0,False,NORMAL
2025-11-24 10:00:00+00:00,LUCKNOW_001,23.6,1002.3,51.0,False,NORMAL
2025-11-24 11:00:00+00:00,LUCKNOW_001,22.9,1002.7,59.0,False,NORMAL
2025-11-24 12:00:00+00:00,LUCKNOW_001,20.9,1003.0,66.0,False,NORMAL
2025-11-24 13:00:00+00:00,LUCKNOW_001,20.1,1003.4,69.0,False,NORMAL
2025-11-24 14:00:00+00:00,LUCKNOW_001,18.2,1003.9,76.0,False,NORMAL
2025-11-24 15:00:00+00:00,LUCKNOW_001,14.7,1004.4,86.0,False,NORMAL
2025-11-24 16:00:00+00:00,LUCKNOW_001,14.8,1004.5,88.0,False,NORMAL
2025-11-24 17:00:00+00:00,LUCKNOW_001,13.6,1004.9,91.0,False,NORMAL
2025-11-24 18:00:00+00:00,LUCKNOW_001,13.7,1004.7,91.0,False,NORMAL
2025-11-24 19:00:00+00:00,LUCKNOW_001,13.7,1004.5,90.0,False,NORMAL
2025-11-24 20:00:00+00:00,LUCKNOW_001,13.1,1004.0,91.0,False,NORMAL
2025-11-24 21:00:00+00:00,LUCKNOW_001,13.0,1004.2,91.0,False,NORMAL
2025-11-24 22:00:00+00:00,LUCKNOW_001,11.9,1003.7,94.0,False,NORMAL
2025-11-24 23:00:00+00:00,LUCKNOW_001,11.4,1003.7,95.0,False,NORMAL
2025-11-25 00:00:00+00:00,LUCKNOW_001,13.0,1003.9,89.0,False,NORMAL
2025-11-25 01:00:00+00:00,LUCKNOW_001,12.7,1004.9,89.0,False,NORMAL
2025-11-25 02:00:00+00:00,LUCKNOW_001,14.2,1005.1,85.0,False,NORMAL
2025-11-25 03:00:00+00:00,LUCKNOW_001,16.3,1006.0,78.0,False,NORMAL
2025-11-25 04:00:00+00:00,LUCKNOW_001,18.2,1006.1,74.0,False,NORMAL
2025-11-25 05:00:00+00:00,LUCKNOW_001,22.9,1006.3,52.0,False,NORMAL
2025-11-25 06:00:00+00:00,LUCKNOW_001,24.2,1005.2,46.0,False,NORMAL
2025-11-25 07:00:00+00:00,LUCKNOW_001,24.7,1004.1,42.0,False,NORMAL
2025-11-25 08:00:00+00:00,LUCKNOW_001,26.2,1002.7,32.0,False,NORMAL
2025-11-25 09:00:00+00:00,LUCKNOW_001,26.2,1002.3,32.0,False,NORMAL
2025-11-25 10:00:00+00:00,LUCKNOW_001,22.1,1001.4,49.0,False,NORMAL
2025-11-25 11:00:00+00:00,LUCKNOW_001,21.9,1001.7,49.0,False,NORMAL
2025-11-25 12:00:00+00:00,LUCKNOW_001,21.2,1001.4,56.0,False,NORMAL
2025-11-25 13:00:00+00:00,LUCKNOW_001,20.9,1002.1,58.0,False,NORMAL
2025-11-25 14:00:00+00:00,LUCKNOW_001,19.4,1002.2,62.0,False,NORMAL
2025-11-25 15:00:00+00:00,LUCKNOW_001,16.1,1002.3,69.0,False,NORMAL
2025-11-25 16:00:00+00:00,LUCKNOW_001,15.4,1002.4,73.0,False,NORMAL
2025-11-25 17:00:00+00:00,LUCKNOW_001,14.5,1002.5,75.0,False,NORMAL
2025-11-25 18:00:00+00:00,LUCKNOW_001,14.6,1002.5,75.0,False,NORMAL
2025-11-25 19:00:00+00:00,LUCKNOW_001,14.1,1002.2,78.0,False,NORMAL
2025-11-25 20:00:00+00:00,LUCKNOW_001,12.8,1001.9,85.0,False,NORMAL
2025-11-25 21:00:00+00:00,LUCKNOW_001,12.5,1002.1,87.0,False,NORMAL
2025-11-25 22:00:00+00:00,LUCKNOW_001,10.8,1001.9,92.0,False,NORMAL
2025-11-25 23:00:00+00:00,LUCKNOW_001,10.5,1002.3,94.0,False,NORMAL
2025-11-26 00:00:00+00:00,LUCKNOW_001,11.5,1002.8,92.0,False,NORMAL
2025-11-26 01:00:00+00:00,LUCKNOW_001,11.6,1004.1,92.0,False,NORMAL
2025-11-26 02:00:00+00:00,LUCKNOW_001,12.8,1004.9,85.0,False,NORMAL
2025-11-26 03:00:00+00:00,LUCKNOW_001,15.7,1005.8,77.0,False,NORMAL
2025-11-26 04:00:00+00:00,LUCKNOW_001,16.9,1006.4,71.0,False,NORMAL
2025-11-26 05:00:00+00:00,LUCKNOW_001,23.2,1006.5,48.0,False,NORMAL
2025-11-26 06:00:00+00:00,LUCKNOW_001,24.2,1006.0,42.0,False,NORMAL
2025-11-26 07:00:00+00:00,LUCKNOW_001,24.6,1004.7,38.0,False,NORMAL
2025-11-26 08:00:00+00:00,LUCKNOW_001,26.1,1003.9,33.0,False,NORMAL
2025-11-26 09:00:00+00:00,LUCKNOW_001,26.2,1003.4,32.0,False,NORMAL
2025-11-26 10:00:00+00:00,LUCKNOW_001,22.5,1002.8,49.0,False,NORMAL
2025-11-26 11:00:00+00:00,LUCKNOW_001,21.9,1003.0,62.0,False,NORMAL
2025-11-26 12:00:00+00:00,LUCKNOW_001,21.2,1003.4,54.0,False,NORMAL
2025-11-26 13:00:00+00:00,LUCKNOW_001,19.8,1004.1,60.0,False,NORMAL
2025-11-26 14:00:00+00:00,LUCKNOW_001,17.8,1004.6,68.0,False,NORMAL
2025-11-26 15:00:00+00:00,LUCKNOW_001,14.6,1004.9,77.0,False,NORMAL
2025-11-26 16:00:00+00:00,LUCKNOW_001,14.3,1005.2,80.0,False,NORMAL
2025-11-26 17:00:00+00:00,LUCKNOW_001,13.3,1005.3,84.0,False,NORMAL
2025-11-26 18:00:00+00:00,LUCKNOW_001,12.9,1005.4,86.0,False,NORMAL
2025-11-26 19:00:00+00:00,LUCKNOW_001,13.0,1005.3,86.0,False,NORMAL
2025-11-26 20:00:00+00:00,LUCKNOW_001,12.2,1004.9,87.0,False,NORMAL
2025-11-26 21:00:00+00:00,LUCKNOW_001,12.4,1004.9,86.0,False,NORMAL
2025-11-26 22:00:00+00:00,LUCKNOW_001,11.9,1004.4,89.0,False,NORMAL
2025-11-26 23:00:00+00:00,LUCKNOW_001,12.0,1004.7,88.0,False,NORMAL
2025-11-27 00:00:00+00:00,LUCKNOW_001,13.4,1005.0,85.0,False,NORMAL
2025-11-27 01:00:00+00:00,LUCKNOW_001,13.2,1005.7,86.0,False,NORMAL
2025-11-27 02:00:00+00:00,LUCKNOW_001,14.4,1006.3,81.0,False,NORMAL
2025-11-27 03:00:00+00:00,LUCKNOW_001,15.4,1007.0,79.0,False,NORMAL
2025-11-27 04:00:00+00:00,LUCKNOW_001,17.5,1007.4,71.0,False,NORMAL
2025-11-27 05:00:00+00:00,LUCKNOW_001,22.2,1007.2,53.0,False,NORMAL
2025-11-27 06:00:00+00:00,LUCKNOW_001,24.4,1006.3,43.0,False,NORMAL
2025-11-27 07:00:00+00:00,LUCKNOW_001,24.7,1005.0,43.0,False,NORMAL
2025-11-27 08:00:00+00:00,LUCKNOW_001,26.3,1004.1,38.0,False,NORMAL
2025-11-27 09:00:00+00:00,LUCKNOW_001,26.6,1003.8,38.0,False,NORMAL
2025-11-27 10:00:00+00:00,LUCKNOW_001,23.2,1003.2,54.0,False,NORMAL
2025-11-27 11:00:00+00:00,LUCKNOW_001,22.9,1003.3,58.0,False,NORMAL
2025-11-27 12:00:00+00:00,LUCKNOW_001,21.0,1003.6,67.0,False,NORMAL
2025-11-27 13:00:00+00:00,LUCKNOW_001,21.1,1004.0,67.0,False,NORMAL
2025-11-27 14:00:00+00:00,LUCKNOW_001,18.8,1004.3,72.0,False,NORMAL
2025-11-27 15:00:00+00:00,LUCKNOW_001,15.6,1004.4,83.0,False,NORMAL
2025-11-27 16:00:00+00:00,LUCKNOW_001,15.3,1004.3,85.0,False,NORMAL
2025-11-27 17:00:00+00:00,LUCKNOW_001,13.9,1004.5,89.0,False,NORMAL
2025-11-27 18:00:00+00:00,LUCKNOW_001,14.1,1004.2,87.0,False,NORMAL
2025-11-27 19:00:00+00:00,LUCKNOW_001,14.2,1004.1,85.0,False,NORMAL
2025-11-27 20:00:00+00:00,LUCKNOW_001,13.4,1003.7,85.0,False,NORMAL
2025-11-27 21:00:00+00:00,LUCKNOW_001,13.1,1003.7,85.0,False,NORMAL
2025-11-27 22:00:00+00:00,LUCKNOW_001,12.2,1003.4,87.0,False,NORMAL
2025-11-27 23:00:00+00:00,LUCKNOW_001,11.8,1002.9,87.0,False,NORMAL
2025-11-28 00:00:00+00:00,LUCKNOW_001,13.7,1003.7,82.0,False,NORMAL
2025-11-28 01:00:00+00:00,LUCKNOW_001,13.7,1004.0,82.0,False,NORMAL
2025-11-28 02:00:00+00:00,LUCKNOW_001,14.5,1004.9,78.0,False,NORMAL
2025-11-28 03:00:00+00:00,LUCKNOW_001,15.0,1005.4,77.0,False,NORMAL
2025-11-28 04:00:00+00:00,LUCKNOW_001,16.8,1005.8,71.0,False,NORMAL
2025-11-28 05:00:00+00:00,LUCKNOW_001,23.2,1005.9,49.0,False,NORMAL
2025-11-28 06:00:00+00:00,LUCKNOW_001,24.5,1005.0,42.0,False,NORMAL
2025-11-28 07:00:00+00:00,LUCKNOW_001,24.9,1003.8,41.0,False,NORMAL
2025-11-28 08:00:00+00:00,LUCKNOW_001,27.0,1002.7,36.0,False,NORMAL
2025-11-28 09:00:00+00:00,LUCKNOW_001,27.0,1001.9,36.0,False,NORMAL
2025-11-28 10:00:00+00:00,LUCKNOW_001,23.6,1001.1,55.0,False,NORMAL
2025-11-28 11:00:00+00:00,LUCKNOW_001,23.0,1001.3,56.0,False,NORMAL
2025-11-28 12:00:00+00:00,LUCKNOW_001,21.5,1001.5,64.0,False,NORMAL
2025-11-28 13:00:00+00:00,LUCKNOW_001,21.6,1001.9,64.0,False,NORMAL
2025-11-28 14:00:00+00:00,LUCKNOW_001,19.3,1002.4,68.0,False,NORMAL
2025-11-28 15:00:00+00:00,LUCKNOW_001,17.2,1002.4,74.0,False,NORMAL
2025-11-28 16:00:00+00:00,LUCKNOW_001,17.0,1002.5,75.0,False,NORMAL
2025-11-28 17:00:00+00:00,LUCKNOW_001,15.8,1002.3,78.0,False,NORMAL
2025-11-28 18:00:00+00:00,LUCKNOW_001,15.6,1002.0,79.0,False,NORMAL
2025-11-28 19:00:00+00:00,LUCKNOW_001,15.2,1001.4,79.0,False,NORMAL
2025-11-28 20:00:00+00:00,LUCKNOW_001,14.3,1001.1,81.0,False,NORMAL
2025-11-28 21:00:00+00:00,LUCKNOW_001,14.0,1001.2,82.0,False,NORMAL
2025-11-28 22:00:00+00:00,LUCKNOW_001,12.7,1001.4,86.0,False,NORMAL
2025-11-28 23:00:00+00:00,LUCKNOW_001,12.5,1001.3,87.0,False,NORMAL
2025-11-29 00:00:00+00:00,LUCKNOW_001,13.7,1001.5,83.0,False,NORMAL
2025-11-29 01:00:00+00:00,LUCKNOW_001,13.7,1001.9,84.0,False,NORMAL
2025-11-29 02:00:00+00:00,LUCKNOW_001,14.8,1002.8,80.0,False,NORMAL
2025-11-29 03:00:00+00:00,LUCKNOW_001,15.6,1003.5,77.0,False,NORMAL
2025-11-29 04:00:00+00:00,LUCKNOW_001,16.7,1004.0,72.0,False,NORMAL
2025-11-29 05:00:00+00:00,LUCKNOW_001,22.5,1004.0,51.0,False,NORMAL
2025-11-29 06:00:00+00:00,LUCKNOW_001,24.8,1003.0,44.0,False,NORMAL
2025-11-29 07:00:00+00:00,LUCKNOW_001,25.2,1001.8,43.0,False,NORMAL
2025-11-29 08:00:00+00:00,LUCKNOW_001,27.3,1000.8,36.0,False,NORMAL
2025-11-29 09:00:00+00:00,LUCKNOW_001,27.4,1000.3,35.0,False,NORMAL
2025-11-29 10:00:00+00:00,LUCKNOW_001,23.8,1000.1,52.0,False,NORMAL
2025-11-29 11:00:00+00:00,LUCKNOW_001,23.3,999.6,54.0,False,NORMAL
2025-11-29 12:00:00+00:00,LUCKNOW_001,22.1,999.6,60.0,False,NORMAL
2025-11-29 13:00:00+00:00,LUCKNOW_001,21.9,1000.0,61.0,False,NORMAL
2025-11-29 14:00:00+00:00,LUCKNOW_001,20.3,1000.3,65.0,False,NORMAL
2025-11-29 15:00:00+00:00,LUCKNOW_001,17.4,1000.2,72.0,False,NORMAL
2025-11-29 16:00:00+00:00,LUCKNOW_001,17.4,1000.3,73.0,False,NORMAL
2025-11-29 17:00:00+00:00,LUCKNOW_001,16.6,1000.4,76.0,False,NORMAL
2025-11-29 18:00:00+00:00,LUCKNOW_001,16.4,1000.2,77.0,False,NORMAL
2025-11-29 19:00:00+00:00,LUCKNOW_001,16.4,1000.1,78.0,False,NORMAL
2025-11-29 20:00:00+00:00,LUCKNOW_001,15.5,999.9,83.0,False,NORMAL
2025-11-29 21:00:00+00:00,LUCKNOW_001,15.2,1000.0,84.0,False,NORMAL
2025-11-29 22:00:00+00:00,LUCKNOW_001,14.0,999.6,88.0,False,NORMAL
2025-11-29 23:00:00+00:00,LUCKNOW_001,13.9,999.7,89.0,False,NORMAL
2025-11-30 00:00:00+00:00,LUCKNOW_001,14.8,999.9,86.0,False,NORMAL
2025-11-30 01:00:00+00:00,LUCKNOW_001,14.6,1000.7,86.0,False,NORMAL
2025-11-30 02:00:00+00:00,LUCKNOW_001,15.5,1001.6,81.0,False,NORMAL
2025-11-30 03:00:00+00:00,LUCKNOW_001,16.4,1002.3,76.0,False,NORMAL
2025-11-30 04:00:00+00:00,LUCKNOW_001,17.5,1002.7,66.0,False,NORMAL
2025-11-30 05:00:00+00:00,LUCKNOW_001,22.7,1002.7,45.0,False,NORMAL
2025-11-30 06:00:00+00:00,LUCKNOW_001,25.2,1001.8,34.0,False,NORMAL
2025-11-30 07:00:00+00:00,LUCKNOW_001,25.4,1000.8,33.0,False,NORMAL
2025-11-30 08:00:00+00:00,LUCKNOW_001,27.0,999.7,29.0,False,NORMAL
2025-11-30 09:00:00+00:00,LUCKNOW_001,26.9,999.4,30.0,False,NORMAL
2025-11-30 10:00:00+00:00,LUCKNOW_001,23.5,999.3,46.0,False,NORMAL
2025-11-30 11:00:00+00:00,LUCKNOW_001,23.2,998.9,46.0,False,NORMAL
2025-11-30 12:00:00+00:00,LUCKNOW_001,21.6,999.5,53.0,False,NORMAL
2025-11-30 13:00:00+00:00,LUCKNOW_001,21.0,1000.0,56.0,False,NORMAL
2025-11-30 14:00:00+00:00,LUCKNOW_001,19.3,1000.4,62.0,False,NORMAL
2025-11-30 15:00:00+00:00,LUCKNOW_001,16.2,1001.0,70.0,False,NORMAL
2025-11-30 16:00:00+00:00,LUCKNOW_001,15.6,1001.4,74.0,False,NORMAL
2025-11-30 17:00:00+00:00,LUCKNOW_001,14.2,1001.4,83.0,False,NORMAL
2025-11-30 18:00:00+00:00,LUCKNOW_001,14.3,1001.2,84.0,False,NORMAL
2025-11-30 19:00:00+00:00,LUCKNOW_001,13.9,1001.3,86.0,False,NORMAL
2025-11-30 20:00:00+00:00,LUCKNOW_001,12.9,1000.5,89.0,False,NORMAL
2025-11-30 21:00:00+00:00,LUCKNOW_001,12.8,1000.4,91.0,False,NORMAL
2025-11-30 22:00:00+00:00,LUCKNOW_001,11.3,1000.2,93.0,False,NORMAL
2025-11-30 23:00:00+00:00,LUCKNOW_001,11.1,1000.6,93.0,False,NORMAL
2025-12-01 00:00:00+00:00,LUCKNOW_001,12.1,1000.5,88.0,False,NORMAL
2025-12-01 01:00:00+00:00,LUCKNOW_001,12.0,1001.4,88.0,False,NORMAL
2025-12-01 02:00:00+00:00,LUCKNOW_001,13.2,1002.2,83.0,False,NORMAL
2025-12-01 03:00:00+00:00,LUCKNOW_001,14.3,1003.2,77.0,False,NORMAL
2025-12-01 04:00:00+00:00,LUCKNOW_001,15.7,1003.2,70.0,False,NORMAL
2025-12-01 05:00:00+00:00,LUCKNOW_001,22.0,1003.3,45.0,False,NORMAL
2025-12-01 06:00:00+00:00,LUCKNOW_001,24.2,1002.4,34.0,False,NORMAL
2025-12-01 07:00:00+00:00,LUCKNOW_001,24.7,1001.3,34.0,False,NORMAL
2025-12-01 08:00:00+00:00,LUCKNOW_001,25.9,1000.5,29.0,False,NORMAL
2025-12-01 09:00:00+00:00,LUCKNOW_001,25.9,999.7,29.0,False,NORMAL
2025-12-01 10:00:00+00:00,LUCKNOW_001,22.4,999.1,46.0,False,NORMAL
2025-12-01 11:00:00+00:00,LUCKNOW_001,21.9,998.6,46.0,False,NORMAL
2025-12-01 12:00:00+00:00,LUCKNOW_001,19.6,998.9,60.0,False,NORMAL
2025-12-01 13:00:00+00:00,LUCKNOW_001,18.4,999.5,63.0,False,NORMAL
2025-12-01 14:00:00+00:00,LUCKNOW_001,16.3,1000.0,69.0,False,NORMAL
2025-12-01 15:00:00+00:00,LUCKNOW_001,13.7,1000.7,74.0,False,NORMAL
2025-12-01 16:00:00+00:00,LUCKNOW_001,13.7,1001.0,76.0,False,NORMAL
2025-12-01 17:00:00+00:00,LUCKNOW_001,12.7,1001.1,80.0,False,NORMAL
2025-12-01 18:00:00+00:00,LUCKNOW_001,12.9,1000.9,80.0,False,NORMAL
2025-12-01 19:00:00+00:00,LUCKNOW_001,13.0,1000.8,79.0,False,NORMAL
2025-12-01 20:00:00+00:00,LUCKNOW_001,12.2,1000.5,81.0,False,NORMAL
2025-12-01 21:00:00+00:00,LUCKNOW_001,11.6,1000.3,82.0,False,NORMAL
2025-12-01 22:00:00+00:00,LUCKNOW_001,10.5,1000.1,90.0,False,NORMAL
2025-12-01 23:00:00+00:00,LUCKNOW_001,9.9,1000.3,90.0,False,NORMAL
2025-12-02 00:00:00+00:00,LUCKNOW_001,11.4,1000.1,85.0,False,NORMAL
2025-12-02 01:00:00+00:00,LUCKNOW_001,11.4,1001.1,85.0,False,NORMAL
2025-12-02 02:00:00+00:00,LUCKNOW_001,12.5,1001.8,78.0,False,NORMAL
2025-12-02 03:00:00+00:00,LUCKNOW_001,13.7,1002.5,76.0,False,NORMAL
2025-12-02 04:00:00+00:00,LUCKNOW_001,15.7,1002.9,70.0,False,NORMAL
2025-12-02 05:00:00+00:00,LUCKNOW_001,21.9,1003.1,50.0,False,NORMAL
2025-12-02 06:00:00+00:00,LUCKNOW_001,23.7,1002.4,40.0,False,NORMAL
2025-12-02 07:00:00+00:00,LUCKNOW_001,24.1,1001.2,40.0,False,NORMAL
2025-12-02 08:00:00+00:00,LUCKNOW_001,26.0,1000.1,34.0,False,NORMAL
2025-12-02 09:00:00+00:00,LUCKNOW_001,26.3,999.3,34.0,False,NORMAL
2025-12-02 10:00:00+00:00,LUCKNOW_001,22.7,998.5,52.0,False,NORMAL
2025-12-02 11:00:00+00:00,LUCKNOW_001,22.5,998.6,52.0,False,NORMAL
2025-12-02 12:00:00+00:00,LUCKNOW_001,20.6,998.7,63.0,False,NORMAL
2025-12-02 13:00:00+00:00,LUCKNOW_001,20.1,999.2,67.0,False,NORMAL
2025-12-02 14:00:00+00:00,LUCKNOW_001,18.3,1000.1,78.0,False,NORMAL
2025-12-02 15:00:00+00:00,LUCKNOW_001,14.9,1000.3,88.0,False,NORMAL
2025-12-02 16:00:00+00:00,LUCKNOW_001,14.9,1001.0,90.0,False,NORMAL
2025-12-02 17:00:00+00:00,LUCKNOW_001,14.0,1001.4,96.0,False,NORMAL
2025-12-02 18:00:00+00:00,LUCKNOW_001,13.7,1001.2,97.0,False,NORMAL
2025-12-02 19:00:00+00:00,LUCKNOW_001,13.9,1001.4,96.0,False,NORMAL
2025-12-02 20:00:00+00:00,LUCKNOW_001,13.2,1001.0,98.0,False,NORMAL
2025-12-02 21:00:00+00:00,LUCKNOW_001,13.3,1001.2,98.0,False,NORMAL
2025-12-02 22:00:00+00:00,LUCKNOW_001,13.2,1001.1,97.0,False,NORMAL
2025-12-02 23:00:00+00:00,LUCKNOW_001,12.6,1001.4,99.0,False,NORMAL
2025-12-03 00:00:00+00:00,LUCKNOW_001,13.8,1001.9,96.0,False,NORMAL
2025-12-03 01:00:00+00:00,LUCKNOW_001,13.7,1002.5,96.0,False,NORMAL
2025-12-03 02:00:00+00:00,LUCKNOW_001,14.9,1003.5,93.0,False,NORMAL
2025-12-03 03:00:00+00:00,LUCKNOW_001,15.8,1004.4,88.0,False,NORMAL
2025-12-03 04:00:00+00:00,LUCKNOW_001,17.0,1005.3,77.0,False,NORMAL
2025-12-03 05:00:00+00:00,LUCKNOW_001,22.5,1005.6,54.0,False,NORMAL
2025-12-03 06:00:00+00:00,LUCKNOW_001,24.5,1005.0,49.0,False,NORMAL
2025-12-03 07:00:00+00:00,LUCKNOW_001,24.7,1004.2,51.0,False,NORMAL
2025-12-03 08:00:00+00:00,LUCKNOW_001,26.4,1003.1,43.0,False,NORMAL
2025-12-03 09:00:00+00:00,LUCKNOW_001,26.5,1002.8,42.0,False,NORMAL
2025-12-03 10:00:00+00:00,LUCKNOW_001,22.7,1002.4,58.0,False,NORMAL
2025-12-03 11:00:00+00:00,LUCKNOW_001,22.7,1002.3,58.0,False,NORMAL
2025-12-03 12:00:00+00:00,LUCKNOW_001,21.8,1002.9,64.0,False,NORMAL
2025-12-03 13:00:00+00:00,LUCKNOW_001,20.8,1003.4,67.0,False,NORMAL
2025-12-03 14:00:00+00:00,LUCKNOW_001,19.0,1003.9,73.0,False,NORMAL
2025-12-03 15:00:00+00:00,LUCKNOW_001,16.1,1004.1,79.0,False,NORMAL
2025-12-03 16:00:00+00:00,LUCKNOW_001,15.5,1004.3,82.0,False,NORMAL
2025-12-03 17:00:00+00:00,LUCKNOW_001,14.3,1004.2,83.0,False,NORMAL
2025-12-03 18:00:00+00:00,LUCKNOW_001,13.9,1004.1,84.0,False,NORMAL
2025-12-03 19:00:00+00:00,LUCKNOW_001,13.8,1004.0,82.0,False,NORMAL
2025-12-03 20:00:00+00:00,LUCKNOW_001,12.4,1003.7,84.0,False,NORMAL
2025-12-03 21:00:00+00:00,LUCKNOW_001,12.2,1003.5,82.0,False,NORMAL
2025-12-03 22:00:00+00:00,LUCKNOW_001,10.8,1003.2,87.0,False,NORMAL
2025-12-03 23:00:00+00:00,LUCKNOW_001,10.9,1003.0,85.0,False,NORMAL
2025-12-04 00:00:00+00:00,LUCKNOW_001,11.6,1003.0,80.0,False,NORMAL
2025-12-04 01:00:00+00:00,LUCKNOW_001,11.5,1003.7,80.0,False,NORMAL
2025-12-04 02:00:00+00:00,LUCKNOW_001,12.3,1004.7,76.0,False,NORMAL
2025-12-04 03:00:00+00:00,LUCKNOW_001,13.6,1005.7,74.0,False,NORMAL
2025-12-04 04:00:00+00:00,LUCKNOW_001,14.3,1005.8,70.0,False,NORMAL
2025-12-04 05:00:00+00:00,LUCKNOW_001,19.6,1006.1,50.0,False,NORMAL
2025-12-04 06:00:00+00:00,LUCKNOW_001,21.8,1005.4,43.0,False,NORMAL
2025-12-04 07:00:00+00:00,LUCKNOW_001,22.3,1004.8,41.0,False,NORMAL
2025-12-04 08:00:00+00:00,LUCKNOW_001,24.2,1003.8,33.0,False,NORMAL
2025-12-04 09:00:00+00:00,LUCKNOW_001,24.5,1003.3,32.0,False,NORMAL
2025-12-04 10:00:00+00:00,LUCKNOW_001,21.1,1002.7,48.0,False,NORMAL
2025-12-04 11:00:00+00:00,LUCKNOW_001,20.8,1003.0,48.0,False,NORMAL
2025-12-04 12:00:00+00:00,LUCKNOW_001,19.7,1003.5,55.0,False,NORMAL
2025-12-04 13:00:00+00:00,LUCKNOW_001,19.2,1004.1,58.0,False,NORMAL
2025-12-04 14:00:00+00:00,LUCKNOW_001,17.0,1004.8,64.0,False,NORMAL
2025-12-04 15:00:00+00:00,LUCKNOW_001,13.7,1005.1,73.0,False,NORMAL
2025-12-04 16:00:00+00:00,LUCKNOW_001,13.3,1005.4,74.0,False,NORMAL
2025-12-04 17:00:00+00:00,LUCKNOW_001,12.7,1005.4,77.0,False,NORMAL
2025-12-04 18:00:00+00:00,LUCKNOW_001,12.0,1005.3,80.0,False,NORMAL
2025-12-04 19:00:00+00:00,LUCKNOW_001,11.9,1005.0,79.0,False,NORMAL
2025-12-04 20:00:00+00:00,LUCKNOW_001,11.1,1004.9,82.0,False,NORMAL
2025-12-04 21:00:00+00:00,LUCKNOW_001,11.2,1005.0,82.0,False,NORMAL
2025-12-04 22:00:00+00:00,LUCKNOW_001,9.9,1005.0,86.0,False,NORMAL
2025-12-04 23:00:00+00:00,LUCKNOW_001,9.7,1005.6,85.0,False,NORMAL
2025-12-05 00:00:00+00:00,LUCKNOW_001,10.7,1005.7,84.0,False,NORMAL
2025-12-05 01:00:00+00:00,LUCKNOW_001,10.3,1006.5,85.0,False,NORMAL
2025-12-05 02:00:00+00:00,LUCKNOW_001,10.9,1007.2,80.0,False,NORMAL
2025-12-05 03:00:00+00:00,LUCKNOW_001,12.2,1007.8,74.0,False,NORMAL
2025-12-05 04:00:00+00:00,LUCKNOW_001,14.7,1008.3,69.0,False,NORMAL
2025-12-05 05:00:00+00:00,LUCKNOW_001,19.5,1008.3,51.0,False,NORMAL
2025-12-05 06:00:00+00:00,LUCKNOW_001,21.7,1007.6,43.0,False,NORMAL
2025-12-05 07:00:00+00:00,LUCKNOW_001,22.4,1006.7,39.0,False,NORMAL
2025-12-05 08:00:00+00:00,LUCKNOW_001,24.5,1006.0,31.0,False,NORMAL
2025-12-05 09:00:00+00:00,LUCKNOW_001,24.7,1005.1,31.0,False,NORMAL
2025-12-05 10:00:00+00:00,LUCKNOW_001,21.0,1004.8,47.0,False,NORMAL
2025-12-05 11:00:00+00:00,LUCKNOW_001,20.7,1004.6,49.0,False,NORMAL
2025-12-05 12:00:00+00:00,LUCKNOW_001,19.5,1004.3,54.0,False,NORMAL
2025-12-05 13:00:00+00:00,LUCKNOW_001,19.2,1004.8,55.0,False,NORMAL
2025-12-05 14:00:00+00:00,LUCKNOW_001,17.7,1005.2,61.0,False,NORMAL
2025-12-05 15:00:00+00:00,LUCKNOW_001,14.0,1005.7,69.0,False,NORMAL
2025-12-05 16:00:00+00:00,LUCKNOW_001,13.7,1005.8,71.0,False,NORMAL
2025-12-05 17:00:00+00:00,LUCKNOW_001,12.9,1005.9,73.0,False,NORMAL
2025-12-05 18:00:00+00:00,LUCKNOW_001,12.5,1005.6,75.0,False,NORMAL
2025-12-05 19:00:00+00:00,LUCKNOW_001,12.4,1005.3,76.0,False,NORMAL
2025-12-05 20:00:00+00:00,LUCKNOW_001,11.2,1004.7,80.0,False,NORMAL
2025-12-05 21:00:00+00:00,LUCKNOW_001,10.9,1004.6,83.0,False,NORMAL
2025-12-05 22:00:00+00:00,LUCKNOW_001,9.4,1004.4,86.0,False,NORMAL
2025-12-05 23:00:00+00:00,LUCKNOW_001,9.2,1004.3,88.0,False,NORMAL
2025-12-06 00:00:00+00:00,LUCKNOW_001,10.3,1004.7,85.0,False,NORMAL
2025-12-06 01:00:00+00:00,LUCKNOW_001,10.4,1005.2,85.0,False,NORMAL
2025-12-06 02:00:00+00:00,LUCKNOW_001,11.3,1006.0,81.0,False,NORMAL
2025-12-06 03:00:00+00:00,LUCKNOW_001,12.2,1006.6,79.0,False,NORMAL
2025-12-06 04:00:00+00:00,LUCKNOW_001,12.9,1006.8,76.0,False,NORMAL
2025-12-06 05:00:00+00:00,LUCKNOW_001,18.9,1006.8,59.0,False,NORMAL
2025-12-06 06:00:00+00:00,LUCKNOW_001,21.4,1006.1,51.0,False,NORMAL
2025-12-06 07:00:00+00:00,LUCKNOW_001,22.0,1005.1,47.0,False,NORMAL
2025-12-06 08:00:00+00:00,LUCKNOW_001,24.3,1003.9,38.0,False,NORMAL
2025-12-06 09:00:00+00:00,LUCKNOW_001,24.4,1003.3,38.0,False,NORMAL
2025-12-06 10:00:00+00:00,LUCKNOW_001,20.9,1002.9,55.0,False,NORMAL
2025-12-06 11:00:00+00:00,LUCKNOW_001,20.7,1003.1,56.0,False,NORMAL
2025-12-06 12:00:00+00:00,LUCKNOW_001,19.6,1003.3,65.0,False,NORMAL
2025-12-06 13:00:00+00:00,LUCKNOW_001,19.0,1003.8,68.0,False,NORMAL
2025-12-06 14:00:00+00:00,LUCKNOW_001,17.4,1004.2,74.0,False,NORMAL
2025-12-06 15:00:00+00:00,LUCKNOW_001,14.0,1004.6,86.0,False,NORMAL
2025-12-06 16:00:00+00:00,LUCKNOW_001,14.1,1004.4,86.0,False,NORMAL
2025-12-06 17:00:00+00:00,LUCKNOW_001,13.2,1004.5,88.0,False,NORMAL
2025-12-06 18:00:00+00:00,LUCKNOW_001,13.1,1004.4,88.0,False,NORMAL
2025-12-06 19:00:00+00:00,LUCKNOW_001,12.8,1004.2,89.0,False,NORMAL
2025-12-06 20:00:00+00:00,LUCKNOW_001,11.8,1003.8,91.0,False,NORMAL
2025-12-06 21:00:00+00:00,LUCKNOW_001,11.6,1003.6,91.0,False,NORMAL
2025-12-06 22:00:00+00:00,LUCKNOW_001,11.1,1003.4,92.0,False,NORMAL
2025-12-06 23:00:00+00:00,LUCKNOW_001,11.1,1003.4,90.0,False,NORMAL
2025-12-07 00:00:00+00:00,LUCKNOW_001,12.0,1003.7,86.0,False,NORMAL
2025-12-07 01:00:00+00:00,LUCKNOW_001,12.0,1004.4,85.0,False,NORMAL
2025-12-07 02:00:00+00:00,LUCKNOW_001,12.5,1005.2,82.0,False,NORMAL
2025-12-07 03:00:00+00:00,LUCKNOW_001,13.0,1006.2,81.0,False,NORMAL
2025-12-07 04:00:00+00:00,LUCKNOW_001,13.6,1006.0,75.0,False,NORMAL
2025-12-07 05:00:00+00:00,LUCKNOW_001,18.4,1006.3,56.0,False,NORMAL
2025-12-07 06:00:00+00:00,LUCKNOW_001,21.1,1005.6,49.0,False,NORMAL
2025-12-07 07:00:00+00:00,LUCKNOW_001,21.6,1004.4,48.0,False,NORMAL
2025-12-07 08:00:00+00:00,LUCKNOW_001,24.1,1003.6,40.0,False,NORMAL
2025-12-07 09:00:00+00:00,LUCKNOW_001,24.4,1002.9,38.0,False,NORMAL
2025-12-07 10:00:00+00:00,LUCKNOW_001,21.0,1002.1,56.0,False,NORMAL
2025-12-07 11:00:00+00:00,LUCKNOW_001,20.8,1002.0,56.0,False,NORMAL
2025-12-07 12:00:00+00:00,LUCKNOW_001,19.1,1002.1,67.0,False,NORMAL
2025-12-07 13:00:00+00:00,LUCKNOW_001,18.4,1002.9,71.0,False,NORMAL
2025-12-07 14:00:00+00:00,LUCKNOW_001,17.0,1003.3,75.0,False,NORMAL
2025-12-07 15:00:00+00:00,LUCKNOW_001,13.6,1003.6,85.0,False,NORMAL
2025-12-07 16:00:00+00:00,LUCKNOW_001,13.7,1003.7,85.0,False,NORMAL
2025-12-07 17:00:00+00:00,LUCKNOW_001,12.5,1004.0,90.0,False,NORMAL
2025-12-07 18:00:00+00:00,LUCKNOW_001,12.4,1003.5,91.0,False,NORMAL
2025-12-07 19:00:00+00:00,LUCKNOW_001,12.3,1003.3,91.0,False,NORMAL
2025-12-07 20:00:00+00:00,LUCKNOW_001,11.2,1002.9,93.0,False,NORMAL
2025-12-07 21:00:00+00:00,LUCKNOW_001,11.3,1002.8,93.0,False,NORMAL
2025-12-07 22:00:00+00:00,LUCKNOW_001,10.4,1002.7,91.0,False,NORMAL
2025-12-07 23:00:00+00:00,LUCKNOW_001,10.1,1002.5,91.0,False,NORMAL
2025-12-08 00:00:00+00:00,LUCKNOW_001,10.9,1003.0,88.0,False,NORMAL
2025-12-08 01:00:00+00:00,LUCKNOW_001,10.7,1003.6,89.0,False,NORMAL
2025-12-08 02:00:00+00:00,LUCKNOW_001,11.8,1004.4,86.0,False,NORMAL
2025-12-08 03:00:00+00:00,LUCKNOW_001,12.8,1005.2,83.0,False,NORMAL
2025-12-08 04:00:00+00:00,LUCKNOW_001,14.2,1005.9,75.0,False,NORMAL
2025-12-08 05:00:00+00:00,LUCKNOW_001,20.4,1005.9,56.0,False,NORMAL
2025-12-08 06:00:00+00:00,LUCKNOW_001,21.4,1005.1,53.0,False,NORMAL
2025-12-08 07:00:00+00:00,LUCKNOW_001,22.1,1004.0,51.0,False,NORMAL
2025-12-08 08:00:00+00:00,LUCKNOW_001,24.0,1002.9,44.0,False,NORMAL
2025-12-08 09:00:00+00:00,LUCKNOW_001,24.3,1002.3,42.0,False,NORMAL
2025-12-08 10:00:00+00:00,LUCKNOW_001,21.4,1001.8,57.0,False,NORMAL
2025-12-08 11:00:00+00:00,LUCKNOW_001,21.5,1001.8,56.0,False,NORMAL
2025-12-08 12:00:00+00:00,LUCKNOW_001,20.7,1002.2,63.0,False,NORMAL
2025-12-08 13:00:00+00:00,LUCKNOW_001,20.0,1002.8,67.0,False,NORMAL
2025-12-08 14:00:00+00:00,LUCKNOW_001,18.4,1003.4,71.0,False,NORMAL
2025-12-08 15:00:00+00:00,LUCKNOW_001,14.8,1003.2,79.0,False,NORMAL
2025-12-08 16:00:00+00:00,LUCKNOW_001,14.4,1003.2,82.0,False,NORMAL
2025-12-08 17:00:00+00:00,LUCKNOW_001,13.6,1003.0,83.0,False,NORMAL
2025-12-08 18:00:00+00:00,LUCKNOW_001,13.4,1002.8,84.0,False,NORMAL
2025-12-08 19:00:00+00:00,LUCKNOW_001,13.2,1002.7,84.0,False,NORMAL
2025-12-08 20:00:00+00:00,LUCKNOW_001,12.2,1002.8,88.0,False,NORMAL
2025-12-08 21:00:00+00:00,LUCKNOW_001,12.3,1002.6,87.0,False,NORMAL
2025-12-08 22:00:00+00:00,LUCKNOW_001,11.6,1002.2,84.0,False,NORMAL
2025-12-08 23:00:00+00:00,LUCKNOW_001,11.1,1001.9,84.0,False,NORMAL
2025-12-09 00:00:00+00:00,LUCKNOW_001,12.0,1002.5,80.0,False,NORMAL
2025-12-09 01:00:00+00:00,LUCKNOW_001,11.9,1003.0,81.0,False,NORMAL
2025-12-09 02:00:00+00:00,LUCKNOW_001,12.2,1004.0,79.0,False,NORMAL
2025-12-09 03:00:00+00:00,LUCKNOW_001,13.2,1004.8,79.0,False,NORMAL
2025-12-09 04:00:00+00:00,LUCKNOW_001,14.1,1005.2,75.0,False,NORMAL
2025-12-09 05:00:00+00:00,LUCKNOW_001,18.7,1005.2,58.0,False,NORMAL
2025-12-09 06:00:00+00:00,LUCKNOW_001,22.4,1004.5,47.0,False,NORMAL
2025-12-09 07:00:00+00:00,LUCKNOW_001,23.0,1003.9,46.0,False,NORMAL
2025-12-09 08:00:00+00:00,LUCKNOW_001,25.1,1002.8,39.0,False,NORMAL
2025-12-09 09:00:00+00:00,LUCKNOW_001,25.5,1002.1,36.0,False,NORMAL
2025-12-09 10:00:00+00:00,LUCKNOW_001,22.0,1001.7,51.0,False,NORMAL
2025-12-09 11:00:00+00:00,LUCKNOW_001,21.8,1001.7,51.0,False,NORMAL
2025-12-09 12:00:00+00:00,LUCKNOW_001,21.2,1002.1,57.0,False,NORMAL
2025-12-09 13:00:00+00:00,LUCKNOW_001,20.6,1002.8,61.0,False,NORMAL
2025-12-09 14:00:00+00:00,LUCKNOW_001,18.9,1003.2,67.0,False,NORMAL
2025-12-09 15:00:00+00:00,LUCKNOW_001,15.7,1003.3,75.0,False,NORMAL
2025-12-09 16:00:00+00:00,LUCKNOW_001,15.4,1003.2,78.0,False,NORMAL
2025-12-09 17:00:00+00:00,LUCKNOW_001,13.5,1003.3,84.0,False,NORMAL
2025-12-09 18:00:00+00:00,LUCKNOW_001,13.2,1003.0,85.0,False,NORMAL
2025-12-09 19:00:00+00:00,LUCKNOW_001,12.8,1002.9,86.0,False,NORMAL
2025-12-09 20:00:00+00:00,LUCKNOW_001,11.3,1002.7,89.0,False,NORMAL
2025-12-09 21:00:00+00:00,LUCKNOW_001,11.0,1002.7,91.0,False,NORMAL
2025-12-09 22:00:00+00:00,LUCKNOW_001,10.5,1003.0,92.0,False,NORMAL
2025-12-09 23:00:00+00:00,LUCKNOW_001,10.4,1003.1,91.0,False,NORMAL
2025-12-10 00:00:00+00:00,LUCKNOW_001,11.6,1003.0,88.0,False,NORMAL
2025-12-10 01:00:00+00:00,LUCKNOW_001,11.3,1003.7,88.0,False,NORMAL
2025-12-10 02:00:00+00:00,LUCKNOW_001,12.3,1004.6,83.0,False,NORMAL
2025-12-10 03:00:00+00:00,LUCKNOW_001,12.4,1005.3,81.0,False,NORMAL
2025-12-10 04:00:00+00:00,LUCKNOW_001,14.1,1006.0,73.0,False,NORMAL
2025-12-10 05:00:00+00:00,LUCKNOW_001,19.4,1005.9,57.0,False,NORMAL
2025-12-10 06:00:00+00:00,LUCKNOW_001,21.9,1005.3,49.0,False,NORMAL
2025-12-10 07:00:00+00:00,LUCKNOW_001,22.2,1004.3,48.0,False,NORMAL
2025-12-10 08:00:00+00:00,LUCKNOW_001,24.7,1003.6,39.0,False,NORMAL
2025-12-10 09:00:00+00:00,LUCKNOW_001,24.9,1002.7,38.0,False,NORMAL
2025-12-10 10:00:00+00:00,LUCKNOW_001,21.8,1002.3,53.0,False,NORMAL
2025-12-10 11:00:00+00:00,LUCKNOW_001,21.2,1002.3,61.0,False,NORMAL
2025-12-10 12:00:00+00:00,LUCKNOW_001,18.9,1002.7,68.0,False,NORMAL
2025-12-10 13:00:00+00:00,LUCKNOW_001,19.0,1003.4,68.0,False,NORMAL
2025-12-10 14:00:00+00:00,LUCKNOW_001,17.2,1003.7,72.0,False,NORMAL
2025-12-10 15:00:00+00:00,LUCKNOW_001,14.7,1003.8,80.0,False,NORMAL
2025-12-10 16:00:00+00:00,LUCKNOW_001,14.3,1004.2,84.0,False,NORMAL
2025-12-10 17:00:00+00:00,LUCKNOW_001,13.0,1003.9,88.0,False,NORMAL
2025-12-10 18:00:00+00:00,LUCKNOW_001,12.6,1003.6,89.0,False,NORMAL
2025-12-10 19:00:00+00:00,LUCKNOW_001,12.4,1003.4,90.0,False,NORMAL
2025-12-10 20:00:00+00:00,LUCKNOW_001,11.1,1002.7,94.0,False,NORMAL
2025-12-10 21:00:00+00:00,LUCKNOW_001,11.0,1002.5,94.0,False,NORMAL
2025-12-10 22:00:00+00:00,LUCKNOW_001,10.3,1002.0,96.0,False,NORMAL
2025-12-10 23:00:00+00:00,LUCKNOW_001,10.2,1002.3,96.0,False,NORMAL
2025-12-11 00:00:00+00:00,LUCKNOW_001,11.3,1001.9,91.0,False,NORMAL
2025-12-11 01:00:00+00:00,LUCKNOW_001,11.2,1002.4,92.0,False,NORMAL
2025-12-11 02:00:00+00:00,LUCKNOW_001,11.8,1003.1,89.0,False,NORMAL
2025-12-11 03:00:00+00:00,LUCKNOW_001,12.0,1004.0,87.0,False,NORMAL
2025-12-11 04:00:00+00:00,LUCKNOW_001,13.3,1004.5,82.0,False,NORMAL
2025-12-11 05:00:00+00:00,LUCKNOW_001,19.7,1004.5,67.0,False,NORMAL
2025-12-11 06:00:00+00:00,LUCKNOW_001,22.0,1003.7,55.0,False,NORMAL
2025-12-11 07:00:00+00:00,LUCKNOW_001,22.7,1003.0,53.0,False,NORMAL
2025-12-11 08:00:00+00:00,LUCKNOW_001,24.6,1001.9,47.0,False,NORMAL
2025-12-11 09:00:00+00:00,LUCKNOW_001,24.9,1001.0,44.0,False,NORMAL
2025-12-11 10:00:00+00:00,LUCKNOW_001,21.4,1000.5,60.0,False,NORMAL
2025-12-11 11:00:00+00:00,LUCKNOW_001,21.3,1000.6,56.0,False,NORMAL
2025-12-11 12:00:00+00:00,LUCKNOW_001,20.0,1001.2,66.0,False,NORMAL
2025-12-11 13:00:00+00:00,LUCKNOW_001,19.2,1001.3,70.0,False,NORMAL
2025-12-11 14:00:00+00:00,LUCKNOW_001,17.1,1001.6,77.0,False,NORMAL
2025-12-11 15:00:00+00:00,LUCKNOW_001,14.3,1001.9,88.0,False,NORMAL
2025-12-11 16:00:00+00:00,LUCKNOW_001,14.1,1001.8,90.0,False,NORMAL
2025-12-11 17:00:00+00:00,LUCKNOW_001,13.5,1001.9,90.0,False,NORMAL
2025-12-11 18:00:00+00:00,LUCKNOW_001,13.9,1001.9,88.0,False,NORMAL
2025-12-11 19:00:00+00:00,LUCKNOW_001,13.3,1001.3,89.0,False,NORMAL
2025-12-11 20:00:00+00:00,LUCKNOW_001,12.2,1001.0,92.0,False,NORMAL
2025-12-11 21:00:00+00:00,LUCKNOW_001,10.9,1000.8,96.0,False,NORMAL
2025-12-11 22:00:00+00:00,LUCKNOW_001,9.8,1000.7,98.0,False,NORMAL
2025-12-11 23:00:00+00:00,LUCKNOW_001,9.6,1001.0,98.0,False,NORMAL
2025-12-12 00:00:00+00:00,LUCKNOW_001,10.7,1000.8,94.0,False,NORMAL
2025-12-12 01:00:00+00:00,LUCKNOW_001,11.2,1001.6,93.0,False,NORMAL
2025-12-12 02:00:00+00:00,LUCKNOW_001,12.0,1002.4,92.0,False,NORMAL
2025-12-12 03:00:00+00:00,LUCKNOW_001,12.3,1003.3,90.0,False,NORMAL
2025-12-12 04:00:00+00:00,LUCKNOW_001,13.8,1003.7,86.0,False,NORMAL
2025-12-12 05:00:00+00:00,LUCKNOW_001,21.0,1004.0,67.0,False,NORMAL
2025-12-12 06:00:00+00:00,LUCKNOW_001,21.6,1003.4,58.0,False,NORMAL
2025-12-12 07:00:00+00:00,LUCKNOW_001,22.1,1002.8,57.0,False,NORMAL
2025-12-12 08:00:00+00:00,LUCKNOW_001,23.4,1001.7,51.0,False,NORMAL
2025-12-12 09:00:00+00:00,LUCKNOW_001,24.7,1001.2,46.0,False,NORMAL
2025-12-12 10:00:00+00:00,LUCKNOW_001,21.7,1000.5,61.0,False,NORMAL
2025-12-12 11:00:00+00:00,LUCKNOW_001,21.4,1000.7,69.0,False,NORMAL
2025-12-12 12:00:00+00:00,LUCKNOW_001,21.3,1001.0,65.0,False,NORMAL
2025-12-12 13:00:00+00:00,LUCKNOW_001,20.1,1001.9,70.0,False,NORMAL
2025-12-12 14:00:00+00:00,LUCKNOW_001,18.6,1002.0,74.0,False,NORMAL
2025-12-12 15:00:00+00:00,LUCKNOW_001,15.0,1002.3,85.0,False,NORMAL
2025-12-12 16:00:00+00:00,LUCKNOW_001,14.7,1002.5,87.0,False,NORMAL
2025-12-12 17:00:00+00:00,LUCKNOW_001,13.9,1002.4,89.0,False,NORMAL
2025-12-12 18:00:00+00:00,LUCKNOW_001,13.7,1002.3,90.0,False,NORMAL
2025-12-12 19:00:00+00:00,LUCKNOW_001,13.4,1001.9,90.0,False,NORMAL
2025-12-12 20:00:00+00:00,LUCKNOW_001,13.1,1002.0,90.0,False,NORMAL
2025-12-12 21:00:00+00:00,LUCKNOW_001,12.6,1001.6,91.0,False,NORMAL
2025-12-12 22:00:00+00:00,LUCKNOW_001,10.8,1001.0,94.0,False,NORMAL
2025-12-12 23:00:00+00:00,LUCKNOW_001,9.9,1001.0,96.0,False,NORMAL
2025-12-13 00:00:00+00:00,LUCKNOW_001,10.8,1001.5,93.0,False,NORMAL
2025-12-13 01:00:00+00:00,LUCKNOW_001,10.9,1002.5,93.0,False,NORMAL
2025-12-13 02:00:00+00:00,LUCKNOW_001,11.9,1003.5,91.0,False,NORMAL
2025-12-13 03:00:00+00:00,LUCKNOW_001,12.4,1004.6,89.0,False,NORMAL
2025-12-13 04:00:00+00:00,LUCKNOW_001,14.6,1005.3,89.0,False,NORMAL
2025-12-13 05:00:00+00:00,LUCKNOW_001,20.5,1005.5,66.0,False,NORMAL
2025-12-13 06:00:00+00:00,LUCKNOW_001,21.8,1004.8,60.0,False,NORMAL
2025-12-13 07:00:00+00:00,LUCKNOW_001,22.1,1003.8,57.0,False,NORMAL
2025-12-13 08:00:00+00:00,LUCKNOW_001,24.4,1003.0,49.0,False,NORMAL
2025-12-13 09:00:00+00:00,LUCKNOW_001,24.7,1002.1,47.0,False,NORMAL
2025-12-13 10:00:00+00:00,LUCKNOW_001,21.3,1001.5,64.0,False,NORMAL
2025-12-13 11:00:00+00:00,LUCKNOW_001,21.0,1001.9,67.0,False,NORMAL
2025-12-13 12:00:00+00:00,LUCKNOW_001,19.3,1002.2,75.0,False,NORMAL
2025-12-13 13:00:00+00:00,LUCKNOW_001,18.8,1002.6,78.0,False,NORMAL
2025-12-13 14:00:00+00:00,LUCKNOW_001,17.4,1003.5,84.0,False,NORMAL
2025-12-13 15:00:00+00:00,LUCKNOW_001,14.7,1003.8,90.0,False,NORMAL
2025-12-13 16:00:00+00:00,LUCKNOW_001,14.9,1003.8,88.0,False,NORMAL
2025-12-13 17:00:00+00:00,LUCKNOW_001,14.0,1003.7,88.0,False,NORMAL
2025-12-13 18:00:00+00:00,LUCKNOW_001,14.3,1003.6,87.0,False,NORMAL
2025-12-13 19:00:00+00:00,LUCKNOW_001,14.2,1003.5,87.0,False,NORMAL
2025-12-13 20:00:00+00:00,LUCKNOW_001,13.4,1003.3,88.0,False,NORMAL
2025-12-13 21:00:00+00:00,LUCKNOW_001,13.4,1003.2,89.0,False,NORMAL
2025-12-13 22:00:00+00:00,LUCKNOW_001,12.0,1003.2,91.0,False,NORMAL
2025-12-13 23:00:00+00:00,LUCKNOW_001,11.6,1003.1,91.0,False,NORMAL
2025-12-14 00:00:00+00:00,LUCKNOW_001,12.5,1003.3,89.0,False,NORMAL
2025-12-14 01:00:00+00:00,LUCKNOW_001,12.5,1004.5,89.0,False,NORMAL
2025-12-14 02:00:00+00:00,LUCKNOW_001,12.1,1005.1,90.0,False,NORMAL
2025-12-14 03:00:00+00:00,LUCKNOW_001,13.0,1006.1,87.0,False,NORMAL
2025-12-14 04:00:00+00:00,LUCKNOW_001,15.0,1006.6,86.0,False,NORMAL
2025-12-14 05:00:00+00:00,LUCKNOW_001,20.6,1006.7,68.0,False,NORMAL
2025-12-14 06:00:00+00:00,LUCKNOW_001,21.6,1006.0,60.0,False,NORMAL
2025-12-14 07:00:00+00:00,LUCKNOW_001,22.1,1005.0,57.0,False,NORMAL
2025-12-14 08:00:00+00:00,LUCKNOW_001,24.5,1003.7,48.0,False,NORMAL
2025-12-14 09:00:00+00:00,LUCKNOW_001,24.6,1002.8,47.0,False,NORMAL
2025-12-14 10:00:00+00:00,LUCKNOW_001,21.6,1002.4,63.0,False,NORMAL
2025-12-14 11:00:00+00:00,LUCKNOW_001,21.4,1002.6,69.0,False,NORMAL
2025-12-14 12:00:00+00:00,LUCKNOW_001,20.9,1002.5,67.0,False,NORMAL
2025-12-14 13:00:00+00:00,LUCKNOW_001,19.6,1003.2,73.0,False,NORMAL
2025-12-14 14:00:00+00:00,LUCKNOW_001,17.8,1003.6,80.0,False,NORMAL
2025-12-14 15:00:00+00:00,LUCKNOW_001,14.5,1003.9,91.0,False,NORMAL
2025-12-14 16:00:00+00:00,LUCKNOW_001,14.1,1004.0,92.0,False,NORMAL
2025-12-14 17:00:00+00:00,LUCKNOW_001,13.0,1003.9,94.0,False,NORMAL
2025-12-14 18:00:00+00:00,LUCKNOW_001,12.4,1003.6,94.0,False,NORMAL
2025-12-14 19:00:00+00:00,LUCKNOW_001,12.5,1003.3,93.0,False,NORMAL
2025-12-14 20:00:00+00:00,LUCKNOW_001,12.1,1003.0,94.0,False,NORMAL
2025-12-14 21:00:00+00:00,LUCKNOW_001,11.6,1002.5,94.0,False,NORMAL
2025-12-14 22:00:00+00:00,LUCKNOW_001,10.5,1002.5,95.0,False,NORMAL
2025-12-14 23:00:00+00:00,LUCKNOW_001,10.1,1002.6,94.0,False,NORMAL
2025-12-15 00:00:00+00:00,LUCKNOW_001,10.7,1002.7,93.0,False,NORMAL
2025-12-15 01:00:00+00:00,LUCKNOW_001,10.8,1003.2,92.0,False,NORMAL
2025-12-15 02:00:00+00:00,LUCKNOW_001,12.2,1004.4,89.0,False,NORMAL
2025-12-15 03:00:00+00:00,LUCKNOW_001,12.7,1005.3,88.0,False,NORMAL
2025-12-15 04:00:00+00:00,LUCKNOW_001,14.4,1005.9,85.0,False,NORMAL
2025-12-15 05:00:00+00:00,LUCKNOW_001,21.1,1006.4,65.0,False,NORMAL
2025-12-15 06:00:00+00:00,LUCKNOW_001,21.6,1005.5,59.0,False,NORMAL
2025-12-15 07:00:00+00:00,LUCKNOW_001,22.2,1004.6,57.0,False,NORMAL
2025-12-15 08:00:00+00:00,LUCKNOW_001,24.5,1003.6,48.0,False,NORMAL
2025-12-15 09:00:00+00:00,LUCKNOW_001,24.7,1003.0,47.0,False,NORMAL
2025-12-15 10:00:00+00:00,LUCKNOW_001,21.2,1002.3,63.0,False,NORMAL
2025-12-15 11:00:00+00:00,LUCKNOW_001,20.9,1002.4,64.0,False,NORMAL
2025-12-15 12:00:00+00:00,LUCKNOW_001,19.3,1002.4,76.0,False,NORMAL
2025-12-15 13:00:00+00:00,LUCKNOW_001,18.8,1003.0,79.0,False,NORMAL
2025-12-15 14:00:00+00:00,LUCKNOW_001,17.7,1003.4,84.0,False,NORMAL
2025-12-15 15:00:00+00:00,LUCKNOW_001,14.9,1003.6,93.0,False,NORMAL
2025-12-15 16:00:00+00:00,LUCKNOW_001,15.1,1003.9,93.0,False,NORMAL
2025-12-15 17:00:00+00:00,LUCKNOW_001,14.5,1003.8,94.0,False,NORMAL
2025-12-15 18:00:00+00:00,LUCKNOW_001,14.7,1003.6,93.0,False,NORMAL
2025-12-15 19:00:00+00:00,LUCKNOW_001,14.7,1003.2,93.0,False,NORMAL
2025-12-15 20:00:00+00:00,LUCKNOW_001,14.5,1002.6,94.0,False,NORMAL
2025-12-15 21:00:00+00:00,LUCKNOW_001,13.4,1002.1,94.0,False,NORMAL
2025-12-15 22:00:00+00:00,LUCKNOW_001,12.1,1001.9,97.0,False,NORMAL
2025-12-15 23:00:00+00:00,LUCKNOW_001,11.8,1001.8,97.0,False,NORMAL
2025-12-16 00:00:00+00:00,LUCKNOW_001,12.3,1001.9,95.0,False,NORMAL
2025-12-16 01:00:00+00:00,LUCKNOW_001,12.1,1002.3,95.0,False,NORMAL
2025-12-16 02:00:00+00:00,LUCKNOW_001,12.2,1003.2,95.0,False,NORMAL
2025-12-16 03:00:00+00:00,LUCKNOW_001,12.0,1003.7,95.0,False,NORMAL
2025-12-16 04:00:00+00:00,LUCKNOW_001,12.8,1004.2,94.0,False,NORMAL
2025-12-16 05:00:00+00:00,LUCKNOW_001,18.1,1004.5,78.0,False,NORMAL
2025-12-16 06:00:00+00:00,LUCKNOW_001,19.5,1003.4,65.0,False,NORMAL
2025-12-16 07:00:00+00:00,LUCKNOW_001,20.5,1003.0,58.0,False,NORMAL
2025-12-16 08:00:00+00:00,LUCKNOW_001,21.9,1001.7,51.0,False,NORMAL
2025-12-16 09:00:00+00:00,LUCKNOW_001,22.0,1001.3,50.0,False,NORMAL
2025-12-16 10:00:00+00:00,LUCKNOW_001,20.1,1000.9,66.0,False,NORMAL
2025-12-16 11:00:00+00:00,LUCKNOW_001,19.8,1001.2,68.0,False,NORMAL
2025-12-16 12:00:00+00:00,LUCKNOW_001,18.4,1001.3,77.0,False,NORMAL
2025-12-16 13:00:00+00:00,LUCKNOW_001,18.2,1002.2,77.0,False,NORMAL
2025-12-16 14:00:00+00:00,LUCKNOW_001,17.2,1002.6,81.0,False,NORMAL
2025-12-16 15:00:00+00:00,LUCKNOW_001,14.4,1002.9,91.0,False,NORMAL
2025-12-16 16:00:00+00:00,LUCKNOW_001,13.7,1003.1,93.0,False,NORMAL
2025-12-16 17:00:00+00:00,LUCKNOW_001,12.7,1003.0,95.0,False,NORMAL
2025-12-16 18:00:00+00:00,LUCKNOW_001,12.3,1002.9,95.0,False,NORMAL
2025-12-16 19:00:00+00:00,LUCKNOW_001,12.3,1002.6,95.0,False,NORMAL
2025-12-16 20:00:00+00:00,LUCKNOW_001,11.2,1002.1,97.0,False,NORMAL
2025-12-16 21:00:00+00:00,LUCKNOW_001,11.2,1002.0,97.0,False,NORMAL
2025-12-16 22:00:00+00:00,LUCKNOW_001,10.8,1001.9,96.0,False,NORMAL
2025-12-16 23:00:00+00:00,LUCKNOW_001,10.7,1002.4,96.0,False,NORMAL
2025-12-17 00:00:00+00:00,LUCKNOW_001,11.3,1002.6,94.0,False,NORMAL
2025-12-17 01:00:00+00:00,LUCKNOW_001,11.2,1003.3,93.0,False,NORMAL
2025-12-17 02:00:00+00:00,LUCKNOW_001,11.6,1004.1,95.0,False,NORMAL
2025-12-17 03:00:00+00:00,LUCKNOW_001,11.8,1005.1,94.0,False,NORMAL
2025-12-17 04:00:00+00:00,LUCKNOW_001,12.6,1005.7,90.0,False,NORMAL
2025-12-17 05:00:00+00:00,LUCKNOW_001,16.6,1005.9,76.0,False,NORMAL
2025-12-17 06:00:00+00:00,LUCKNOW_001,17.7,1005.0,72.0,False,NORMAL
2025-12-17 07:00:00+00:00,LUCKNOW_001,18.8,1004.3,69.0,False,NORMAL
2025-12-17 08:00:00+00:00,LUCKNOW_001,20.8,1003.4,58.0,False,NORMAL
2025-12-17 09:00:00+00:00,LUCKNOW_001,21.6,1002.9,55.0,False,NORMAL
2025-12-17 10:00:00+00:00,LUCKNOW_001,17.9,1002.7,75.0,False,NORMAL
2025-12-17 11:00:00+00:00,LUCKNOW_001,17.8,1002.8,77.0,False,NORMAL
2025-12-17 12:00:00+00:00,LUCKNOW_001,17.0,1003.1,82.0,False,NORMAL
2025-12-17 13:00:00+00:00,LUCKNOW_001,15.9,1003.7,87.0,False,NORMAL
2025-12-17 14:00:00+00:00,LUCKNOW_001,15.3,1004.1,90.0,False,NORMAL
2025-12-17 15:00:00+00:00,LUCKNOW_001,12.9,1004.2,96.0,False,NORMAL
2025-12-17 16:00:00+00:00,LUCKNOW_001,12.7,1004.5,96.0,False,NORMAL
2025-12-17 17:00:00+00:00,LUCKNOW_001,11.9,1004.4,98.0,False,NORMAL
2025-12-17 18:00:00+00:00,LUCKNOW_001,12.0,1004.0,97.0,False,NORMAL
2025-12-17 19:00:00+00:00,LUCKNOW_001,11.8,1004.0,98.0,False,NORMAL
2025-12-17 20:00:00+00:00,LUCKNOW_001,11.5,1003.5,98.0,False,NORMAL
2025-12-17 21:00:00+00:00,LUCKNOW_001,11.4,1003.4,99.0,False,NORMAL
2025-12-17 22:00:00+00:00,LUCKNOW_001,11.1,1003.4,99.0,False,NORMAL
2025-12-17 23:00:00+00:00,LUCKNOW_001,10.8,1003.8,99.0,False,NORMAL
2025-12-18 00:00:00+00:00,LUCKNOW_001,11.3,1004.0,98.0,False,NORMAL
2025-12-18 01:00:00+00:00,LUCKNOW_001,11.5,1004.7,98.0,False,NORMAL
2025-12-18 02:00:00+00:00,LUCKNOW_001,11.9,1005.9,96.0,False,NORMAL
2025-12-18 03:00:00+00:00,LUCKNOW_001,11.1,1006.3,99.0,False,NORMAL
2025-12-18 04:00:00+00:00,LUCKNOW_001,10.9,1007.0,100.0,False,NORMAL
2025-12-18 05:00:00+00:00,LUCKNOW_001,13.8,1006.7,92.0,False,NORMAL
2025-12-18 06:00:00+00:00,LUCKNOW_001,15.7,1005.9,83.0,False,NORMAL
2025-12-18 07:00:00+00:00,LUCKNOW_001,16.3,1004.9,75.0,False,NORMAL
2025-12-18 08:00:00+00:00,LUCKNOW_001,18.3,1003.9,67.0,False,NORMAL
2025-12-18 09:00:00+00:00,LUCKNOW_001,18.1,1002.9,66.0,False,NORMAL
2025-12-18 10:00:00+00:00,LUCKNOW_001,16.4,1002.6,76.0,False,NORMAL
2025-12-18 11:00:00+00:00,LUCKNOW_001,15.8,1002.8,83.0,False,NORMAL
2025-12-18 12:00:00+00:00,LUCKNOW_001,15.7,1002.8,84.0,False,NORMAL
2025-12-18 13:00:00+00:00,LUCKNOW_001,15.2,1002.7,87.0,False,NORMAL
2025-12-18 14:00:00+00:00,LUCKNOW_001,14.1,1003.3,90.0,False,NORMAL
2025-12-18 15:00:00+00:00,LUCKNOW_001,12.3,1003.6,95.0,False,NORMAL
2025-12-18 16:00:00+00:00,LUCKNOW_001,11.9,1003.8,96.0,False,NORMAL
2025-12-18 17:00:00+00:00,LUCKNOW_001,11.2,1003.4,97.0,False,NORMAL
2025-12-18 18:00:00+00:00,LUCKNOW_001,11.2,1003.3,96.0,False,NORMAL
2025-12-18 19:00:00+00:00,LUCKNOW_001,11.3,1002.7,96.0,False,NORMAL
2025-12-18 20:00:00+00:00,LUCKNOW_001,11.5,1002.3,97.0,False,NORMAL
2025-12-18 21:00:00+00:00,LUCKNOW_001,11.6,1002.0,96.0,False,NORMAL
2025-12-18 22:00:00+00:00,LUCKNOW_001,10.6,1002.4,98.0,False,NORMAL
2025-12-18 23:00:00+00:00,LUCKNOW_001,10.5,1002.7,98.0,False,NORMAL
2025-12-19 00:00:00+00:00,LUCKNOW_001,10.9,1002.3,95.0,False,NORMAL
2025-12-19 01:00:00+00:00,LUCKNOW_001,10.5,1003.0,96.0,False,NORMAL
2025-12-19 02:00:00+00:00,LUCKNOW_001,11.1,1003.9,97.0,False,NORMAL
2025-12-19 03:00:00+00:00,LUCKNOW_001,11.6,1004.7,97.0,False,NORMAL
2025-12-19 04:00:00+00:00,LUCKNOW_001,11.8,1005.2,98.0,False,NORMAL
2025-12-19 05:00:00+00:00,LUCKNOW_001,13.9,1005.1,88.0,False,NORMAL
2025-12-19 06:00:00+00:00,LUCKNOW_001,14.4,1004.5,84.0,False,NORMAL
2025-12-19 07:00:00+00:00,LUCKNOW_001,15.6,1003.4,79.0,False,NORMAL
2025-12-19 08:00:00+00:00,LUCKNOW_001,18.1,1002.5,70.0,False,NORMAL
2025-12-19 09:00:00+00:00,LUCKNOW_001,18.5,1001.4,67.0,False,NORMAL
2025-12-19 10:00:00+00:00,LUCKNOW_001,15.9,1001.3,79.0,False,NORMAL
2025-12-19 11:00:00+00:00,LUCKNOW_001,15.9,1000.9,83.0,False,NORMAL
2025-12-19 12:00:00+00:00,LUCKNOW_001,15.4,1001.0,84.0,False,NORMAL
2025-12-19 13:00:00+00:00,LUCKNOW_001,14.6,1000.7,88.0,False,NORMAL
2025-12-19 14:00:00+00:00,LUCKNOW_001,14.1,1001.2,89.0,False,NORMAL
2025-12-19 15:00:00+00:00,LUCKNOW_001,12.1,1001.4,95.0,False,NORMAL
2025-12-19 16:00:00+00:00,LUCKNOW_001,12.0,1001.6,95.0,False,NORMAL
2025-12-19 17:00:00+00:00,LUCKNOW_001,10.8,1001.4,96.0,False,NORMAL
2025-12-19 18:00:00+00:00,LUCKNOW_001,11.2,1001.0,94.0,False,NORMAL
2025-12-19 19:00:00+00:00,LUCKNOW_001,11.8,1000.7,93.0,False,NORMAL
2025-12-19 20:00:00+00:00,LUCKNOW_001,11.8,1000.5,94.0,False,NORMAL
2025-12-19 21:00:00+00:00,LUCKNOW_001,11.8,1000.1,95.0,False,NORMAL
2025-12-19 22:00:00+00:00,LUCKNOW_001,9.6,1000.3,100.0,False,NORMAL
2025-12-19 23:00:00+00:00,LUCKNOW_001,9.7,1000.6,98.0,False,NORMAL
2025-12-20 00:00:00+00:00,LUCKNOW_001,10.6,1001.0,95.0,False,NORMAL
2025-12-20 01:00:00+00:00,LUCKNOW_001,10.9,1001.6,96.0,False,NORMAL
2025-12-20 02:00:00+00:00,LUCKNOW_001,11.1,1003.0,95.0,False,NORMAL
2025-12-20 03:00:00+00:00,LUCKNOW_001,11.6,1004.1,94.0,False,NORMAL
2025-12-20 04:00:00+00:00,LUCKNOW_001,11.7,1004.9,96.0,False,NORMAL
2025-12-20 05:00:00+00:00,LUCKNOW_001,14.4,1005.1,88.0,False,NORMAL
2025-12-20 06:00:00+00:00,LUCKNOW_001,15.2,1004.3,84.0,False,NORMAL
2025-12-20 07:00:00+00:00,LUCKNOW_001,15.4,1003.3,81.0,False,NORMAL
2025-12-20 08:00:00+00:00,LUCKNOW_001,17.0,1002.3,75.0,False,NORMAL
2025-12-20 09:00:00+00:00,LUCKNOW_001,16.9,1001.5,75.0,False,NORMAL
2025-12-20 10:00:00+00:00,LUCKNOW_001,14.7,1001.4,84.0,False,NORMAL
2025-12-20 11:00:00+00:00,LUCKNOW_001,14.8,1001.5,82.0,False,NORMAL
2025-12-20 12:00:00+00:00,LUCKNOW_001,15.9,1002.2,79.0,False,NORMAL
2025-12-20 13:00:00+00:00,LUCKNOW_001,16.5,1001.9,76.0,False,NORMAL
2025-12-20 14:00:00+00:00,LUCKNOW_001,16.1,1002.7,80.0,False,NORMAL
2025-12-20 15:00:00+00:00,LUCKNOW_001,14.0,1002.7,84.0,False,NORMAL
2025-12-20 16:00:00+00:00,LUCKNOW_001,14.0,1002.8,85.0,False,NORMAL
2025-12-20 17:00:00+00:00,LUCKNOW_001,12.9,1003.0,89.0,False,NORMAL
2025-12-20 18:00:00+00:00,LUCKNOW_001,12.9,1002.7,90.0,False,NORMAL
2025-12-20 19:00:00+00:00,LUCKNOW_001,12.7,1002.6,90.0,False,NORMAL
2025-12-20 20:00:00+00:00,LUCKNOW_001,12.2,1002.6,92.0,False,NORMAL
2025-12-20 21:00:00+00:00,LUCKNOW_001,11.9,1001.9,92.0,False,NORMAL
2025-12-20 22:00:00+00:00,LUCKNOW_001,13.0,1002.0,90.0,False,NORMAL
2025-12-20 23:00:00+00:00,LUCKNOW_001,12.6,1002.2,90.0,False,NORMAL
2025-12-21 00:00:00+00:00,LUCKNOW_001,13.0,1002.5,87.0,False,NORMAL
2025-12-21 01:00:00+00:00,LUCKNOW_001,13.0,1003.1,88.0,False,NORMAL
2025-12-21 02:00:00+00:00,LUCKNOW_001,12.5,1004.3,90.0,False,NORMAL
2025-12-21 03:00:00+00:00,LUCKNOW_001,12.4,1005.1,91.0,False,NORMAL
2025-12-21 04:00:00+00:00,LUCKNOW_001,11.5,1005.6,85.0,False,NORMAL
2025-12-21 05:00:00+00:00,LUCKNOW_001,13.9,1006.0,80.0,False,NORMAL
2025-12-21 06:00:00+00:00,LUCKNOW_001,14.2,1005.4,78.0,False,NORMAL
2025-12-21 07:00:00+00:00,LUCKNOW_001,14.4,1004.8,76.0,False,NORMAL
2025-12-21 08:00:00+00:00,LUCKNOW_001,16.3,1003.8,70.0,False,NORMAL
2025-12-21 09:00:00+00:00,LUCKNOW_001,16.4,1003.2,70.0,False,NORMAL
2025-12-21 10:00:00+00:00,LUCKNOW_001,15.5,1002.7,80.0,False,NORMAL
2025-12-21 11:00:00+00:00,LUCKNOW_001,15.6,1002.5,82.0,False,NORMAL
2025-12-21 12:00:00+00:00,LUCKNOW_001,16.3,1002.8,76.0,False,NORMAL
2025-12-21 13:00:00+00:00,LUCKNOW_001,16.1,1002.9,77.0,False,NORMAL
2025-12-21 14:00:00+00:00,LUCKNOW_001,15.7,1003.9,80.0,False,NORMAL
2025-12-21 15:00:00+00:00,LUCKNOW_001,13.9,1004.3,85.0,False,NORMAL
2025-12-21 16:00:00+00:00,LUCKNOW_001,13.8,1004.7,86.0,False,NORMAL
2025-12-21 17:00:00+00:00,LUCKNOW_001,13.0,1004.7,89.0,False,NORMAL
2025-12-21 18:00:00+00:00,LUCKNOW_001,12.8,1004.8,89.0,False,NORMAL
2025-12-21 19:00:00+00:00,LUCKNOW_001,12.4,1004.5,91.0,False,NORMAL
2025-12-21 20:00:00+00:00,LUCKNOW_001,11.6,1004.6,92.0,False,NORMAL
2025-12-21 21:00:00+00:00,LUCKNOW_001,11.3,1004.0,93.0,False,NORMAL
2025-12-21 22:00:00+00:00,LUCKNOW_001,10.6,1003.5,95.0,False,NORMAL
2025-12-21 23:00:00+00:00,LUCKNOW_001,10.5,1003.7,95.0,False,NORMAL
2025-12-22 00:00:00+00:00,LUCKNOW_001,9.9,1003.6,96.0,False,NORMAL
2025-12-22 01:00:00+00:00,LUCKNOW_001,9.3,1004.1,98.0,False,NORMAL
2025-12-22 02:00:00+00:00,LUCKNOW_001,10.5,1005.0,97.0,False,NORMAL
2025-12-22 03:00:00+00:00,LUCKNOW_001,11.2,1005.7,93.0,False,NORMAL
2025-12-22 04:00:00+00:00,LUCKNOW_001,11.4,1006.3,91.0,False,NORMAL
2025-12-22 05:00:00+00:00,LUCKNOW_001,13.8,1006.2,85.0,False,NORMAL
2025-12-22 06:00:00+00:00,LUCKNOW_001,15.3,1005.3,82.0,False,NORMAL
2025-12-22 07:00:00+00:00,LUCKNOW_001,15.8,1004.0,80.0,False,NORMAL
2025-12-22 08:00:00+00:00,LUCKNOW_001,18.3,1002.9,72.0,False,NORMAL
2025-12-22 09:00:00+00:00,LUCKNOW_001,18.7,1001.8,72.0,False,NORMAL
2025-12-22 10:00:00+00:00,LUCKNOW_001,17.6,1001.4,81.0,False,NORMAL
2025-12-22 11:00:00+00:00,LUCKNOW_001,17.5,1001.0,81.0,False,NORMAL
2025-12-22 12:00:00+00:00,LUCKNOW_001,16.8,1001.0,86.0,False,NORMAL
2025-12-22 13:00:00+00:00,LUCKNOW_001,16.8,1001.1,87.0,False,NORMAL
2025-12-22 14:00:00+00:00,LUCKNOW_001,16.0,1001.6,88.0,False,NORMAL
2025-12-22 15:00:00+00:00,LUCKNOW_001,13.1,1001.8,95.0,False,NORMAL
2025-12-22 16:00:00+00:00,LUCKNOW_001,12.7,1001.9,95.0,False,NORMAL
2025-12-22 17:00:00+00:00,LUCKNOW_001,11.9,1001.9,96.0,False,NORMAL
2025-12-22 18:00:00+00:00,LUCKNOW_001,12.2,1001.6,95.0,False,NORMAL
2025-12-22 19:00:00+00:00,LUCKNOW_001,11.9,1001.5,96.0,False,NORMAL
2025-12-22 20:00:00+00:00,LUCKNOW_001,11.3,1001.2,97.0,False,NORMAL
2025-12-22 21:00:00+00:00,LUCKNOW_001,11.2,1001.0,97.0,False,NORMAL
2025-12-22 22:00:00+00:00,LUCKNOW_001,10.9,1001.3,98.0,False,NORMAL
2025-12-22 23:00:00+00:00,LUCKNOW_001,10.7,1000.9,98.0,False,NORMAL
2025-12-23 00:00:00+00:00,LUCKNOW_001,11.4,1001.3,96.0,False,NORMAL
2025-12-23 01:00:00+00:00,LUCKNOW_001,11.5,1001.4,95.0,False,NORMAL
2025-12-23 02:00:00+00:00,LUCKNOW_001,11.9,1002.5,96.0,False,NORMAL
2025-12-23 03:00:00+00:00,LUCKNOW_001,11.7,1002.8,98.0,False,NORMAL
2025-12-23 04:00:00+00:00,LUCKNOW_001,11.7,1003.5,99.0,False,NORMAL
2025-12-23 05:00:00+00:00,LUCKNOW_001,14.4,1003.4,92.0,False,NORMAL
2025-12-23 06:00:00+00:00,LUCKNOW_001,15.8,1002.6,85.0,False,NORMAL
2025-12-23 07:00:00+00:00,LUCKNOW_001,17.2,1001.6,82.0,False,NORMAL
2025-12-23 08:00:00+00:00,LUCKNOW_001,19.9,1000.6,73.0,False,NORMAL
2025-12-23 09:00:00+00:00,LUCKNOW_001,20.6,999.8,70.0,False,NORMAL
2025-12-23 10:00:00+00:00,LUCKNOW_001,17.2,999.7,84.0,False,NORMAL
2025-12-23 11:00:00+00:00,LUCKNOW_001,16.6,999.4,84.0,False,NORMAL
2025-12-23 12:00:00+00:00,LUCKNOW_001,15.8,999.3,89.0,False,NORMAL
2025-12-23 13:00:00+00:00,LUCKNOW_001,15.6,999.6,89.0,False,NORMAL
2025-12-23 14:00:00+00:00,LUCKNOW_001,14.5,1000.1,91.0,False,NORMAL
2025-12-23 15:00:00+00:00,LUCKNOW_001,13.2,1000.2,97.0,False,NORMAL
2025-12-23 16:00:00+00:00,LUCKNOW_001,13.2,1000.4,97.0,False,NORMAL
2025-12-23 17:00:00+00:00,LUCKNOW_001,12.6,1000.3,98.0,False,NORMAL
2025-12-23 18:00:00+00:00,LUCKNOW_001,12.5,1000.0,98.0,False,NORMAL
2025-12-23 19:00:00+00:00,LUCKNOW_001,13.1,999.9,98.0,False,NORMAL
2025-12-23 20:00:00+00:00,LUCKNOW_001,13.1,999.6,97.0,False,NORMAL
2025-12-23 21:00:00+00:00,LUCKNOW_001,13.3,999.4,96.0,False,NORMAL
2025-12-23 22:00:00+00:00,LUCKNOW_001,13.1,999.9,97.0,False,NORMAL
2025-12-23 23:00:00+00:00,LUCKNOW_001,13.1,999.8,96.0,False,NORMAL
2025-12-24 00:00:00+00:00,LUCKNOW_001,13.2,1000.3,93.0,False,NORMAL
2025-12-24 01:00:00+00:00,LUCKNOW_001,12.9,1000.9,94.0,False,NORMAL
2025-12-24 02:00:00+00:00,LUCKNOW_001,13.1,1002.1,93.0,False,NORMAL
2025-12-24 03:00:00+00:00,LUCKNOW_001,13.5,1002.9,91.0,False,NORMAL
2025-12-24 04:00:00+00:00,LUCKNOW_001,13.7,1003.5,88.0,False,NORMAL
2025-12-24 05:00:00+00:00,LUCKNOW_001,16.0,1003.5,80.0,False,NORMAL
2025-12-24 06:00:00+00:00,LUCKNOW_001,17.5,1002.9,72.0,False,NORMAL
2025-12-24 07:00:00+00:00,LUCKNOW_001,17.9,1002.2,69.0,False,NORMAL
2025-12-24 08:00:00+00:00,LUCKNOW_001,19.6,1001.1,60.0,False,NORMAL
2025-12-24 09:00:00+00:00,LUCKNOW_001,19.9,1000.5,58.0,False,NORMAL
2025-12-24 10:00:00+00:00,LUCKNOW_001,18.0,1000.3,72.0,False,NORMAL
2025-12-24 11:00:00+00:00,LUCKNOW_001,17.3,1000.2,76.0,False,NORMAL
2025-12-24 12:00:00+00:00,LUCKNOW_001,16.4,1000.6,82.0,False,NORMAL
2025-12-24 13:00:00+00:00,LUCKNOW_001,15.8,1000.8,86.0,False,NORMAL
2025-12-24 14:00:00+00:00,LUCKNOW_001,14.5,1001.8,89.0,False,NORMAL
2025-12-24 15:00:00+00:00,LUCKNOW_001,11.7,1002.1,96.0,False,NORMAL
2025-12-24 16:00:00+00:00,LUCKNOW_001,12.2,1002.2,97.0,False,NORMAL
2025-12-24 17:00:00+00:00,LUCKNOW_001,11.6,1002.2,99.0,False,NORMAL
2025-12-24 18:00:00+00:00,LUCKNOW_001,11.3,1001.8,99.0,False,NORMAL
2025-12-24 19:00:00+00:00,LUCKNOW_001,11.2,1001.6,99.0,False,NORMAL
2025-12-24 20:00:00+00:00,LUCKNOW_001,10.7,1001.4,100.0,False,NORMAL
2025-12-24 21:00:00+00:00,LUCKNOW_001,11.0,1001.2,99.0,False,NORMAL
2025-12-24 22:00:00+00:00,LUCKNOW_001,8.4,1001.2,100.0,False,NORMAL
2025-12-24 23:00:00+00:00,LUCKNOW_001,8.8,1001.0,100.0,False,NORMAL
2025-12-25 00:00:00+00:00,LUCKNOW_001,9.4,1001.5,98.0,False,NORMAL
2025-12-25 01:00:00+00:00,LUCKNOW_001,9.9,1001.9,97.0,False,NORMAL
2025-12-25 02:00:00+00:00,LUCKNOW_001,10.6,1002.9,96.0,False,NORMAL
2025-12-25 03:00:00+00:00,LUCKNOW_001,9.7,1004.4,100.0,False,NORMAL
2025-12-25 04:00:00+00:00,LUCKNOW_001,9.3,1005.2,100.0,False,NORMAL
2025-12-25 05:00:00+00:00,LUCKNOW_001,13.0,1005.5,95.0,False,NORMAL
2025-12-25 06:00:00+00:00,LUCKNOW_001,15.8,1004.9,81.0,False,NORMAL
2025-12-25 07:00:00+00:00,LUCKNOW_001,17.3,1003.8,66.0,False,NORMAL
2025-12-25 08:00:00+00:00,LUCKNOW_001,19.3,1002.9,59.0,False,NORMAL
2025-12-25 09:00:00+00:00,LUCKNOW_001,19.8,1002.0,58.0,False,NORMAL
2025-12-25 10:00:00+00:00,LUCKNOW_001,17.7,1002.1,70.0,False,NORMAL
2025-12-25 11:00:00+00:00,LUCKNOW_001,17.5,1001.8,73.0,False,NORMAL
2025-12-25 12:00:00+00:00,LUCKNOW_001,17.8,1002.2,70.0,False,NORMAL
2025-12-25 13:00:00+00:00,LUCKNOW_001,17.2,1002.6,72.0,False,NORMAL
2025-12-25 14:00:00+00:00,LUCKNOW_001,15.6,1002.9,78.0,False,NORMAL
2025-12-25 15:00:00+00:00,LUCKNOW_001,12.9,1003.5,90.0,False,NORMAL
2025-12-25 16:00:00+00:00,LUCKNOW_001,12.0,1003.8,93.0,False,NORMAL
2025-12-25 17:00:00+00:00,LUCKNOW_001,11.4,1003.6,95.0,False,NORMAL
2025-12-25 18:00:00+00:00,LUCKNOW_001,11.4,1003.4,95.0,False,NORMAL
2025-12-25 19:00:00+00:00,LUCKNOW_001,11.2,1003.0,96.0,False,NORMAL
2025-12-25 20:00:00+00:00,LUCKNOW_001,10.7,1002.7,96.0,False,NORMAL
2025-12-25 21:00:00+00:00,LUCKNOW_001,9.4,1002.3,98.0,False,NORMAL
2025-12-25 22:00:00+00:00,LUCKNOW_001,11.1,1002.2,91.0,False,NORMAL
2025-12-25 23:00:00+00:00,LUCKNOW_001,9.7,1002.4,95.0,False,NORMAL
2025-12-26 00:00:00+00:00,LUCKNOW_001,9.8,1002.3,94.0,False,NORMAL
2025-12-26 01:00:00+00:00,LUCKNOW_001,9.5,1002.8,93.0,False,NORMAL
2025-12-26 02:00:00+00:00,LUCKNOW_001,10.0,1003.8,95.0,False,NORMAL
2025-12-26 03:00:00+00:00,LUCKNOW_001,11.7,1005.0,90.0,False,NORMAL
2025-12-26 04:00:00+00:00,LUCKNOW_001,12.6,1005.6,87.0,False,NORMAL
2025-12-26 05:00:00+00:00,LUCKNOW_001,15.2,1005.8,78.0,False,NORMAL
2025-12-26 06:00:00+00:00,LUCKNOW_001,17.3,1004.8,71.0,False,NORMAL
2025-12-26 07:00:00+00:00,LUCKNOW_001,17.7,1003.8,70.0,False,NORMAL
2025-12-26 08:00:00+00:00,LUCKNOW_001,19.0,1002.8,63.0,False,NORMAL
2025-12-26 09:00:00+00:00,LUCKNOW_001,19.1,1002.0,62.0,False,NORMAL
2025-12-26 10:00:00+00:00,LUCKNOW_001,16.8,1001.7,74.0,False,NORMAL
2025-12-26 11:00:00+00:00,LUCKNOW_001,16.5,1001.9,76.0,False,NORMAL
2025-12-26 12:00:00+00:00,LUCKNOW_001,15.6,1001.7,80.0,False,NORMAL
2025-12-26 13:00:00+00:00,LUCKNOW_001,14.9,1002.4,85.0,False,NORMAL
2025-12-26 14:00:00+00:00,LUCKNOW_001,14.3,1002.5,88.0,False,NORMAL
2025-12-26 15:00:00+00:00,LUCKNOW_001,11.2,1003.0,98.0,False,NORMAL
2025-12-26 16:00:00+00:00,LUCKNOW_001,11.4,1002.7,97.0,False,NORMAL
2025-12-26 17:00:00+00:00,LUCKNOW_001,10.6,1002.8,99.0,False,NORMAL
2025-12-26 18:00:00+00:00,LUCKNOW_001,10.8,1002.3,98.0,False,NORMAL
2025-12-26 19:00:00+00:00,LUCKNOW_001,11.1,1002.3,97.0,False,NORMAL
2025-12-26 20:00:00+00:00,LUCKNOW_001,10.4,1001.8,97.0,False,NORMAL
2025-12-26 21:00:00+00:00,LUCKNOW_001,10.9,1001.7,96.0,False,NORMAL
2025-12-26 22:00:00+00:00,LUCKNOW_001,10.0,1001.7,98.0,False,NORMAL
2025-12-26 23:00:00+00:00,LUCKNOW_001,10.3,1001.5,97.0,False,NORMAL
2025-12-27 00:00:00+00:00,LUCKNOW_001,11.0,1001.5,92.0,False,NORMAL
2025-12-27 01:00:00+00:00,LUCKNOW_001,11.0,1002.2,92.0,False,NORMAL
2025-12-27 02:00:00+00:00,LUCKNOW_001,11.3,1003.6,94.0,False,NORMAL
2025-12-27 03:00:00+00:00,LUCKNOW_001,11.8,1004.4,92.0,False,NORMAL
2025-12-27 04:00:00+00:00,LUCKNOW_001,12.1,1005.2,92.0,False,NORMAL
2025-12-27 05:00:00+00:00,LUCKNOW_001,14.6,1005.7,82.0,False,NORMAL
2025-12-27 06:00:00+00:00,LUCKNOW_001,15.9,1004.8,75.0,False,NORMAL
2025-12-27 07:00:00+00:00,LUCKNOW_001,15.9,1003.9,75.0,False,NORMAL
2025-12-27 08:00:00+00:00,LUCKNOW_001,17.8,1002.9,69.0,False,NORMAL
2025-12-27 09:00:00+00:00,LUCKNOW_001,18.0,1002.4,66.0,False,NORMAL
2025-12-27 10:00:00+00:00,LUCKNOW_001,15.7,1002.0,78.0,False,NORMAL
2025-12-27 11:00:00+00:00,LUCKNOW_001,15.7,1002.0,78.0,False,NORMAL
2025-12-27 12:00:00+00:00,LUCKNOW_001,14.5,1002.2,84.0,False,NORMAL
2025-12-27 13:00:00+00:00,LUCKNOW_001,14.3,1002.5,85.0,False,NORMAL
2025-12-27 14:00:00+00:00,LUCKNOW_001,13.8,1003.1,86.0,False,NORMAL
2025-12-27 15:00:00+00:00,LUCKNOW_001,12.0,1003.5,93.0,False,NORMAL
2025-12-27 16:00:00+00:00,LUCKNOW_001,12.3,1003.4,92.0,False,NORMAL
2025-12-27 17:00:00+00:00,LUCKNOW_001,11.9,1003.3,95.0,False,NORMAL
2025-12-27 18:00:00+00:00,LUCKNOW_001,12.0,1003.2,95.0,False,NORMAL
2025-12-27 19:00:00+00:00,LUCKNOW_001,11.9,1002.7,96.0,False,NORMAL
2025-12-27 20:00:00+00:00,LUCKNOW_001,11.4,1002.8,97.0,False,NORMAL
2025-12-27 21:00:00+00:00,LUCKNOW_001,11.1,1002.5,97.0,False,NORMAL
2025-12-27 22:00:00+00:00,LUCKNOW_001,11.0,1002.5,97.0,False,NORMAL
2025-12-27 23:00:00+00:00,LUCKNOW_001,10.7,1002.6,97.0,False,NORMAL
2025-12-28 00:00:00+00:00,LUCKNOW_001,11.2,1002.6,94.0,False,NORMAL
2025-12-28 01:00:00+00:00,LUCKNOW_001,10.8,1003.6,95.0,False,NORMAL
2025-12-28 02:00:00+00:00,LUCKNOW_001,11.1,1004.5,94.0,False,NORMAL
2025-12-28 03:00:00+00:00,LUCKNOW_001,11.0,1005.5,96.0,False,NORMAL
2025-12-28 04:00:00+00:00,LUCKNOW_001,11.2,1006.4,96.0,False,NORMAL
2025-12-28 05:00:00+00:00,LUCKNOW_001,13.6,1006.6,85.0,False,NORMAL
2025-12-28 06:00:00+00:00,LUCKNOW_001,15.2,1005.8,78.0,False,NORMAL
2025-12-28 07:00:00+00:00,LUCKNOW_001,14.9,1004.9,79.0,False,NORMAL
2025-12-28 08:00:00+00:00,LUCKNOW_001,15.8,1003.7,75.0,False,NORMAL
2025-12-28 09:00:00+00:00,LUCKNOW_001,15.9,1003.1,72.0,False,NORMAL
2025-12-28 10:00:00+00:00,LUCKNOW_001,15.1,1003.0,80.0,False,NORMAL
2025-12-28 11:00:00+00:00,LUCKNOW_001,15.1,1003.1,79.0,False,NORMAL
2025-12-28 12:00:00+00:00,LUCKNOW_001,15.1,1003.1,81.0,False,NORMAL
2025-12-28 13:00:00+00:00,LUCKNOW_001,15.3,1003.6,81.0,False,NORMAL
2025-12-28 14:00:00+00:00,LUCKNOW_001,14.6,1004.0,83.0,False,NORMAL
2025-12-28 15:00:00+00:00,LUCKNOW_001,13.9,1004.4,89.0,False,NORMAL
2025-12-28 16:00:00+00:00,LUCKNOW_001,13.5,1004.6,91.0,False,NORMAL
2025-12-28 17:00:00+00:00,LUCKNOW_001,13.1,1004.1,95.0,False,NORMAL
2025-12-28 18:00:00+00:00,LUCKNOW_001,12.7,1003.7,96.0,False,NORMAL
2025-12-28 19:00:00+00:00,LUCKNOW_001,13.1,1003.2,95.0,False,NORMAL
2025-12-28 20:00:00+00:00,LUCKNOW_001,12.7,1002.9,95.0,False,NORMAL
2025-12-28 21:00:00+00:00,LUCKNOW_001,12.0,1002.6,96.0,False,NORMAL
2025-12-28 22:00:00+00:00,LUCKNOW_001,12.0,1002.8,95.0,False,NORMAL
2025-12-28 23:00:00+00:00,LUCKNOW_001,11.6,1002.8,94.0,False,NORMAL
2025-12-29 00:00:00+00:00,LUCKNOW_001,11.7,1002.9,90.0,False,NORMAL
2025-12-29 01:00:00+00:00,LUCKNOW_001,11.6,1003.7,89.0,False,NORMAL
2025-12-29 02:00:00+00:00,LUCKNOW_001,11.5,1004.4,88.0,False,NORMAL
2025-12-29 03:00:00+00:00,LUCKNOW_001,12.3,1005.4,86.0,False,NORMAL
2025-12-29 04:00:00+00:00,LUCKNOW_001,12.5,1005.9,86.0,False,NORMAL
2025-12-29 05:00:00+00:00,LUCKNOW_001,13.8,1006.1,82.0,False,NORMAL
2025-12-29 06:00:00+00:00,LUCKNOW_001,14.6,1005.3,79.0,False,NORMAL
2025-12-29 07:00:00+00:00,LUCKNOW_001,14.8,1004.4,77.0,False,NORMAL
2025-12-29 08:00:00+00:00,LUCKNOW_001,16.0,1003.3,69.0,False,NORMAL
2025-12-29 09:00:00+00:00,LUCKNOW_001,16.8,1002.3,68.0,False,NORMAL
2025-12-29 10:00:00+00:00,LUCKNOW_001,15.1,1002.5,78.0,False,NORMAL
2025-12-29 11:00:00+00:00,LUCKNOW_001,14.9,1002.1,79.0,False,NORMAL
2025-12-29 12:00:00+00:00,LUCKNOW_001,14.5,1002.6,82.0,False,NORMAL
2025-12-29 13:00:00+00:00,LUCKNOW_001,14.4,1003.0,82.0,False,NORMAL
2025-12-29 14:00:00+00:00,LUCKNOW_001,13.8,1003.5,84.0,False,NORMAL
2025-12-29 15:00:00+00:00,LUCKNOW_001,11.4,1003.6,93.0,False,NORMAL
2025-12-29 16:00:00+00:00,LUCKNOW_001,11.2,1003.5,93.0,False,NORMAL
2025-12-29 17:00:00+00:00,LUCKNOW_001,9.9,1003.4,97.0,False,NORMAL
2025-12-29 18:00:00+00:00,LUCKNOW_001,10.0,1003.3,96.0,False,NORMAL
2025-12-29 19:00:00+00:00,LUCKNOW_001,9.9,1002.7,96.0,False,NORMAL
2025-12-29 20:00:00+00:00,LUCKNOW_001,9.4,1002.4,97.0,False,NORMAL
2025-12-29 21:00:00+00:00,LUCKNOW_001,9.2,1002.1,98.0,False,NORMAL
2025-12-29 22:00:00+00:00,LUCKNOW_001,9.0,1001.8,97.0,False,NORMAL
2025-12-29 23:00:00+00:00,LUCKNOW_001,8.6,1000.9,98.0,False,NORMAL
2025-12-30 00:00:00+00:00,LUCKNOW_001,9.4,1001.4,96.0,False,NORMAL
2025-12-30 01:00:00+00:00,LUCKNOW_001,9.8,1001.6,95.0,False,NORMAL
2025-12-30 02:00:00+00:00,LUCKNOW_001,9.9,1002.4,94.0,False,NORMAL
2025-12-30 03:00:00+00:00,LUCKNOW_001,9.7,1003.0,97.0,False,NORMAL
2025-12-30 04:00:00+00:00,LUCKNOW_001,9.8,1003.5,100.0,False,NORMAL
2025-12-30 05:00:00+00:00,LUCKNOW_001,12.5,1003.5,91.0,False,NORMAL
2025-12-30 06:00:00+00:00,LUCKNOW_001,13.6,1002.5,85.0,False,NORMAL
2025-12-30 07:00:00+00:00,LUCKNOW_001,14.5,1001.4,81.0,False,NORMAL
2025-12-30 08:00:00+00:00,LUCKNOW_001,16.7,1000.3,72.0,False,NORMAL
2025-12-30 09:00:00+00:00,LUCKNOW_001,17.2,999.4,67.0,False,NORMAL
2025-12-30 10:00:00+00:00,LUCKNOW_001,14.9,998.9,82.0,False,NORMAL
2025-12-30 11:00:00+00:00,LUCKNOW_001,14.9,998.4,82.0,False,NORMAL
2025-12-30 12:00:00+00:00,LUCKNOW_001,15.2,998.7,81.0,False,NORMAL
2025-12-30 13:00:00+00:00,LUCKNOW_001,14.8,999.4,84.0,False,NORMAL
2025-12-30 14:00:00+00:00,LUCKNOW_001,13.8,1000.2,88.0,False,NORMAL
2025-12-30 15:00:00+00:00,LUCKNOW_001,9.6,1000.7,100.0,False,NORMAL
2025-12-30 16:00:00+00:00,LUCKNOW_001,9.5,1000.8,100.0,False,NORMAL
2025-12-30 17:00:00+00:00,LUCKNOW_001,8.7,1000.9,100.0,False,NORMAL
2025-12-30 18:00:00+00:00,LUCKNOW_001,9.0,1000.4,100.0,False,NORMAL
2025-12-30 19:00:00+00:00,LUCKNOW_001,8.9,1000.5,100.0,False,NORMAL
2025-12-30 20:00:00+00:00,LUCKNOW_001,8.4,1000.2,100.0,False,NORMAL
2025-12-30 21:00:00+00:00,LUCKNOW_001,8.7,1000.3,100.0,False,NORMAL
2025-12-30 22:00:00+00:00,LUCKNOW_001,8.8,1000.1,98.0,False,NORMAL
2025-12-30 23:00:00+00:00,LUCKNOW_001,8.7,999.4,98.0,False,NORMAL
2025-12-31 00:00:00+00:00,LUCKNOW_001,9.4,999.9,96.0,False,NORMAL
2025-12-31 01:00:00+00:00,LUCKNOW_001,9.2,1000.2,96.0,False,NORMAL
2025-12-31 02:00:00+00:00,LUCKNOW_001,9.7,1001.2,96.0,False,NORMAL
2025-12-31 03:00:00+00:00,LUCKNOW_001,10.3,1002.0,96.0,False,NORMAL
2025-12-31 04:00:00+00:00,LUCKNOW_001,11.0,1002.4,94.0,False,NORMAL
2025-12-31 05:00:00+00:00,LUCKNOW_001,13.3,1002.5,85.0,False,NORMAL
2025-12-31 06:00:00+00:00,LUCKNOW_001,15.3,1002.0,75.0,False,NORMAL
2025-12-31 07:00:00+00:00,LUCKNOW_001,15.8,1000.7,76.0,False,NORMAL
2025-12-31 08:00:00+00:00,LUCKNOW_001,17.2,999.6,68.0,False,NORMAL
2025-12-31 09:00:00+00:00,LUCKNOW_001,16.9,998.5,68.0,False,NORMAL
2025-12-31 10:00:00+00:00,LUCKNOW_001,15.2,997.8,81.0,False,NORMAL
2025-12-31 11:00:00+00:00,LUCKNOW_001,15.2,997.8,80.0,False,NORMAL
2025-12-31 12:00:00+00:00,LUCKNOW_001,14.9,998.1,86.0,False,NORMAL
2025-12-31 13:00:00+00:00,LUCKNOW_001,14.2,998.7,87.0,False,NORMAL
2025-12-31 14:00:00+00:00,LUCKNOW_001,13.3,999.5,90.0,False,NORMAL
2025-12-31 15:00:00+00:00,LUCKNOW_001,10.9,1000.1,95.0,False,NORMAL
2025-12-31 16:00:00+00:00,LUCKNOW_001,11.2,1000.3,94.0,False,NORMAL
2025-12-31 17:00:00+00:00,LUCKNOW_001,10.0,1000.5,97.0,False,NORMAL
2025-12-31 18:00:00+00:00,LUCKNOW_001,10.0,1000.1,97.0,False,NORMAL
2025-12-31 19:00:00+00:00,LUCKNOW_001,10.0,999.7,96.0,False,NORMAL
2025-12-31 20:00:00+00:00,LUCKNOW_001,9.5,999.6,97.0,False,NORMAL
2025-12-31 21:00:00+00:00,LUCKNOW_001,9.0,999.5,97.0,False,NORMAL
2025-12-31 22:00:00+00:00,LUCKNOW_001,8.3,998.8,97.0,False,NORMAL
2025-12-31 23:00:00+00:00,LUCKNOW_001,7.7,998.9,98.0,False,NORMAL
